t=2026-04-19T01:02:55+0530 lvl=info msg="no configuration paths supplied"
t=2026-04-19T01:02:55+0530 lvl=info msg="using configuration at default config path" path="/Users/roshanajith/Library/Application Support/ngrok/ngrok.yml"
t=2026-04-19T01:02:55+0530 lvl=info msg="open config file" path="/Users/roshanajith/Library/Application Support/ngrok/ngrok.yml" err=nil
t=2026-04-19T01:02:55+0530 lvl=info msg="FIPS 140 mode" enabled=false
t=2026-04-19T01:02:55+0530 lvl=warn msg="can't bind default web address, trying alternatives" obj=web addr=127.0.0.1:4040
t=2026-04-19T01:02:55+0530 lvl=info msg="starting web service" obj=web addr=127.0.0.1:4041 allow_hosts=[]
t=2026-04-19T01:02:56+0530 lvl=info msg="client session established" obj=tunnels.session
t=2026-04-19T01:02:56+0530 lvl=info msg="tunnel session started" obj=tunnels.session
t=2026-04-19T01:02:56+0530 lvl=info msg="started tunnel" obj=tunnels name=command_line addr=http://localhost:8000 url=https://bedb-103-97-164-99.ngrok-free.app
t=2026-04-19T01:03:20+0530 lvl=info msg="join connections" obj=join id=8fb700fd53cb l=127.0.0.1:8000 r=103.97.164.99:64811
t=2026-04-19T01:03:26+0530 lvl=info msg="join connections" obj=join id=9d4cbc6af0d9 l=127.0.0.1:8000 r=103.97.164.99:64811
t=2026-04-19T01:03:48+0530 lvl=info msg="join connections" obj=join id=0980971e97fc l=127.0.0.1:8000 r=103.97.164.99:64813
t=2026-04-19T01:03:50+0530 lvl=info msg="join connections" obj=join id=67e3cd7a0a19 l=127.0.0.1:8000 r=103.97.164.99:64813
t=2026-04-19T01:05:08+0530 lvl=info msg="join connections" obj=join id=bf3f85a595eb l=127.0.0.1:8000 r=103.97.164.99:64838
t=2026-04-19T01:05:19+0530 lvl=info msg="join connections" obj=join id=a0fcbf95d95d l=127.0.0.1:8000 r=103.97.164.99:64838
t=2026-04-19T01:06:35+0530 lvl=info msg="join connections" obj=join id=1b4f82a73fc3 l=127.0.0.1:8000 r=103.97.164.99:64844
t=2026-04-19T01:06:40+0530 lvl=info msg="join connections" obj=join id=689aedda8662 l=127.0.0.1:8000 r=103.97.164.99:64844
t=2026-04-19T07:45:05+0530 lvl=eror msg="heartbeat timeout, terminating session" obj=tunnels.session obj=csess id=01055d7d9d9d clientid=56322deaaab94c7a65b4f7a1c7b54fda
t=2026-04-19T07:45:05+0530 lvl=eror msg="session closed, starting reconnect loop" obj=tunnels.session obj=csess id=bdf794c71f57 err="session closed"
t=2026-04-19T07:45:09+0530 lvl=info msg="client session established" obj=tunnels.session
t=2026-04-19T07:45:09+0530 lvl=info msg="tunnel session started" obj=tunnels.session
t=2026-04-19T07:45:47+0530 lvl=eror msg="heartbeat timeout, terminating session" obj=tunnels.session obj=csess id=0a0394dafa4c clientid=56322deaaab94c7a65b4f7a1c7b54fda
t=2026-04-19T07:45:47+0530 lvl=eror msg="session closed, starting reconnect loop" obj=tunnels.session obj=csess id=bdf794c71f57 err="session closed"
t=2026-04-19T07:45:57+0530 lvl=eror msg="failed to reconnect session" obj=tunnels.session err="failed to send authentication request: failed to fetch CRL. errors encountered: timed out fetching CRL"
t=2026-04-19T07:45:59+0530 lvl=info msg="client session established" obj=tunnels.session
t=2026-04-19T07:45:59+0530 lvl=info msg="tunnel session started" obj=tunnels.session
t=2026-04-19T07:46:23+0530 lvl=eror msg="heartbeat timeout, terminating session" obj=tunnels.session obj=csess id=b8e6561b0a5d clientid=56322deaaab94c7a65b4f7a1c7b54fda
t=2026-04-19T07:46:23+0530 lvl=eror msg="session closed, starting reconnect loop" obj=tunnels.session obj=csess id=bdf794c71f57 err="session closed"
t=2026-04-19T07:46:33+0530 lvl=eror msg="failed to reconnect session" obj=tunnels.session err="failed to send authentication request: failed to fetch CRL. errors encountered: timed out fetching CRL"
t=2026-04-19T07:46:34+0530 lvl=info msg="client session established" obj=tunnels.session
t=2026-04-19T07:46:34+0530 lvl=info msg="tunnel session started" obj=tunnels.session
t=2026-04-19T12:42:47+0530 lvl=eror msg="heartbeat timeout, terminating session" obj=tunnels.session obj=csess id=fdac869d947f clientid=56322deaaab94c7a65b4f7a1c7b54fda
t=2026-04-19T12:42:47+0530 lvl=eror msg="session closed, starting reconnect loop" obj=tunnels.session obj=csess id=bdf794c71f57 err="session closed"
t=2026-04-19T12:44:46+0530 lvl=eror msg="heartbeat timeout, terminating session" obj=tunnels.session obj=csess id=23e5856db7d0 clientid=56322deaaab94c7a65b4f7a1c7b54fda
t=2026-04-19T12:44:46+0530 lvl=eror msg="failed to reconnect session" obj=tunnels.session err="session closed"
t=2026-04-19T12:45:42+0530 lvl=eror msg="failed to reconnect session" obj=tunnels.session err="failed to dial ngrok server with address \"connect.ngrok-agent.com:443\": dial tcp: lookup connect.ngrok-agent.com: no such host"
t=2026-04-19T12:45:43+0530 lvl=eror msg="failed to reconnect session" obj=tunnels.session err="failed to dial ngrok server with address \"connect.ngrok-agent.com:443\": dial tcp: lookup connect.ngrok-agent.com: no such host"
t=2026-04-19T12:45:45+0530 lvl=eror msg="failed to reconnect session" obj=tunnels.session err="failed to dial ngrok server with address \"connect.ngrok-agent.com:443\": dial tcp: lookup connect.ngrok-agent.com: no such host"
t=2026-04-19T12:45:50+0530 lvl=info msg="client session established" obj=tunnels.session
t=2026-04-19T12:45:50+0530 lvl=info msg="tunnel session started" obj=tunnels.session
t=2026-04-19T12:47:51+0530 lvl=eror msg="heartbeat timeout, terminating session" obj=tunnels.session obj=csess id=1926b11e84ee clientid=56322deaaab94c7a65b4f7a1c7b54fda
t=2026-04-19T12:47:51+0530 lvl=eror msg="session closed, starting reconnect loop" obj=tunnels.session obj=csess id=bdf794c71f57 err="session closed"
t=2026-04-19T12:47:51+0530 lvl=info msg="client session established" obj=tunnels.session
t=2026-04-19T12:47:51+0530 lvl=info msg="tunnel session started" obj=tunnels.session
t=2026-04-19T13:20:16+0530 lvl=eror msg="heartbeat timeout, terminating session" obj=tunnels.session obj=csess id=356929148d53 clientid=56322deaaab94c7a65b4f7a1c7b54fda
t=2026-04-19T13:20:16+0530 lvl=eror msg="session closed, starting reconnect loop" obj=tunnels.session obj=csess id=bdf794c71f57 err="session closed"
t=2026-04-19T13:20:16+0530 lvl=eror msg="failed to reconnect session" obj=tunnels.session err="failed to dial ngrok server with address \"connect.ngrok-agent.com:443\": dial tcp: lookup connect.ngrok-agent.com: no such host"
t=2026-04-19T13:20:17+0530 lvl=eror msg="failed to reconnect session" obj=tunnels.session err="failed to dial ngrok server with address \"connect.ngrok-agent.com:443\": dial tcp: lookup connect.ngrok-agent.com: no such host"
t=2026-04-19T13:20:18+0530 lvl=eror msg="failed to reconnect session" obj=tunnels.session err="failed to dial ngrok server with address \"connect.ngrok-agent.com:443\": dial tcp: lookup connect.ngrok-agent.com: no such host"
t=2026-04-19T13:20:20+0530 lvl=eror msg="failed to reconnect session" obj=tunnels.session err="failed to dial ngrok server with address \"connect.ngrok-agent.com:443\": dial tcp: lookup connect.ngrok-agent.com: no such host"
t=2026-04-19T13:20:32+0530 lvl=info msg="client session established" obj=tunnels.session
t=2026-04-19T13:20:32+0530 lvl=info msg="tunnel session started" obj=tunnels.session
t=2026-04-19T17:38:11+0530 lvl=eror msg="heartbeat timeout, terminating session" obj=tunnels.session obj=csess id=fd41863bfbf2 clientid=56322deaaab94c7a65b4f7a1c7b54fda
t=2026-04-19T17:38:11+0530 lvl=eror msg="session closed, starting reconnect loop" obj=tunnels.session obj=csess id=bdf794c71f57 err="session closed"
t=2026-04-19T17:38:11+0530 lvl=info msg="client session established" obj=tunnels.session
t=2026-04-19T17:38:11+0530 lvl=info msg="tunnel session started" obj=tunnels.session
t=2026-04-19T17:44:34+0530 lvl=eror msg="heartbeat timeout, terminating session" obj=tunnels.session obj=csess id=bffcd1c8bacf clientid=56322deaaab94c7a65b4f7a1c7b54fda
t=2026-04-19T17:44:34+0530 lvl=eror msg="session closed, starting reconnect loop" obj=tunnels.session obj=csess id=bdf794c71f57 err="session closed"
t=2026-04-19T17:44:34+0530 lvl=eror msg="failed to reconnect session" obj=tunnels.session err="failed to dial ngrok server with address \"connect.ngrok-agent.com:443\": dial tcp: lookup connect.ngrok-agent.com: no such host"
t=2026-04-19T17:44:35+0530 lvl=eror msg="failed to reconnect session" obj=tunnels.session err="failed to dial ngrok server with address \"connect.ngrok-agent.com:443\": dial tcp: lookup connect.ngrok-agent.com: no such host"
t=2026-04-19T17:44:36+0530 lvl=eror msg="failed to reconnect session" obj=tunnels.session err="failed to dial ngrok server with address \"connect.ngrok-agent.com:443\": dial tcp: lookup connect.ngrok-agent.com: no such host"
t=2026-04-19T17:44:38+0530 lvl=eror msg="failed to reconnect session" obj=tunnels.session err="failed to dial ngrok server with address \"connect.ngrok-agent.com:443\": dial tcp: lookup connect.ngrok-agent.com: no such host"
t=2026-04-19T17:44:42+0530 lvl=info msg="client session established" obj=tunnels.session
t=2026-04-19T17:44:42+0530 lvl=info msg="tunnel session started" obj=tunnels.session
t=2026-04-19T17:46:39+0530 lvl=eror msg="heartbeat timeout, terminating session" obj=tunnels.session obj=csess id=1f568a2d8861 clientid=56322deaaab94c7a65b4f7a1c7b54fda
t=2026-04-19T17:46:39+0530 lvl=eror msg="session closed, starting reconnect loop" obj=tunnels.session obj=csess id=bdf794c71f57 err="session closed"
t=2026-04-19T17:46:39+0530 lvl=info msg="client session established" obj=tunnels.session
t=2026-04-19T17:46:39+0530 lvl=info msg="tunnel session started" obj=tunnels.session
t=2026-04-19T17:49:08+0530 lvl=eror msg="heartbeat timeout, terminating session" obj=tunnels.session obj=csess id=498420de868a clientid=56322deaaab94c7a65b4f7a1c7b54fda
t=2026-04-19T17:49:08+0530 lvl=eror msg="session closed, starting reconnect loop" obj=tunnels.session obj=csess id=bdf794c71f57 err="session closed"
t=2026-04-19T17:49:09+0530 lvl=info msg="client session established" obj=tunnels.session
t=2026-04-19T17:49:09+0530 lvl=info msg="tunnel session started" obj=tunnels.session
t=2026-04-19T17:50:58+0530 lvl=eror msg="heartbeat timeout, terminating session" obj=tunnels.session obj=csess id=6a54110bd6d1 clientid=56322deaaab94c7a65b4f7a1c7b54fda
t=2026-04-19T17:50:58+0530 lvl=eror msg="session closed, starting reconnect loop" obj=tunnels.session obj=csess id=bdf794c71f57 err="session closed"
t=2026-04-19T17:50:59+0530 lvl=info msg="client session established" obj=tunnels.session
t=2026-04-19T17:50:59+0530 lvl=info msg="tunnel session started" obj=tunnels.session
t=2026-04-19T17:52:06+0530 lvl=eror msg="session closed, starting reconnect loop" obj=tunnels.session obj=csess id=bdf794c71f57 err="read EOF from remote peer"
t=2026-04-19T17:52:07+0530 lvl=info msg="client session established" obj=tunnels.session
t=2026-04-19T17:52:07+0530 lvl=info msg="tunnel session started" obj=tunnels.session
t=2026-04-19T17:53:13+0530 lvl=eror msg="heartbeat timeout, terminating session" obj=tunnels.session obj=csess id=0128da2d0e26 clientid=56322deaaab94c7a65b4f7a1c7b54fda
t=2026-04-19T17:54:13+0530 lvl=eror msg="heartbeat timeout, terminating session" obj=tunnels.session obj=csess id=8c0083c1b872 clientid=56322deaaab94c7a65b4f7a1c7b54fda
t=2026-04-19T17:54:13+0530 lvl=eror msg="session closed, starting reconnect loop" obj=tunnels.session obj=csess id=bdf794c71f57 err="session closed"
t=2026-04-19T17:54:13+0530 lvl=info msg="client session established" obj=tunnels.session
t=2026-04-19T17:54:13+0530 lvl=info msg="tunnel session started" obj=tunnels.session
t=2026-04-19T17:56:20+0530 lvl=eror msg="heartbeat timeout, terminating session" obj=tunnels.session obj=csess id=4909f471d49d clientid=56322deaaab94c7a65b4f7a1c7b54fda
t=2026-04-19T17:56:20+0530 lvl=eror msg="session closed, starting reconnect loop" obj=tunnels.session obj=csess id=bdf794c71f57 err="session closed"
t=2026-04-19T17:56:20+0530 lvl=info msg="client session established" obj=tunnels.session
t=2026-04-19T17:56:20+0530 lvl=info msg="tunnel session started" obj=tunnels.session
t=2026-04-19T17:58:11+0530 lvl=eror msg="heartbeat timeout, terminating session" obj=tunnels.session obj=csess id=e3ac33b5abdf clientid=56322deaaab94c7a65b4f7a1c7b54fda
t=2026-04-19T17:58:11+0530 lvl=eror msg="session closed, starting reconnect loop" obj=tunnels.session obj=csess id=bdf794c71f57 err="session closed"
t=2026-04-19T18:00:02+0530 lvl=info msg="client session established" obj=tunnels.session
t=2026-04-19T18:00:02+0530 lvl=eror msg="session closed, starting reconnect loop" obj=tunnels.session obj=csess id=bdf794c71f57 err="read EOF from remote peer"
t=2026-04-19T18:00:02+0530 lvl=info msg="tunnel session started" obj=tunnels.session
t=2026-04-19T18:00:03+0530 lvl=info msg="client session established" obj=tunnels.session
t=2026-04-19T18:00:03+0530 lvl=info msg="tunnel session started" obj=tunnels.session
t=2026-04-19T18:00:06+0530 lvl=eror msg="heartbeat timeout, terminating session" obj=tunnels.session obj=csess id=cd5abddf25ed clientid=56322deaaab94c7a65b4f7a1c7b54fda
t=2026-04-19T18:01:01+0530 lvl=eror msg="session closed, starting reconnect loop" obj=tunnels.session obj=csess id=bdf794c71f57 err="read EOF from remote peer"
t=2026-04-19T18:02:38+0530 lvl=eror msg="heartbeat timeout, terminating session" obj=tunnels.session obj=csess id=5092cc5fa602 clientid=56322deaaab94c7a65b4f7a1c7b54fda
t=2026-04-19T18:03:38+0530 lvl=eror msg="heartbeat timeout, terminating session" obj=tunnels.session obj=csess id=30aa588ce88c clientid=56322deaaab94c7a65b4f7a1c7b54fda
t=2026-04-19T18:03:38+0530 lvl=eror msg="failed to reconnect session" obj=tunnels.session err="session closed"
t=2026-04-19T18:03:39+0530 lvl=info msg="client session established" obj=tunnels.session
t=2026-04-19T18:03:39+0530 lvl=info msg="tunnel session started" obj=tunnels.session
t=2026-04-19T18:06:35+0530 lvl=eror msg="heartbeat timeout, terminating session" obj=tunnels.session obj=csess id=eb0eb1500609 clientid=56322deaaab94c7a65b4f7a1c7b54fda
t=2026-04-19T18:06:35+0530 lvl=eror msg="session closed, starting reconnect loop" obj=tunnels.session obj=csess id=bdf794c71f57 err="session closed"
t=2026-04-19T18:06:35+0530 lvl=eror msg="failed to reconnect session" obj=tunnels.session err="failed to dial ngrok server with address \"connect.ngrok-agent.com:443\": dial tcp: lookup connect.ngrok-agent.com: no such host"
t=2026-04-19T18:06:36+0530 lvl=eror msg="failed to reconnect session" obj=tunnels.session err="failed to dial ngrok server with address \"connect.ngrok-agent.com:443\": dial tcp: lookup connect.ngrok-agent.com: no such host"
t=2026-04-19T18:06:37+0530 lvl=eror msg="failed to reconnect session" obj=tunnels.session err="failed to dial ngrok server with address \"connect.ngrok-agent.com:443\": dial tcp: lookup connect.ngrok-agent.com: no such host"
t=2026-04-19T18:06:39+0530 lvl=eror msg="failed to reconnect session" obj=tunnels.session err="failed to dial ngrok server with address \"connect.ngrok-agent.com:443\": dial tcp: lookup connect.ngrok-agent.com: no such host"
t=2026-04-19T18:06:44+0530 lvl=info msg="client session established" obj=tunnels.session
t=2026-04-19T18:06:44+0530 lvl=info msg="tunnel session started" obj=tunnels.session
t=2026-04-19T18:08:41+0530 lvl=eror msg="heartbeat timeout, terminating session" obj=tunnels.session obj=csess id=5dc837e3f6f3 clientid=56322deaaab94c7a65b4f7a1c7b54fda
t=2026-04-19T18:08:41+0530 lvl=eror msg="session closed, starting reconnect loop" obj=tunnels.session obj=csess id=bdf794c71f57 err="session closed"
t=2026-04-19T18:08:42+0530 lvl=info msg="client session established" obj=tunnels.session
t=2026-04-19T18:08:42+0530 lvl=info msg="tunnel session started" obj=tunnels.session
t=2026-04-19T18:11:31+0530 lvl=eror msg="heartbeat timeout, terminating session" obj=tunnels.session obj=csess id=0cbcdd1c9d85 clientid=56322deaaab94c7a65b4f7a1c7b54fda
t=2026-04-19T18:11:31+0530 lvl=eror msg="session closed, starting reconnect loop" obj=tunnels.session obj=csess id=bdf794c71f57 err="session closed"
t=2026-04-19T18:11:32+0530 lvl=info msg="client session established" obj=tunnels.session
t=2026-04-19T18:11:32+0530 lvl=info msg="tunnel session started" obj=tunnels.session
t=2026-04-19T18:13:33+0530 lvl=eror msg="heartbeat timeout, terminating session" obj=tunnels.session obj=csess id=55c990c88567 clientid=56322deaaab94c7a65b4f7a1c7b54fda
t=2026-04-19T18:13:33+0530 lvl=eror msg="session closed, starting reconnect loop" obj=tunnels.session obj=csess id=bdf794c71f57 err="session closed"
t=2026-04-19T18:13:33+0530 lvl=info msg="client session established" obj=tunnels.session
t=2026-04-19T18:13:33+0530 lvl=info msg="tunnel session started" obj=tunnels.session
t=2026-04-19T18:15:32+0530 lvl=eror msg="heartbeat timeout, terminating session" obj=tunnels.session obj=csess id=21f012f2142b clientid=56322deaaab94c7a65b4f7a1c7b54fda
t=2026-04-19T18:15:32+0530 lvl=eror msg="session closed, starting reconnect loop" obj=tunnels.session obj=csess id=bdf794c71f57 err="session closed"
t=2026-04-19T18:15:33+0530 lvl=info msg="client session established" obj=tunnels.session
t=2026-04-19T18:15:33+0530 lvl=info msg="tunnel session started" obj=tunnels.session
t=2026-04-19T18:17:36+0530 lvl=eror msg="heartbeat timeout, terminating session" obj=tunnels.session obj=csess id=c4b219482f9e clientid=56322deaaab94c7a65b4f7a1c7b54fda
t=2026-04-19T18:17:36+0530 lvl=eror msg="session closed, starting reconnect loop" obj=tunnels.session obj=csess id=bdf794c71f57 err="session closed"
t=2026-04-19T18:19:32+0530 lvl=eror msg="heartbeat timeout, terminating session" obj=tunnels.session obj=csess id=166e7a2632ab clientid=56322deaaab94c7a65b4f7a1c7b54fda
t=2026-04-19T18:19:32+0530 lvl=eror msg="failed to reconnect session" obj=tunnels.session err="session closed"
t=2026-04-19T18:20:16+0530 lvl=eror msg="failed to reconnect session" obj=tunnels.session err="failed to dial ngrok server with address \"connect.ngrok-agent.com:443\": dial tcp: lookup connect.ngrok-agent.com: no such host"
t=2026-04-19T18:20:17+0530 lvl=eror msg="failed to reconnect session" obj=tunnels.session err="failed to dial ngrok server with address \"connect.ngrok-agent.com:443\": dial tcp: lookup connect.ngrok-agent.com: no such host"
t=2026-04-19T18:20:19+0530 lvl=eror msg="failed to reconnect session" obj=tunnels.session err="failed to dial ngrok server with address \"connect.ngrok-agent.com:443\": dial tcp: lookup connect.ngrok-agent.com: no such host"
t=2026-04-19T18:20:24+0530 lvl=info msg="client session established" obj=tunnels.session
t=2026-04-19T18:20:24+0530 lvl=info msg="tunnel session started" obj=tunnels.session
t=2026-04-19T18:22:13+0530 lvl=eror msg="heartbeat timeout, terminating session" obj=tunnels.session obj=csess id=58be9d699fb3 clientid=56322deaaab94c7a65b4f7a1c7b54fda
t=2026-04-19T18:22:13+0530 lvl=eror msg="session closed, starting reconnect loop" obj=tunnels.session obj=csess id=bdf794c71f57 err="session closed"
t=2026-04-19T18:22:14+0530 lvl=info msg="client session established" obj=tunnels.session
t=2026-04-19T18:22:14+0530 lvl=info msg="tunnel session started" obj=tunnels.session
t=2026-04-19T18:24:17+0530 lvl=eror msg="heartbeat timeout, terminating session" obj=tunnels.session obj=csess id=1bb96f8f4b31 clientid=56322deaaab94c7a65b4f7a1c7b54fda
t=2026-04-19T18:24:17+0530 lvl=eror msg="session closed, starting reconnect loop" obj=tunnels.session obj=csess id=bdf794c71f57 err="session closed"
t=2026-04-19T18:24:17+0530 lvl=eror msg="failed to reconnect session" obj=tunnels.session err="failed to dial ngrok server with address \"connect.ngrok-agent.com:443\": dial tcp: lookup connect.ngrok-agent.com: no such host"
t=2026-04-19T18:24:18+0530 lvl=eror msg="failed to reconnect session" obj=tunnels.session err="failed to dial ngrok server with address \"connect.ngrok-agent.com:443\": dial tcp: lookup connect.ngrok-agent.com: no such host"
t=2026-04-19T18:24:19+0530 lvl=eror msg="failed to reconnect session" obj=tunnels.session err="failed to dial ngrok server with address \"connect.ngrok-agent.com:443\": dial tcp: lookup connect.ngrok-agent.com: no such host"
t=2026-04-19T18:24:21+0530 lvl=eror msg="failed to reconnect session" obj=tunnels.session err="failed to dial ngrok server with address \"connect.ngrok-agent.com:443\": dial tcp: lookup connect.ngrok-agent.com: no such host"
t=2026-04-19T18:25:12+0530 lvl=eror msg="failed to reconnect session" obj=tunnels.session err="failed to dial ngrok server with address \"connect.ngrok-agent.com:443\": dial tcp: lookup connect.ngrok-agent.com: no such host"
t=2026-04-19T18:26:05+0530 lvl=eror msg="failed to reconnect session" obj=tunnels.session err="failed to dial ngrok server with address \"connect.ngrok-agent.com:443\": dial tcp: lookup connect.ngrok-agent.com: no such host"
t=2026-04-19T18:27:06+0530 lvl=eror msg="failed to reconnect session" obj=tunnels.session err="failed to dial ngrok server with address \"connect.ngrok-agent.com:443\": dial tcp: lookup connect.ngrok-agent.com: no such host"
t=2026-04-19T18:29:10+0530 lvl=info msg="client session established" obj=tunnels.session
t=2026-04-19T18:29:10+0530 lvl=info msg="tunnel session started" obj=tunnels.session
t=2026-04-19T18:30:57+0530 lvl=eror msg="heartbeat timeout, terminating session" obj=tunnels.session obj=csess id=21b1ab65f102 clientid=56322deaaab94c7a65b4f7a1c7b54fda
t=2026-04-19T18:30:57+0530 lvl=eror msg="session closed, starting reconnect loop" obj=tunnels.session obj=csess id=bdf794c71f57 err="session closed"
t=2026-04-19T18:30:58+0530 lvl=info msg="client session established" obj=tunnels.session
t=2026-04-19T18:30:58+0530 lvl=info msg="tunnel session started" obj=tunnels.session
t=2026-04-19T18:32:03+0530 lvl=eror msg="session closed, starting reconnect loop" obj=tunnels.session obj=csess id=bdf794c71f57 err="read EOF from remote peer"
t=2026-04-19T18:32:04+0530 lvl=info msg="client session established" obj=tunnels.session
t=2026-04-19T18:32:04+0530 lvl=info msg="tunnel session started" obj=tunnels.session
t=2026-04-19T18:33:11+0530 lvl=eror msg="heartbeat timeout, terminating session" obj=tunnels.session obj=csess id=0090400eaf2a clientid=56322deaaab94c7a65b4f7a1c7b54fda
t=2026-04-19T18:34:08+0530 lvl=eror msg="heartbeat timeout, terminating session" obj=tunnels.session obj=csess id=024293ab8ec0 clientid=56322deaaab94c7a65b4f7a1c7b54fda
t=2026-04-19T18:34:08+0530 lvl=eror msg="session closed, starting reconnect loop" obj=tunnels.session obj=csess id=bdf794c71f57 err="session closed"
t=2026-04-19T18:34:09+0530 lvl=info msg="client session established" obj=tunnels.session
t=2026-04-19T18:34:09+0530 lvl=info msg="tunnel session started" obj=tunnels.session
t=2026-04-19T18:36:19+0530 lvl=eror msg="heartbeat timeout, terminating session" obj=tunnels.session obj=csess id=30c2f285f8ca clientid=56322deaaab94c7a65b4f7a1c7b54fda
t=2026-04-19T18:36:19+0530 lvl=eror msg="session closed, starting reconnect loop" obj=tunnels.session obj=csess id=bdf794c71f57 err="session closed"
t=2026-04-19T18:36:19+0530 lvl=info msg="client session established" obj=tunnels.session
t=2026-04-19T18:36:19+0530 lvl=info msg="tunnel session started" obj=tunnels.session
t=2026-04-19T18:38:22+0530 lvl=eror msg="session closed, starting reconnect loop" obj=tunnels.session obj=csess id=bdf794c71f57 err="read EOF from remote peer"
t=2026-04-19T18:38:23+0530 lvl=info msg="client session established" obj=tunnels.session
t=2026-04-19T18:38:23+0530 lvl=info msg="tunnel session started" obj=tunnels.session
t=2026-04-19T18:38:26+0530 lvl=eror msg="heartbeat timeout, terminating session" obj=tunnels.session obj=csess id=ac48cc7e2c48 clientid=56322deaaab94c7a65b4f7a1c7b54fda
t=2026-04-19T18:40:17+0530 lvl=eror msg="heartbeat timeout, terminating session" obj=tunnels.session obj=csess id=28ee11aa216a clientid=56322deaaab94c7a65b4f7a1c7b54fda
t=2026-04-19T18:40:17+0530 lvl=eror msg="session closed, starting reconnect loop" obj=tunnels.session obj=csess id=bdf794c71f57 err="session closed"
t=2026-04-19T18:40:18+0530 lvl=info msg="client session established" obj=tunnels.session
t=2026-04-19T18:40:18+0530 lvl=info msg="tunnel session started" obj=tunnels.session
t=2026-04-19T18:42:14+0530 lvl=eror msg="heartbeat timeout, terminating session" obj=tunnels.session obj=csess id=099816b845d3 clientid=56322deaaab94c7a65b4f7a1c7b54fda
t=2026-04-19T18:42:14+0530 lvl=eror msg="session closed, starting reconnect loop" obj=tunnels.session obj=csess id=bdf794c71f57 err="session closed"
t=2026-04-19T18:42:14+0530 lvl=info msg="client session established" obj=tunnels.session
t=2026-04-19T18:42:14+0530 lvl=info msg="tunnel session started" obj=tunnels.session
t=2026-04-19T18:45:05+0530 lvl=eror msg="heartbeat timeout, terminating session" obj=tunnels.session obj=csess id=37147b0f1cb0 clientid=56322deaaab94c7a65b4f7a1c7b54fda
t=2026-04-19T18:45:05+0530 lvl=eror msg="session closed, starting reconnect loop" obj=tunnels.session obj=csess id=bdf794c71f57 err="session closed"
t=2026-04-19T18:45:06+0530 lvl=info msg="client session established" obj=tunnels.session
t=2026-04-19T18:45:06+0530 lvl=info msg="tunnel session started" obj=tunnels.session
t=2026-04-19T18:47:13+0530 lvl=eror msg="heartbeat timeout, terminating session" obj=tunnels.session obj=csess id=c2ab0d2d542b clientid=56322deaaab94c7a65b4f7a1c7b54fda
t=2026-04-19T18:47:13+0530 lvl=eror msg="session closed, starting reconnect loop" obj=tunnels.session obj=csess id=bdf794c71f57 err="session closed"
t=2026-04-19T18:47:13+0530 lvl=info msg="client session established" obj=tunnels.session
t=2026-04-19T18:47:13+0530 lvl=info msg="tunnel session started" obj=tunnels.session
t=2026-04-19T18:49:22+0530 lvl=eror msg="session closed, starting reconnect loop" obj=tunnels.session obj=csess id=bdf794c71f57 err="read EOF from remote peer"
t=2026-04-19T18:49:23+0530 lvl=info msg="client session established" obj=tunnels.session
t=2026-04-19T18:49:23+0530 lvl=info msg="tunnel session started" obj=tunnels.session
t=2026-04-19T18:49:26+0530 lvl=eror msg="heartbeat timeout, terminating session" obj=tunnels.session obj=csess id=5148e5747e3f clientid=56322deaaab94c7a65b4f7a1c7b54fda
t=2026-04-19T18:52:09+0530 lvl=eror msg="heartbeat timeout, terminating session" obj=tunnels.session obj=csess id=78f9a82e1a22 clientid=56322deaaab94c7a65b4f7a1c7b54fda
t=2026-04-19T18:52:09+0530 lvl=eror msg="session closed, starting reconnect loop" obj=tunnels.session obj=csess id=bdf794c71f57 err="session closed"
t=2026-04-19T18:52:10+0530 lvl=info msg="client session established" obj=tunnels.session
t=2026-04-19T18:52:10+0530 lvl=info msg="tunnel session started" obj=tunnels.session
t=2026-04-19T18:54:06+0530 lvl=eror msg="heartbeat timeout, terminating session" obj=tunnels.session obj=csess id=998aaf9694b4 clientid=56322deaaab94c7a65b4f7a1c7b54fda
t=2026-04-19T18:54:06+0530 lvl=eror msg="session closed, starting reconnect loop" obj=tunnels.session obj=csess id=bdf794c71f57 err="session closed"
t=2026-04-19T18:54:07+0530 lvl=info msg="client session established" obj=tunnels.session
t=2026-04-19T18:54:07+0530 lvl=info msg="tunnel session started" obj=tunnels.session
t=2026-04-19T18:55:14+0530 lvl=eror msg="session closed, starting reconnect loop" obj=tunnels.session obj=csess id=bdf794c71f57 err="read EOF from remote peer"
t=2026-04-19T18:56:09+0530 lvl=eror msg="heartbeat timeout, terminating session" obj=tunnels.session obj=csess id=95f1949f818f clientid=56322deaaab94c7a65b4f7a1c7b54fda
t=2026-04-19T18:56:10+0530 lvl=info msg="client session established" obj=tunnels.session
t=2026-04-19T18:56:10+0530 lvl=eror msg="session closed, starting reconnect loop" obj=tunnels.session obj=csess id=bdf794c71f57 err="read EOF from remote peer"
t=2026-04-19T18:56:10+0530 lvl=info msg="tunnel session started" obj=tunnels.session
t=2026-04-19T18:56:10+0530 lvl=info msg="client session established" obj=tunnels.session
t=2026-04-19T18:56:10+0530 lvl=info msg="tunnel session started" obj=tunnels.session
t=2026-04-19T18:57:04+0530 lvl=eror msg="heartbeat timeout, terminating session" obj=tunnels.session obj=csess id=162b15d7b353 clientid=56322deaaab94c7a65b4f7a1c7b54fda
t=2026-04-19T18:58:34+0530 lvl=eror msg="heartbeat timeout, terminating session" obj=tunnels.session obj=csess id=ba1f209a1f0e clientid=56322deaaab94c7a65b4f7a1c7b54fda
t=2026-04-19T18:58:34+0530 lvl=eror msg="session closed, starting reconnect loop" obj=tunnels.session obj=csess id=bdf794c71f57 err="session closed"
t=2026-04-19T18:58:35+0530 lvl=info msg="client session established" obj=tunnels.session
t=2026-04-19T18:58:35+0530 lvl=info msg="tunnel session started" obj=tunnels.session
t=2026-04-19T19:00:39+0530 lvl=eror msg="heartbeat timeout, terminating session" obj=tunnels.session obj=csess id=09ddf520c3c9 clientid=56322deaaab94c7a65b4f7a1c7b54fda
t=2026-04-19T19:00:39+0530 lvl=eror msg="session closed, starting reconnect loop" obj=tunnels.session obj=csess id=bdf794c71f57 err="session closed"
t=2026-04-19T19:00:39+0530 lvl=info msg="client session established" obj=tunnels.session
t=2026-04-19T19:00:39+0530 lvl=info msg="tunnel session started" obj=tunnels.session
t=2026-04-19T19:02:41+0530 lvl=eror msg="session closed, starting reconnect loop" obj=tunnels.session obj=csess id=bdf794c71f57 err="read EOF from remote peer"
t=2026-04-19T19:02:42+0530 lvl=info msg="client session established" obj=tunnels.session
t=2026-04-19T19:02:42+0530 lvl=info msg="tunnel session started" obj=tunnels.session
t=2026-04-19T19:02:44+0530 lvl=eror msg="heartbeat timeout, terminating session" obj=tunnels.session obj=csess id=28f7239b4c42 clientid=56322deaaab94c7a65b4f7a1c7b54fda
t=2026-04-19T19:04:34+0530 lvl=eror msg="heartbeat timeout, terminating session" obj=tunnels.session obj=csess id=d77b0e1b248b clientid=56322deaaab94c7a65b4f7a1c7b54fda
t=2026-04-19T19:04:34+0530 lvl=eror msg="session closed, starting reconnect loop" obj=tunnels.session obj=csess id=bdf794c71f57 err="session closed"
t=2026-04-19T19:04:34+0530 lvl=info msg="client session established" obj=tunnels.session
t=2026-04-19T19:04:34+0530 lvl=info msg="tunnel session started" obj=tunnels.session
t=2026-04-19T19:06:29+0530 lvl=eror msg="heartbeat timeout, terminating session" obj=tunnels.session obj=csess id=0508aafb18fa clientid=56322deaaab94c7a65b4f7a1c7b54fda
t=2026-04-19T19:06:29+0530 lvl=eror msg="session closed, starting reconnect loop" obj=tunnels.session obj=csess id=bdf794c71f57 err="session closed"
t=2026-04-19T19:06:30+0530 lvl=info msg="client session established" obj=tunnels.session
t=2026-04-19T19:06:30+0530 lvl=info msg="tunnel session started" obj=tunnels.session
t=2026-04-19T19:08:35+0530 lvl=eror msg="heartbeat timeout, terminating session" obj=tunnels.session obj=csess id=a6685f36a5f5 clientid=56322deaaab94c7a65b4f7a1c7b54fda
t=2026-04-19T19:08:35+0530 lvl=eror msg="session closed, starting reconnect loop" obj=tunnels.session obj=csess id=bdf794c71f57 err="session closed"
t=2026-04-19T19:08:35+0530 lvl=info msg="client session established" obj=tunnels.session
t=2026-04-19T19:08:35+0530 lvl=info msg="tunnel session started" obj=tunnels.session
t=2026-04-19T19:10:43+0530 lvl=eror msg="session closed, starting reconnect loop" obj=tunnels.session obj=csess id=bdf794c71f57 err="read EOF from remote peer"
t=2026-04-19T19:10:43+0530 lvl=info msg="client session established" obj=tunnels.session
t=2026-04-19T19:10:43+0530 lvl=info msg="tunnel session started" obj=tunnels.session
t=2026-04-19T19:10:45+0530 lvl=eror msg="heartbeat timeout, terminating session" obj=tunnels.session obj=csess id=0a28b1c17f71 clientid=56322deaaab94c7a65b4f7a1c7b54fda
t=2026-04-19T19:12:46+0530 lvl=eror msg="heartbeat timeout, terminating session" obj=tunnels.session obj=csess id=a6834d8253dd clientid=56322deaaab94c7a65b4f7a1c7b54fda
t=2026-04-19T19:12:46+0530 lvl=eror msg="session closed, starting reconnect loop" obj=tunnels.session obj=csess id=bdf794c71f57 err="session closed"
t=2026-04-19T19:12:47+0530 lvl=info msg="client session established" obj=tunnels.session
t=2026-04-19T19:12:47+0530 lvl=info msg="tunnel session started" obj=tunnels.session
t=2026-04-19T19:14:48+0530 lvl=eror msg="session closed, starting reconnect loop" obj=tunnels.session obj=csess id=bdf794c71f57 err="read EOF from remote peer"
t=2026-04-19T19:14:49+0530 lvl=info msg="client session established" obj=tunnels.session
t=2026-04-19T19:14:49+0530 lvl=info msg="tunnel session started" obj=tunnels.session
t=2026-04-19T19:14:49+0530 lvl=eror msg="heartbeat timeout, terminating session" obj=tunnels.session obj=csess id=5ab4a001e88f clientid=56322deaaab94c7a65b4f7a1c7b54fda
t=2026-04-19T19:16:39+0530 lvl=eror msg="heartbeat timeout, terminating session" obj=tunnels.session obj=csess id=05324b96fc5e clientid=56322deaaab94c7a65b4f7a1c7b54fda
t=2026-04-19T19:16:39+0530 lvl=eror msg="session closed, starting reconnect loop" obj=tunnels.session obj=csess id=bdf794c71f57 err="session closed"
t=2026-04-19T19:16:40+0530 lvl=info msg="client session established" obj=tunnels.session
t=2026-04-19T19:16:40+0530 lvl=info msg="tunnel session started" obj=tunnels.session
t=2026-04-19T19:18:35+0530 lvl=eror msg="heartbeat timeout, terminating session" obj=tunnels.session obj=csess id=35bf3533d151 clientid=56322deaaab94c7a65b4f7a1c7b54fda
t=2026-04-19T19:18:35+0530 lvl=eror msg="session closed, starting reconnect loop" obj=tunnels.session obj=csess id=bdf794c71f57 err="session closed"
t=2026-04-19T19:18:36+0530 lvl=info msg="client session established" obj=tunnels.session
t=2026-04-19T19:18:36+0530 lvl=info msg="tunnel session started" obj=tunnels.session
t=2026-04-19T19:20:38+0530 lvl=eror msg="session closed, starting reconnect loop" obj=tunnels.session obj=csess id=bdf794c71f57 err="read EOF from remote peer"
t=2026-04-19T19:20:38+0530 lvl=info msg="client session established" obj=tunnels.session
t=2026-04-19T19:20:38+0530 lvl=info msg="tunnel session started" obj=tunnels.session
t=2026-04-19T19:20:40+0530 lvl=eror msg="heartbeat timeout, terminating session" obj=tunnels.session obj=csess id=2d43c8feed4f clientid=56322deaaab94c7a65b4f7a1c7b54fda
t=2026-04-19T19:21:46+0530 lvl=eror msg="session closed, starting reconnect loop" obj=tunnels.session obj=csess id=bdf794c71f57 err="read EOF from remote peer"
t=2026-04-19T19:21:47+0530 lvl=info msg="client session established" obj=tunnels.session
t=2026-04-19T19:21:47+0530 lvl=info msg="tunnel session started" obj=tunnels.session
t=2026-04-19T19:22:49+0530 lvl=eror msg="heartbeat timeout, terminating session" obj=tunnels.session obj=csess id=1758d47cf370 clientid=56322deaaab94c7a65b4f7a1c7b54fda
t=2026-04-19T19:23:41+0530 lvl=eror msg="heartbeat timeout, terminating session" obj=tunnels.session obj=csess id=5f21955d93f2 clientid=56322deaaab94c7a65b4f7a1c7b54fda
t=2026-04-19T19:23:41+0530 lvl=eror msg="session closed, starting reconnect loop" obj=tunnels.session obj=csess id=bdf794c71f57 err="session closed"
t=2026-04-19T19:23:41+0530 lvl=info msg="client session established" obj=tunnels.session
t=2026-04-19T19:23:41+0530 lvl=info msg="tunnel session started" obj=tunnels.session
t=2026-04-19T19:24:49+0530 lvl=eror msg="session closed, starting reconnect loop" obj=tunnels.session obj=csess id=bdf794c71f57 err="read EOF from remote peer"
t=2026-04-19T19:25:54+0530 lvl=eror msg="heartbeat timeout, terminating session" obj=tunnels.session obj=csess id=0a69d7c3c91a clientid=56322deaaab94c7a65b4f7a1c7b54fda
t=2026-04-19T19:27:03+0530 lvl=eror msg="heartbeat timeout, terminating session" obj=tunnels.session obj=csess id=d2bd7c246119 clientid=56322deaaab94c7a65b4f7a1c7b54fda
t=2026-04-19T19:27:03+0530 lvl=eror msg="failed to reconnect session" obj=tunnels.session err="session closed"
t=2026-04-19T19:27:59+0530 lvl=eror msg="failed to reconnect session" obj=tunnels.session err="failed to dial ngrok server with address \"connect.ngrok-agent.com:443\": dial tcp 3.108.208.206:443: i/o timeout"
t=2026-04-19T19:28:00+0530 lvl=eror msg="failed to reconnect session" obj=tunnels.session err="failed to dial ngrok server with address \"connect.ngrok-agent.com:443\": dial tcp: lookup connect.ngrok-agent.com: no such host"
t=2026-04-19T19:28:03+0530 lvl=info msg="client session established" obj=tunnels.session
t=2026-04-19T19:28:03+0530 lvl=info msg="tunnel session started" obj=tunnels.session
t=2026-04-19T19:30:16+0530 lvl=eror msg="heartbeat timeout, terminating session" obj=tunnels.session obj=csess id=c90c9dd98e81 clientid=56322deaaab94c7a65b4f7a1c7b54fda
t=2026-04-19T19:30:16+0530 lvl=eror msg="session closed, starting reconnect loop" obj=tunnels.session obj=csess id=bdf794c71f57 err="session closed"
t=2026-04-19T19:30:17+0530 lvl=info msg="client session established" obj=tunnels.session
t=2026-04-19T19:30:17+0530 lvl=info msg="tunnel session started" obj=tunnels.session
t=2026-04-19T19:32:05+0530 lvl=eror msg="heartbeat timeout, terminating session" obj=tunnels.session obj=csess id=4d4a05745c01 clientid=56322deaaab94c7a65b4f7a1c7b54fda
t=2026-04-19T19:32:05+0530 lvl=eror msg="session closed, starting reconnect loop" obj=tunnels.session obj=csess id=bdf794c71f57 err="session closed"
t=2026-04-19T19:32:06+0530 lvl=info msg="client session established" obj=tunnels.session
t=2026-04-19T19:32:06+0530 lvl=info msg="tunnel session started" obj=tunnels.session
t=2026-04-19T19:34:00+0530 lvl=eror msg="heartbeat timeout, terminating session" obj=tunnels.session obj=csess id=bd8e0a14826a clientid=56322deaaab94c7a65b4f7a1c7b54fda
t=2026-04-19T19:34:00+0530 lvl=eror msg="session closed, starting reconnect loop" obj=tunnels.session obj=csess id=bdf794c71f57 err="session closed"
t=2026-04-19T19:34:00+0530 lvl=info msg="client session established" obj=tunnels.session
t=2026-04-19T19:34:00+0530 lvl=info msg="tunnel session started" obj=tunnels.session
t=2026-04-19T19:35:08+0530 lvl=eror msg="session closed, starting reconnect loop" obj=tunnels.session obj=csess id=bdf794c71f57 err="read EOF from remote peer"
t=2026-04-19T19:35:09+0530 lvl=info msg="client session established" obj=tunnels.session
t=2026-04-19T19:35:09+0530 lvl=info msg="tunnel session started" obj=tunnels.session
t=2026-04-19T19:36:07+0530 lvl=eror msg="heartbeat timeout, terminating session" obj=tunnels.session obj=csess id=13e808c3eaa5 clientid=56322deaaab94c7a65b4f7a1c7b54fda
t=2026-04-19T19:37:20+0530 lvl=eror msg="heartbeat timeout, terminating session" obj=tunnels.session obj=csess id=7aefbaa5964b clientid=56322deaaab94c7a65b4f7a1c7b54fda
t=2026-04-19T19:37:20+0530 lvl=eror msg="session closed, starting reconnect loop" obj=tunnels.session obj=csess id=bdf794c71f57 err="session closed"
t=2026-04-19T19:37:20+0530 lvl=info msg="client session established" obj=tunnels.session
t=2026-04-19T19:37:20+0530 lvl=info msg="tunnel session started" obj=tunnels.session
t=2026-04-19T19:39:21+0530 lvl=eror msg="heartbeat timeout, terminating session" obj=tunnels.session obj=csess id=e5e85e2964b8 clientid=56322deaaab94c7a65b4f7a1c7b54fda
t=2026-04-19T19:39:21+0530 lvl=eror msg="session closed, starting reconnect loop" obj=tunnels.session obj=csess id=bdf794c71f57 err="session closed"
t=2026-04-19T19:39:22+0530 lvl=info msg="client session established" obj=tunnels.session
t=2026-04-19T19:39:22+0530 lvl=info msg="tunnel session started" obj=tunnels.session
t=2026-04-19T19:41:22+0530 lvl=eror msg="heartbeat timeout, terminating session" obj=tunnels.session obj=csess id=3d9cf1c57e0a clientid=56322deaaab94c7a65b4f7a1c7b54fda
t=2026-04-19T19:41:22+0530 lvl=eror msg="session closed, starting reconnect loop" obj=tunnels.session obj=csess id=bdf794c71f57 err="session closed"
t=2026-04-19T19:41:22+0530 lvl=info msg="client session established" obj=tunnels.session
t=2026-04-19T19:41:22+0530 lvl=info msg="tunnel session started" obj=tunnels.session
t=2026-04-19T19:42:28+0530 lvl=eror msg="session closed, starting reconnect loop" obj=tunnels.session obj=csess id=bdf794c71f57 err="read EOF from remote peer"
t=2026-04-19T19:42:28+0530 lvl=info msg="client session established" obj=tunnels.session
t=2026-04-19T19:42:28+0530 lvl=info msg="tunnel session started" obj=tunnels.session
t=2026-04-19T19:43:21+0530 lvl=eror msg="heartbeat timeout, terminating session" obj=tunnels.session obj=csess id=9668813bfdf6 clientid=56322deaaab94c7a65b4f7a1c7b54fda
t=2026-04-19T19:44:20+0530 lvl=eror msg="heartbeat timeout, terminating session" obj=tunnels.session obj=csess id=26d6c7150449 clientid=56322deaaab94c7a65b4f7a1c7b54fda
t=2026-04-19T19:44:20+0530 lvl=eror msg="session closed, starting reconnect loop" obj=tunnels.session obj=csess id=bdf794c71f57 err="session closed"
t=2026-04-19T19:44:20+0530 lvl=info msg="client session established" obj=tunnels.session
t=2026-04-19T19:44:20+0530 lvl=info msg="tunnel session started" obj=tunnels.session
t=2026-04-19T19:46:20+0530 lvl=eror msg="heartbeat timeout, terminating session" obj=tunnels.session obj=csess id=aebcd74d929e clientid=56322deaaab94c7a65b4f7a1c7b54fda
t=2026-04-19T19:46:20+0530 lvl=eror msg="session closed, starting reconnect loop" obj=tunnels.session obj=csess id=bdf794c71f57 err="session closed"
t=2026-04-19T19:47:16+0530 lvl=info msg="client session established" obj=tunnels.session
t=2026-04-19T19:47:16+0530 lvl=eror msg="session closed, starting reconnect loop" obj=tunnels.session obj=csess id=bdf794c71f57 err="read EOF from remote peer"
t=2026-04-19T19:47:16+0530 lvl=info msg="tunnel session started" obj=tunnels.session
t=2026-04-19T19:47:16+0530 lvl=info msg="client session established" obj=tunnels.session
t=2026-04-19T19:47:16+0530 lvl=info msg="tunnel session started" obj=tunnels.session
t=2026-04-19T19:48:16+0530 lvl=eror msg="heartbeat timeout, terminating session" obj=tunnels.session obj=csess id=63333c1e9f63 clientid=56322deaaab94c7a65b4f7a1c7b54fda
t=2026-04-19T19:49:04+0530 lvl=eror msg="heartbeat timeout, terminating session" obj=tunnels.session obj=csess id=d4303badb335 clientid=56322deaaab94c7a65b4f7a1c7b54fda
t=2026-04-19T19:49:04+0530 lvl=eror msg="session closed, starting reconnect loop" obj=tunnels.session obj=csess id=bdf794c71f57 err="session closed"
t=2026-04-19T19:49:05+0530 lvl=info msg="client session established" obj=tunnels.session
t=2026-04-19T19:49:05+0530 lvl=info msg="tunnel session started" obj=tunnels.session
t=2026-04-19T19:50:53+0530 lvl=eror msg="heartbeat timeout, terminating session" obj=tunnels.session obj=csess id=6f2ea2b843b9 clientid=56322deaaab94c7a65b4f7a1c7b54fda
t=2026-04-19T19:50:53+0530 lvl=eror msg="session closed, starting reconnect loop" obj=tunnels.session obj=csess id=bdf794c71f57 err="session closed"
t=2026-04-19T19:50:54+0530 lvl=info msg="client session established" obj=tunnels.session
t=2026-04-19T19:50:54+0530 lvl=info msg="tunnel session started" obj=tunnels.session
t=2026-04-19T19:51:59+0530 lvl=eror msg="session closed, starting reconnect loop" obj=tunnels.session obj=csess id=bdf794c71f57 err="read EOF from remote peer"
t=2026-04-19T19:51:59+0530 lvl=info msg="client session established" obj=tunnels.session
t=2026-04-19T19:51:59+0530 lvl=info msg="tunnel session started" obj=tunnels.session
t=2026-04-19T19:53:01+0530 lvl=eror msg="heartbeat timeout, terminating session" obj=tunnels.session obj=csess id=9e2b1c848add clientid=56322deaaab94c7a65b4f7a1c7b54fda
t=2026-04-19T19:53:57+0530 lvl=eror msg="heartbeat timeout, terminating session" obj=tunnels.session obj=csess id=3122ffc3ac19 clientid=56322deaaab94c7a65b4f7a1c7b54fda
t=2026-04-19T19:53:57+0530 lvl=eror msg="session closed, starting reconnect loop" obj=tunnels.session obj=csess id=bdf794c71f57 err="session closed"
t=2026-04-19T19:53:58+0530 lvl=info msg="client session established" obj=tunnels.session
t=2026-04-19T19:53:58+0530 lvl=info msg="tunnel session started" obj=tunnels.session
t=2026-04-19T19:56:35+0530 lvl=eror msg="heartbeat timeout, terminating session" obj=tunnels.session obj=csess id=2e8e17cb378c clientid=56322deaaab94c7a65b4f7a1c7b54fda
t=2026-04-19T19:56:35+0530 lvl=eror msg="session closed, starting reconnect loop" obj=tunnels.session obj=csess id=bdf794c71f57 err="session closed"
t=2026-04-19T19:56:36+0530 lvl=info msg="client session established" obj=tunnels.session
t=2026-04-19T19:56:36+0530 lvl=info msg="tunnel session started" obj=tunnels.session
t=2026-04-19T20:44:12+0530 lvl=eror msg="session closed, starting reconnect loop" obj=tunnels.session obj=csess id=bdf794c71f57 err="read tcp 10.20.2.206:52088->13.233.205.122:443: read: can't assign requested address"
t=2026-04-19T20:44:12+0530 lvl=eror msg="failed to reconnect session" obj=tunnels.session err="failed to dial ngrok server with address \"connect.ngrok-agent.com:443\": dial tcp: lookup connect.ngrok-agent.com: no such host"
t=2026-04-19T20:44:13+0530 lvl=eror msg="failed to reconnect session" obj=tunnels.session err="failed to dial ngrok server with address \"connect.ngrok-agent.com:443\": dial tcp: lookup connect.ngrok-agent.com: no such host"
t=2026-04-19T20:44:14+0530 lvl=eror msg="failed to reconnect session" obj=tunnels.session err="failed to dial ngrok server with address \"connect.ngrok-agent.com:443\": dial tcp: lookup connect.ngrok-agent.com: no such host"
t=2026-04-19T20:44:16+0530 lvl=eror msg="failed to reconnect session" obj=tunnels.session err="failed to dial ngrok server with address \"connect.ngrok-agent.com:443\": dial tcp: lookup connect.ngrok-agent.com: no such host"
t=2026-04-19T21:01:31+0530 lvl=eror msg="failed to reconnect session" obj=tunnels.session err="failed to dial ngrok server with address \"connect.ngrok-agent.com:443\": dial tcp: lookup connect.ngrok-agent.com: no such host"
t=2026-04-19T21:01:33+0530 lvl=eror msg="heartbeat timeout, terminating session" obj=tunnels.session obj=csess id=61dfbc99c02a clientid=56322deaaab94c7a65b4f7a1c7b54fda
t=2026-04-19T21:16:42+0530 lvl=eror msg="failed to reconnect session" obj=tunnels.session err="failed to dial ngrok server with address \"connect.ngrok-agent.com:443\": dial tcp: lookup connect.ngrok-agent.com: no such host"
t=2026-04-19T22:01:15+0530 lvl=eror msg="failed to reconnect session" obj=tunnels.session err="failed to dial ngrok server with address \"connect.ngrok-agent.com:443\": dial tcp: lookup connect.ngrok-agent.com: no such host"
t=2026-04-19T23:11:25+0530 lvl=eror msg="failed to reconnect session" obj=tunnels.session err="failed to dial ngrok server with address \"connect.ngrok-agent.com:443\": dial tcp: lookup connect.ngrok-agent.com: no such host"
t=2026-04-19T23:44:18+0530 lvl=eror msg="failed to reconnect session" obj=tunnels.session err="failed to dial ngrok server with address \"connect.ngrok-agent.com:443\": dial tcp: lookup connect.ngrok-agent.com: no such host"
t=2026-04-20T00:48:16+0530 lvl=eror msg="failed to reconnect session" obj=tunnels.session err="failed to dial ngrok server with address \"connect.ngrok-agent.com:443\": dial tcp: lookup connect.ngrok-agent.com: no such host"
t=2026-04-20T01:49:14+0530 lvl=eror msg="failed to reconnect session" obj=tunnels.session err="failed to dial ngrok server with address \"connect.ngrok-agent.com:443\": dial tcp: lookup connect.ngrok-agent.com: no such host"
t=2026-04-20T02:30:21+0530 lvl=info msg="client session established" obj=tunnels.session
t=2026-04-20T02:30:21+0530 lvl=info msg="tunnel session started" obj=tunnels.session
t=2026-04-20T02:45:45+0530 lvl=eror msg="session closed, starting reconnect loop" obj=tunnels.session obj=csess id=bdf794c71f57 err="read tcp [2400:1f00:2:e51b:813e:38ef:cc1f:3399]:52143->[2406:da1a:e91:9300:403a:a280:b69a:91cf]:443: read: connection reset by peer"
t=2026-04-20T02:45:46+0530 lvl=info msg="client session established" obj=tunnels.session
t=2026-04-20T02:45:46+0530 lvl=info msg="tunnel session started" obj=tunnels.session
t=2026-04-20T02:50:23+0530 lvl=eror msg="heartbeat timeout, terminating session" obj=tunnels.session obj=csess id=64f377b131d0 clientid=56322deaaab94c7a65b4f7a1c7b54fda
t=2026-04-20T03:02:37+0530 lvl=eror msg="heartbeat timeout, terminating session" obj=tunnels.session obj=csess id=550a6fd81b28 clientid=56322deaaab94c7a65b4f7a1c7b54fda
t=2026-04-20T03:02:37+0530 lvl=eror msg="session closed, starting reconnect loop" obj=tunnels.session obj=csess id=bdf794c71f57 err="session closed"
t=2026-04-20T03:02:37+0530 lvl=info msg="client session established" obj=tunnels.session
t=2026-04-20T03:02:37+0530 lvl=info msg="tunnel session started" obj=tunnels.session
t=2026-04-20T06:18:49+0530 lvl=eror msg="session closed, starting reconnect loop" obj=tunnels.session obj=csess id=bdf794c71f57 err="read tcp [2400:1f00:2:e51b:813e:38ef:cc1f:3399]:52209->[2406:da1a:e91:9302:6bbc:cc3d:8e60:4a99]:443: read: connection reset by peer"
t=2026-04-20T06:18:50+0530 lvl=info msg="client session established" obj=tunnels.session
t=2026-04-20T06:18:50+0530 lvl=info msg="tunnel session started" obj=tunnels.session
t=2026-04-20T07:31:11+0530 lvl=eror msg="session closed, starting reconnect loop" obj=tunnels.session obj=csess id=bdf794c71f57 err="read tcp [2400:1f00:2:e51b:813e:38ef:cc1f:3399]:56102->[2406:da1a:e91:9302:5f2c:118e:bcf2:c8bb]:443: read: connection reset by peer"
t=2026-04-20T07:31:11+0530 lvl=info msg="client session established" obj=tunnels.session
t=2026-04-20T07:31:11+0530 lvl=info msg="tunnel session started" obj=tunnels.session
t=2026-04-20T08:02:24+0530 lvl=eror msg="session closed, starting reconnect loop" obj=tunnels.session obj=csess id=bdf794c71f57 err="read tcp [2400:1f00:2:e51b:813e:38ef:cc1f:3399]:56171->[2406:da1a:e91:9300:403a:a280:b69a:91cf]:443: read: connection reset by peer"
t=2026-04-20T08:02:25+0530 lvl=info msg="client session established" obj=tunnels.session
t=2026-04-20T08:02:25+0530 lvl=info msg="tunnel session started" obj=tunnels.session
t=2026-04-20T08:02:25+0530 lvl=eror msg="heartbeat timeout, terminating session" obj=tunnels.session obj=csess id=0547812f04dc clientid=56322deaaab94c7a65b4f7a1c7b54fda
t=2026-04-20T08:02:29+0530 lvl=eror msg="heartbeat timeout, terminating session" obj=tunnels.session obj=csess id=77d2fdfb3d76 clientid=56322deaaab94c7a65b4f7a1c7b54fda
t=2026-04-20T08:20:29+0530 lvl=eror msg="session closed, starting reconnect loop" obj=tunnels.session obj=csess id=bdf794c71f57 err="read tcp [2400:1f00:2:e51b:813e:38ef:cc1f:3399]:56212->[2406:da1a:e91:9300:403a:a280:b69a:91cf]:443: read: connection reset by peer"
t=2026-04-20T08:29:41+0530 lvl=eror msg="failed to reconnect session" obj=tunnels.session err="failed to dial ngrok server with address \"connect.ngrok-agent.com:443\": dial tcp [2406:da1a:e91:9301:f1a3:66ed:d097:b95c]:443: connect: no route to host"
t=2026-04-20T08:29:42+0530 lvl=info msg="client session established" obj=tunnels.session
t=2026-04-20T08:29:42+0530 lvl=info msg="tunnel session started" obj=tunnels.session
t=2026-04-20T08:29:44+0530 lvl=eror msg="heartbeat timeout, terminating session" obj=tunnels.session obj=csess id=b36aa248bdcd clientid=56322deaaab94c7a65b4f7a1c7b54fda
t=2026-04-20T08:37:07+0530 lvl=eror msg="heartbeat timeout, terminating session" obj=tunnels.session obj=csess id=24c8df34e003 clientid=56322deaaab94c7a65b4f7a1c7b54fda
t=2026-04-20T08:37:29+0530 lvl=eror msg="heartbeat timeout, terminating session" obj=tunnels.session obj=csess id=887787d0d21b clientid=56322deaaab94c7a65b4f7a1c7b54fda
t=2026-04-20T08:37:29+0530 lvl=eror msg="session closed, starting reconnect loop" obj=tunnels.session obj=csess id=bdf794c71f57 err="session closed"
t=2026-04-20T08:37:29+0530 lvl=info msg="client session established" obj=tunnels.session
t=2026-04-20T08:37:29+0530 lvl=info msg="tunnel session started" obj=tunnels.session
t=2026-04-20T09:03:26+0530 lvl=eror msg="session closed, starting reconnect loop" obj=tunnels.session obj=csess id=bdf794c71f57 err="read tcp [2400:1f00:2:e51b:813e:38ef:cc1f:3399]:56321->[2406:da1a:e91:9302:5f2c:118e:bcf2:c8bb]:443: read: connection reset by peer"
t=2026-04-20T09:03:27+0530 lvl=info msg="client session established" obj=tunnels.session
t=2026-04-20T09:03:27+0530 lvl=info msg="tunnel session started" obj=tunnels.session
t=2026-04-20T09:36:20+0530 lvl=eror msg="session closed, starting reconnect loop" obj=tunnels.session obj=csess id=bdf794c71f57 err="read tcp [2400:1f00:2:e51b:813e:38ef:cc1f:3399]:56392->[2406:da1a:e91:9302:6bbc:cc3d:8e60:4a99]:443: read: connection reset by peer"
t=2026-04-20T09:36:21+0530 lvl=info msg="client session established" obj=tunnels.session
t=2026-04-20T09:36:21+0530 lvl=info msg="tunnel session started" obj=tunnels.session
t=2026-04-20T09:53:23+0530 lvl=eror msg="heartbeat timeout, terminating session" obj=tunnels.session obj=csess id=a12b982b51cb clientid=56322deaaab94c7a65b4f7a1c7b54fda
t=2026-04-20T10:04:24+0530 lvl=eror msg="session closed, starting reconnect loop" obj=tunnels.session obj=csess id=bdf794c71f57 err="read tcp [2400:1f00:2:e51b:813e:38ef:cc1f:3399]:56477->[2406:da1a:e91:9302:6bbc:cc3d:8e60:4a99]:443: read: connection reset by peer"
t=2026-04-20T10:04:25+0530 lvl=info msg="client session established" obj=tunnels.session
t=2026-04-20T10:04:25+0530 lvl=info msg="tunnel session started" obj=tunnels.session
t=2026-04-20T10:04:28+0530 lvl=eror msg="heartbeat timeout, terminating session" obj=tunnels.session obj=csess id=bc6a89e303fb clientid=56322deaaab94c7a65b4f7a1c7b54fda
t=2026-04-20T10:22:04+0530 lvl=eror msg="session closed, starting reconnect loop" obj=tunnels.session obj=csess id=bdf794c71f57 err="read tcp [2400:1f00:2:e51b:813e:38ef:cc1f:3399]:56524->[2406:da1a:e91:9300:d4f4:8948:9d02:5408]:443: read: connection reset by peer"
t=2026-04-20T10:22:05+0530 lvl=info msg="client session established" obj=tunnels.session
t=2026-04-20T10:22:05+0530 lvl=info msg="tunnel session started" obj=tunnels.session
t=2026-04-20T10:39:37+0530 lvl=eror msg="heartbeat timeout, terminating session" obj=tunnels.session obj=csess id=a0ca5cd0c892 clientid=56322deaaab94c7a65b4f7a1c7b54fda
t=2026-04-20T10:55:48+0530 lvl=eror msg="session closed, starting reconnect loop" obj=tunnels.session obj=csess id=bdf794c71f57 err="read tcp [2400:1f00:2:e51b:813e:38ef:cc1f:3399]:56574->[2406:da1a:e91:9302:6bbc:cc3d:8e60:4a99]:443: read: connection reset by peer"
t=2026-04-20T10:55:49+0530 lvl=info msg="client session established" obj=tunnels.session
t=2026-04-20T10:55:49+0530 lvl=info msg="tunnel session started" obj=tunnels.session
t=2026-04-20T11:05:24+0530 lvl=eror msg="heartbeat timeout, terminating session" obj=tunnels.session obj=csess id=140c335594d8 clientid=56322deaaab94c7a65b4f7a1c7b54fda
t=2026-04-20T11:15:22+0530 lvl=eror msg="session closed, starting reconnect loop" obj=tunnels.session obj=csess id=bdf794c71f57 err="read tcp [2400:1f00:2:e51b:813e:38ef:cc1f:3399]:56622->[2406:da1a:e91:9302:6bbc:cc3d:8e60:4a99]:443: read: connection reset by peer"
t=2026-04-20T11:15:22+0530 lvl=info msg="client session established" obj=tunnels.session
t=2026-04-20T11:15:22+0530 lvl=info msg="tunnel session started" obj=tunnels.session
t=2026-04-20T11:15:26+0530 lvl=eror msg="heartbeat timeout, terminating session" obj=tunnels.session obj=csess id=32478c52c76b clientid=56322deaaab94c7a65b4f7a1c7b54fda
t=2026-04-20T11:16:14+0530 lvl=eror msg="heartbeat timeout, terminating session" obj=tunnels.session obj=csess id=d0b9f2af9eeb clientid=56322deaaab94c7a65b4f7a1c7b54fda
t=2026-04-20T11:41:52+0530 lvl=eror msg="heartbeat timeout, terminating session" obj=tunnels.session obj=csess id=825d9911a423 clientid=56322deaaab94c7a65b4f7a1c7b54fda
t=2026-04-20T11:41:52+0530 lvl=eror msg="session closed, starting reconnect loop" obj=tunnels.session obj=csess id=bdf794c71f57 err="session closed"
t=2026-04-20T11:41:52+0530 lvl=info msg="client session established" obj=tunnels.session
t=2026-04-20T11:41:52+0530 lvl=info msg="tunnel session started" obj=tunnels.session
t=2026-04-20T11:43:49+0530 lvl=eror msg="heartbeat timeout, terminating session" obj=tunnels.session obj=csess id=86337c8d1190 clientid=56322deaaab94c7a65b4f7a1c7b54fda
t=2026-04-20T11:43:49+0530 lvl=eror msg="session closed, starting reconnect loop" obj=tunnels.session obj=csess id=bdf794c71f57 err="session closed"
t=2026-04-20T11:43:50+0530 lvl=info msg="client session established" obj=tunnels.session
t=2026-04-20T11:43:50+0530 lvl=info msg="tunnel session started" obj=tunnels.session
t=2026-04-20T11:45:19+0530 lvl=eror msg="session closed, starting reconnect loop" obj=tunnels.session obj=csess id=bdf794c71f57 err="read EOF from remote peer"
t=2026-04-20T11:45:19+0530 lvl=info msg="client session established" obj=tunnels.session
t=2026-04-20T11:45:19+0530 lvl=info msg="tunnel session started" obj=tunnels.session
t=2026-04-20T11:50:07+0530 lvl=eror msg="heartbeat timeout, terminating session" obj=tunnels.session obj=csess id=f39cad6aea59 clientid=56322deaaab94c7a65b4f7a1c7b54fda
t=2026-04-20T11:50:51+0530 lvl=eror msg="heartbeat timeout, terminating session" obj=tunnels.session obj=csess id=5c9a3b77115c clientid=56322deaaab94c7a65b4f7a1c7b54fda
t=2026-04-20T11:50:51+0530 lvl=eror msg="session closed, starting reconnect loop" obj=tunnels.session obj=csess id=bdf794c71f57 err="session closed"
t=2026-04-20T11:50:52+0530 lvl=info msg="client session established" obj=tunnels.session
t=2026-04-20T11:50:52+0530 lvl=info msg="tunnel session started" obj=tunnels.session
t=2026-04-20T12:05:26+0530 lvl=eror msg="session closed, starting reconnect loop" obj=tunnels.session obj=csess id=bdf794c71f57 err="read tcp 192.168.0.90:56933->13.127.105.236:443: read: operation timed out"
t=2026-04-20T12:05:27+0530 lvl=info msg="client session established" obj=tunnels.session
t=2026-04-20T12:05:27+0530 lvl=info msg="tunnel session started" obj=tunnels.session
t=2026-04-20T12:08:44+0530 lvl=eror msg="heartbeat timeout, terminating session" obj=tunnels.session obj=csess id=c117c0749c96 clientid=56322deaaab94c7a65b4f7a1c7b54fda
t=2026-04-20T12:35:05+0530 lvl=eror msg="heartbeat timeout, terminating session" obj=tunnels.session obj=csess id=52461ea7d779 clientid=56322deaaab94c7a65b4f7a1c7b54fda
t=2026-04-20T12:35:05+0530 lvl=eror msg="session closed, starting reconnect loop" obj=tunnels.session obj=csess id=bdf794c71f57 err="session closed"
t=2026-04-20T12:35:06+0530 lvl=info msg="client session established" obj=tunnels.session
t=2026-04-20T12:35:06+0530 lvl=info msg="tunnel session started" obj=tunnels.session
t=2026-04-20T12:37:54+0530 lvl=eror msg="heartbeat timeout, terminating session" obj=tunnels.session obj=csess id=e65e4f36dd16 clientid=56322deaaab94c7a65b4f7a1c7b54fda
t=2026-04-20T12:37:54+0530 lvl=eror msg="session closed, starting reconnect loop" obj=tunnels.session obj=csess id=bdf794c71f57 err="session closed"
t=2026-04-20T12:37:55+0530 lvl=info msg="client session established" obj=tunnels.session
t=2026-04-20T12:37:55+0530 lvl=info msg="tunnel session started" obj=tunnels.session
t=2026-04-20T15:38:54+0530 lvl=eror msg="session closed, starting reconnect loop" obj=tunnels.session obj=csess id=bdf794c71f57 err="read EOF from remote peer"
t=2026-04-20T15:38:55+0530 lvl=info msg="client session established" obj=tunnels.session
t=2026-04-20T15:38:55+0530 lvl=info msg="tunnel session started" obj=tunnels.session
t=2026-04-20T15:39:03+0530 lvl=eror msg="heartbeat timeout, terminating session" obj=tunnels.session obj=csess id=99b82eb84c71 clientid=56322deaaab94c7a65b4f7a1c7b54fda
t=2026-04-20T15:40:43+0530 lvl=eror msg="session closed, starting reconnect loop" obj=tunnels.session obj=csess id=bdf794c71f57 err="read EOF from remote peer"
t=2026-04-20T15:40:44+0530 lvl=info msg="client session established" obj=tunnels.session
t=2026-04-20T15:40:44+0530 lvl=info msg="tunnel session started" obj=tunnels.session
t=2026-04-20T15:41:02+0530 lvl=eror msg="heartbeat timeout, terminating session" obj=tunnels.session obj=csess id=6b75997fd848 clientid=56322deaaab94c7a65b4f7a1c7b54fda
t=2026-04-20T16:13:52+0530 lvl=eror msg="session closed, starting reconnect loop" obj=tunnels.session obj=csess id=bdf794c71f57 err="read tcp [2400:1f00:2:e51b:813e:38ef:cc1f:3399]:59308->[2406:da1a:e91:9300:d4f4:8948:9d02:5408]:443: read: connection reset by peer"
t=2026-04-20T16:13:52+0530 lvl=info msg="client session established" obj=tunnels.session
t=2026-04-20T16:13:52+0530 lvl=info msg="tunnel session started" obj=tunnels.session
t=2026-04-20T16:23:31+0530 lvl=eror msg="session closed, starting reconnect loop" obj=tunnels.session obj=csess id=bdf794c71f57 err="read tcp [2400:1f00:2:e51b:813e:38ef:cc1f:3399]:59363->[2406:da1a:e91:9300:403a:a280:b69a:91cf]:443: read: connection reset by peer"
t=2026-04-20T16:23:32+0530 lvl=info msg="client session established" obj=tunnels.session
t=2026-04-20T16:23:32+0530 lvl=info msg="tunnel session started" obj=tunnels.session
t=2026-04-20T16:23:35+0530 lvl=eror msg="heartbeat timeout, terminating session" obj=tunnels.session obj=csess id=a530704ca0db clientid=56322deaaab94c7a65b4f7a1c7b54fda
t=2026-04-20T16:23:45+0530 lvl=eror msg="heartbeat timeout, terminating session" obj=tunnels.session obj=csess id=3c8dee017b67 clientid=56322deaaab94c7a65b4f7a1c7b54fda
t=2026-04-20T16:40:20+0530 lvl=eror msg="session closed, starting reconnect loop" obj=tunnels.session obj=csess id=bdf794c71f57 err="read tcp [2400:1f00:2:e51b:813e:38ef:cc1f:3399]:59388->[2406:da1a:e91:9301:f1a3:66ed:d097:b95c]:443: read: connection reset by peer"
t=2026-04-20T16:40:20+0530 lvl=info msg="client session established" obj=tunnels.session
t=2026-04-20T16:40:20+0530 lvl=info msg="tunnel session started" obj=tunnels.session
t=2026-04-20T16:51:21+0530 lvl=eror msg="session closed, starting reconnect loop" obj=tunnels.session obj=csess id=bdf794c71f57 err="read tcp [2400:1f00:2:e51b:813e:38ef:cc1f:3399]:59424->[2406:da1a:e91:9301:f1a3:66ed:d097:b95c]:443: read: connection reset by peer"
t=2026-04-20T16:51:22+0530 lvl=info msg="client session established" obj=tunnels.session
t=2026-04-20T16:51:22+0530 lvl=info msg="tunnel session started" obj=tunnels.session
t=2026-04-20T16:51:26+0530 lvl=eror msg="heartbeat timeout, terminating session" obj=tunnels.session obj=csess id=43b33846ce40 clientid=56322deaaab94c7a65b4f7a1c7b54fda
t=2026-04-20T16:51:36+0530 lvl=eror msg="heartbeat timeout, terminating session" obj=tunnels.session obj=csess id=70b70f8494e4 clientid=56322deaaab94c7a65b4f7a1c7b54fda
t=2026-04-20T16:52:56+0530 lvl=eror msg="session closed, starting reconnect loop" obj=tunnels.session obj=csess id=bdf794c71f57 err="read EOF from remote peer"
t=2026-04-20T16:52:57+0530 lvl=info msg="client session established" obj=tunnels.session
t=2026-04-20T16:52:57+0530 lvl=info msg="tunnel session started" obj=tunnels.session
t=2026-04-20T16:52:58+0530 lvl=eror msg="heartbeat timeout, terminating session" obj=tunnels.session obj=csess id=b7cbd941b1c1 clientid=56322deaaab94c7a65b4f7a1c7b54fda
t=2026-04-20T17:10:07+0530 lvl=eror msg="session closed, starting reconnect loop" obj=tunnels.session obj=csess id=bdf794c71f57 err="read tcp [2400:1f00:2:e51b:813e:38ef:cc1f:3399]:59501->[2406:da1a:e91:9302:5f2c:118e:bcf2:c8bb]:443: read: connection reset by peer"
t=2026-04-20T17:10:07+0530 lvl=info msg="client session established" obj=tunnels.session
t=2026-04-20T17:10:07+0530 lvl=info msg="tunnel session started" obj=tunnels.session
t=2026-04-20T17:12:43+0530 lvl=eror msg="heartbeat timeout, terminating session" obj=tunnels.session obj=csess id=52b2d776a098 clientid=56322deaaab94c7a65b4f7a1c7b54fda
t=2026-04-20T17:12:53+0530 lvl=eror msg="heartbeat timeout, terminating session" obj=tunnels.session obj=csess id=e288aaad5614 clientid=56322deaaab94c7a65b4f7a1c7b54fda
t=2026-04-20T17:12:53+0530 lvl=eror msg="session closed, starting reconnect loop" obj=tunnels.session obj=csess id=bdf794c71f57 err="session closed"
t=2026-04-20T17:12:54+0530 lvl=info msg="client session established" obj=tunnels.session
t=2026-04-20T17:12:54+0530 lvl=info msg="tunnel session started" obj=tunnels.session
t=2026-04-20T19:24:51+0530 lvl=eror msg="session closed, starting reconnect loop" obj=tunnels.session obj=csess id=bdf794c71f57 err="read tcp [2400:1f00:2:e51b:813e:38ef:cc1f:3399]:59598->[2406:da1a:e91:9301:f1a3:66ed:d097:b95c]:443: read: connection reset by peer"
t=2026-04-20T19:24:52+0530 lvl=info msg="client session established" obj=tunnels.session
t=2026-04-20T19:24:52+0530 lvl=info msg="tunnel session started" obj=tunnels.session
t=2026-04-20T19:35:38+0530 lvl=eror msg="session closed, starting reconnect loop" obj=tunnels.session obj=csess id=bdf794c71f57 err="read tcp [2400:1f00:2:e51b:813e:38ef:cc1f:3399]:61388->[2406:da1a:e91:9301:f1a3:66ed:d097:b95c]:443: read: connection reset by peer"
t=2026-04-20T19:35:38+0530 lvl=info msg="client session established" obj=tunnels.session
t=2026-04-20T19:35:38+0530 lvl=info msg="tunnel session started" obj=tunnels.session
t=2026-04-20T19:35:42+0530 lvl=eror msg="heartbeat timeout, terminating session" obj=tunnels.session obj=csess id=982a3eb6420c clientid=56322deaaab94c7a65b4f7a1c7b54fda
t=2026-04-20T19:35:52+0530 lvl=eror msg="heartbeat timeout, terminating session" obj=tunnels.session obj=csess id=6dfb4d856cc0 clientid=56322deaaab94c7a65b4f7a1c7b54fda
t=2026-04-21T00:24:56+0530 lvl=info msg="update available" obj=updater
t=2026-04-21T05:21:30+0530 lvl=eror msg="session closed, starting reconnect loop" obj=tunnels.session obj=csess id=bdf794c71f57 err="read tcp [2400:1f00:2:e51b:813e:38ef:cc1f:3399]:61482->[2406:da1a:e91:9300:d4f4:8948:9d02:5408]:443: read: connection reset by peer"
t=2026-04-21T05:21:31+0530 lvl=info msg="client session established" obj=tunnels.session
t=2026-04-21T05:21:31+0530 lvl=info msg="tunnel session started" obj=tunnels.session
t=2026-04-21T05:21:45+0530 lvl=eror msg="heartbeat timeout, terminating session" obj=tunnels.session obj=csess id=d0b79d1c41cc clientid=56322deaaab94c7a65b4f7a1c7b54fda
t=2026-04-21T05:38:36+0530 lvl=eror msg="session closed, starting reconnect loop" obj=tunnels.session obj=csess id=bdf794c71f57 err="read tcp [2400:1f00:2:e51b:813e:38ef:cc1f:3399]:56512->[2406:da1a:e91:9300:403a:a280:b69a:91cf]:443: read: connection reset by peer"
t=2026-04-21T05:38:37+0530 lvl=info msg="client session established" obj=tunnels.session
t=2026-04-21T05:38:37+0530 lvl=info msg="tunnel session started" obj=tunnels.session
t=2026-04-21T07:06:21+0530 lvl=eror msg="heartbeat timeout, terminating session" obj=tunnels.session obj=csess id=fb26b768fa35 clientid=56322deaaab94c7a65b4f7a1c7b54fda
t=2026-04-21T07:06:31+0530 lvl=eror msg="heartbeat timeout, terminating session" obj=tunnels.session obj=csess id=b039ba40e675 clientid=56322deaaab94c7a65b4f7a1c7b54fda
t=2026-04-21T07:06:31+0530 lvl=eror msg="session closed, starting reconnect loop" obj=tunnels.session obj=csess id=bdf794c71f57 err="session closed"
t=2026-04-21T07:06:32+0530 lvl=info msg="client session established" obj=tunnels.session
t=2026-04-21T07:06:32+0530 lvl=info msg="tunnel session started" obj=tunnels.session
t=2026-04-21T07:21:02+0530 lvl=eror msg="session closed, starting reconnect loop" obj=tunnels.session obj=csess id=bdf794c71f57 err="read tcp [2400:1f00:2:e51b:813e:38ef:cc1f:3399]:56716->[2406:da1a:e91:9300:d4f4:8948:9d02:5408]:443: read: connection reset by peer"
t=2026-04-21T07:21:03+0530 lvl=info msg="client session established" obj=tunnels.session
t=2026-04-21T07:21:03+0530 lvl=info msg="tunnel session started" obj=tunnels.session
t=2026-04-21T07:21:17+0530 lvl=eror msg="heartbeat timeout, terminating session" obj=tunnels.session obj=csess id=2320577b7668 clientid=56322deaaab94c7a65b4f7a1c7b54fda
t=2026-04-21T08:30:48+0530 lvl=eror msg="heartbeat timeout, terminating session" obj=tunnels.session obj=csess id=30fc97afaa29 clientid=56322deaaab94c7a65b4f7a1c7b54fda
t=2026-04-21T08:30:48+0530 lvl=eror msg="session closed, starting reconnect loop" obj=tunnels.session obj=csess id=bdf794c71f57 err="session closed"
t=2026-04-21T08:30:48+0530 lvl=eror msg="failed to reconnect session" obj=tunnels.session err="failed to dial ngrok server with address \"connect.ngrok-agent.com:443\": dial tcp: lookup connect.ngrok-agent.com: no such host"
t=2026-04-21T08:30:49+0530 lvl=eror msg="failed to reconnect session" obj=tunnels.session err="failed to dial ngrok server with address \"connect.ngrok-agent.com:443\": dial tcp: lookup connect.ngrok-agent.com: no such host"
t=2026-04-21T08:30:50+0530 lvl=eror msg="failed to reconnect session" obj=tunnels.session err="failed to dial ngrok server with address \"connect.ngrok-agent.com:443\": dial tcp: lookup connect.ngrok-agent.com: no such host"
t=2026-04-21T08:30:52+0530 lvl=eror msg="failed to reconnect session" obj=tunnels.session err="failed to dial ngrok server with address \"connect.ngrok-agent.com:443\": dial tcp: lookup connect.ngrok-agent.com: no such host"
t=2026-04-21T08:30:56+0530 lvl=eror msg="failed to reconnect session" obj=tunnels.session err="failed to dial ngrok server with address \"connect.ngrok-agent.com:443\": dial tcp: lookup connect.ngrok-agent.com: no such host"
t=2026-04-21T08:31:04+0530 lvl=eror msg="failed to reconnect session" obj=tunnels.session err="failed to dial ngrok server with address \"connect.ngrok-agent.com:443\": dial tcp: lookup connect.ngrok-agent.com: no such host"
t=2026-04-21T08:31:20+0530 lvl=eror msg="failed to reconnect session" obj=tunnels.session err="failed to dial ngrok server with address \"connect.ngrok-agent.com:443\": dial tcp: lookup connect.ngrok-agent.com: no such host"
t=2026-04-21T08:31:50+0530 lvl=eror msg="failed to reconnect session" obj=tunnels.session err="failed to dial ngrok server with address \"connect.ngrok-agent.com:443\": dial tcp: lookup connect.ngrok-agent.com: no such host"
t=2026-04-21T08:32:20+0530 lvl=eror msg="failed to reconnect session" obj=tunnels.session err="failed to dial ngrok server with address \"connect.ngrok-agent.com:443\": dial tcp: lookup connect.ngrok-agent.com: no such host"
t=2026-04-21T08:32:50+0530 lvl=eror msg="failed to reconnect session" obj=tunnels.session err="failed to dial ngrok server with address \"connect.ngrok-agent.com:443\": dial tcp: lookup connect.ngrok-agent.com: no such host"
t=2026-04-21T08:33:20+0530 lvl=eror msg="failed to reconnect session" obj=tunnels.session err="failed to dial ngrok server with address \"connect.ngrok-agent.com:443\": dial tcp: lookup connect.ngrok-agent.com: no such host"
t=2026-04-21T08:33:50+0530 lvl=eror msg="failed to reconnect session" obj=tunnels.session err="failed to dial ngrok server with address \"connect.ngrok-agent.com:443\": dial tcp: lookup connect.ngrok-agent.com: no such host"
t=2026-04-21T08:34:20+0530 lvl=eror msg="failed to reconnect session" obj=tunnels.session err="failed to dial ngrok server with address \"connect.ngrok-agent.com:443\": dial tcp: lookup connect.ngrok-agent.com: no such host"
t=2026-04-21T08:34:50+0530 lvl=eror msg="failed to reconnect session" obj=tunnels.session err="failed to dial ngrok server with address \"connect.ngrok-agent.com:443\": dial tcp: lookup connect.ngrok-agent.com: no such host"
t=2026-04-21T08:35:20+0530 lvl=eror msg="failed to reconnect session" obj=tunnels.session err="failed to dial ngrok server with address \"connect.ngrok-agent.com:443\": dial tcp: lookup connect.ngrok-agent.com: no such host"
t=2026-04-21T08:35:50+0530 lvl=eror msg="failed to reconnect session" obj=tunnels.session err="failed to dial ngrok server with address \"connect.ngrok-agent.com:443\": dial tcp: lookup connect.ngrok-agent.com: no such host"
t=2026-04-21T08:36:20+0530 lvl=eror msg="failed to reconnect session" obj=tunnels.session err="failed to dial ngrok server with address \"connect.ngrok-agent.com:443\": dial tcp: lookup connect.ngrok-agent.com: no such host"
t=2026-04-21T08:36:51+0530 lvl=info msg="client session established" obj=tunnels.session
t=2026-04-21T08:36:51+0530 lvl=info msg="tunnel session started" obj=tunnels.session
t=2026-04-21T08:38:43+0530 lvl=info msg="update available" obj=updater
t=2026-04-21T08:50:36+0530 lvl=eror msg="heartbeat timeout, terminating session" obj=tunnels.session obj=csess id=8bf3dccf8eea clientid=56322deaaab94c7a65b4f7a1c7b54fda
t=2026-04-21T08:50:36+0530 lvl=eror msg="session closed, starting reconnect loop" obj=tunnels.session obj=csess id=bdf794c71f57 err="session closed"
t=2026-04-21T08:50:36+0530 lvl=eror msg="failed to reconnect session" obj=tunnels.session err="failed to dial ngrok server with address \"connect.ngrok-agent.com:443\": dial tcp: lookup connect.ngrok-agent.com: no such host"
t=2026-04-21T08:50:36+0530 lvl=eror msg="failed to reconnect session" obj=tunnels.session err="failed to dial ngrok server with address \"connect.ngrok-agent.com:443\": dial tcp: lookup connect.ngrok-agent.com: no such host"
t=2026-04-21T08:50:37+0530 lvl=eror msg="failed to reconnect session" obj=tunnels.session err="failed to dial ngrok server with address \"connect.ngrok-agent.com:443\": dial tcp: lookup connect.ngrok-agent.com: no such host"
t=2026-04-21T08:50:39+0530 lvl=eror msg="failed to reconnect session" obj=tunnels.session err="failed to dial ngrok server with address \"connect.ngrok-agent.com:443\": dial tcp: lookup connect.ngrok-agent.com: no such host"
t=2026-04-21T08:50:43+0530 lvl=eror msg="failed to reconnect session" obj=tunnels.session err="failed to dial ngrok server with address \"connect.ngrok-agent.com:443\": dial tcp: lookup connect.ngrok-agent.com: no such host"
t=2026-04-21T08:50:51+0530 lvl=eror msg="failed to reconnect session" obj=tunnels.session err="failed to dial ngrok server with address \"connect.ngrok-agent.com:443\": dial tcp: lookup connect.ngrok-agent.com: no such host"
t=2026-04-21T08:51:07+0530 lvl=eror msg="failed to reconnect session" obj=tunnels.session err="failed to dial ngrok server with address \"connect.ngrok-agent.com:443\": dial tcp: lookup connect.ngrok-agent.com: no such host"
t=2026-04-21T08:51:37+0530 lvl=eror msg="failed to reconnect session" obj=tunnels.session err="failed to dial ngrok server with address \"connect.ngrok-agent.com:443\": dial tcp: lookup connect.ngrok-agent.com: no such host"
t=2026-04-21T08:52:07+0530 lvl=eror msg="failed to reconnect session" obj=tunnels.session err="failed to dial ngrok server with address \"connect.ngrok-agent.com:443\": dial tcp: lookup connect.ngrok-agent.com: no such host"
t=2026-04-21T08:52:37+0530 lvl=eror msg="failed to reconnect session" obj=tunnels.session err="failed to dial ngrok server with address \"connect.ngrok-agent.com:443\": dial tcp: lookup connect.ngrok-agent.com: no such host"
t=2026-04-21T08:53:07+0530 lvl=eror msg="failed to reconnect session" obj=tunnels.session err="failed to dial ngrok server with address \"connect.ngrok-agent.com:443\": dial tcp: lookup connect.ngrok-agent.com: no such host"
t=2026-04-21T08:53:37+0530 lvl=eror msg="failed to reconnect session" obj=tunnels.session err="failed to dial ngrok server with address \"connect.ngrok-agent.com:443\": dial tcp: lookup connect.ngrok-agent.com: no such host"
t=2026-04-21T08:54:07+0530 lvl=eror msg="failed to reconnect session" obj=tunnels.session err="failed to dial ngrok server with address \"connect.ngrok-agent.com:443\": dial tcp: lookup connect.ngrok-agent.com: no such host"
t=2026-04-21T08:54:37+0530 lvl=eror msg="failed to reconnect session" obj=tunnels.session err="failed to dial ngrok server with address \"connect.ngrok-agent.com:443\": dial tcp: lookup connect.ngrok-agent.com: no such host"
t=2026-04-21T08:55:07+0530 lvl=eror msg="failed to reconnect session" obj=tunnels.session err="failed to dial ngrok server with address \"connect.ngrok-agent.com:443\": dial tcp: lookup connect.ngrok-agent.com: no such host"
t=2026-04-21T08:55:37+0530 lvl=eror msg="failed to reconnect session" obj=tunnels.session err="failed to dial ngrok server with address \"connect.ngrok-agent.com:443\": dial tcp: lookup connect.ngrok-agent.com: no such host"
t=2026-04-21T08:56:07+0530 lvl=eror msg="failed to reconnect session" obj=tunnels.session err="failed to dial ngrok server with address \"connect.ngrok-agent.com:443\": dial tcp: lookup connect.ngrok-agent.com: no such host"
t=2026-04-21T08:56:37+0530 lvl=eror msg="failed to reconnect session" obj=tunnels.session err="failed to dial ngrok server with address \"connect.ngrok-agent.com:443\": dial tcp: lookup connect.ngrok-agent.com: no such host"
t=2026-04-21T08:57:07+0530 lvl=eror msg="failed to reconnect session" obj=tunnels.session err="failed to dial ngrok server with address \"connect.ngrok-agent.com:443\": dial tcp: lookup connect.ngrok-agent.com: no such host"
t=2026-04-21T08:57:37+0530 lvl=eror msg="failed to reconnect session" obj=tunnels.session err="failed to dial ngrok server with address \"connect.ngrok-agent.com:443\": dial tcp: lookup connect.ngrok-agent.com: no such host"
t=2026-04-21T08:58:07+0530 lvl=eror msg="failed to reconnect session" obj=tunnels.session err="failed to dial ngrok server with address \"connect.ngrok-agent.com:443\": dial tcp: lookup connect.ngrok-agent.com: no such host"
t=2026-04-21T08:58:37+0530 lvl=eror msg="failed to reconnect session" obj=tunnels.session err="failed to dial ngrok server with address \"connect.ngrok-agent.com:443\": dial tcp: lookup connect.ngrok-agent.com: no such host"
t=2026-04-21T08:59:07+0530 lvl=eror msg="failed to reconnect session" obj=tunnels.session err="failed to dial ngrok server with address \"connect.ngrok-agent.com:443\": dial tcp: lookup connect.ngrok-agent.com: no such host"
t=2026-04-21T08:59:37+0530 lvl=eror msg="failed to reconnect session" obj=tunnels.session err="failed to dial ngrok server with address \"connect.ngrok-agent.com:443\": dial tcp: lookup connect.ngrok-agent.com: no such host"
t=2026-04-21T09:00:07+0530 lvl=eror msg="failed to reconnect session" obj=tunnels.session err="failed to dial ngrok server with address \"connect.ngrok-agent.com:443\": dial tcp: lookup connect.ngrok-agent.com: no such host"
t=2026-04-21T09:00:37+0530 lvl=eror msg="failed to reconnect session" obj=tunnels.session err="failed to dial ngrok server with address \"connect.ngrok-agent.com:443\": dial tcp: lookup connect.ngrok-agent.com: no such host"
t=2026-04-21T09:01:07+0530 lvl=eror msg="failed to reconnect session" obj=tunnels.session err="failed to dial ngrok server with address \"connect.ngrok-agent.com:443\": dial tcp: lookup connect.ngrok-agent.com: no such host"
t=2026-04-21T09:01:37+0530 lvl=eror msg="failed to reconnect session" obj=tunnels.session err="failed to dial ngrok server with address \"connect.ngrok-agent.com:443\": dial tcp: lookup connect.ngrok-agent.com: no such host"
t=2026-04-21T09:02:07+0530 lvl=eror msg="failed to reconnect session" obj=tunnels.session err="failed to dial ngrok server with address \"connect.ngrok-agent.com:443\": dial tcp: lookup connect.ngrok-agent.com: no such host"
t=2026-04-21T09:02:37+0530 lvl=eror msg="failed to reconnect session" obj=tunnels.session err="failed to dial ngrok server with address \"connect.ngrok-agent.com:443\": dial tcp: lookup connect.ngrok-agent.com: no such host"
t=2026-04-21T09:03:07+0530 lvl=eror msg="failed to reconnect session" obj=tunnels.session err="failed to dial ngrok server with address \"connect.ngrok-agent.com:443\": dial tcp: lookup connect.ngrok-agent.com: no such host"
t=2026-04-21T09:03:37+0530 lvl=eror msg="failed to reconnect session" obj=tunnels.session err="failed to dial ngrok server with address \"connect.ngrok-agent.com:443\": dial tcp: lookup connect.ngrok-agent.com: no such host"
t=2026-04-21T09:04:07+0530 lvl=eror msg="failed to reconnect session" obj=tunnels.session err="failed to dial ngrok server with address \"connect.ngrok-agent.com:443\": dial tcp: lookup connect.ngrok-agent.com: no such host"
t=2026-04-21T09:04:37+0530 lvl=eror msg="failed to reconnect session" obj=tunnels.session err="failed to dial ngrok server with address \"connect.ngrok-agent.com:443\": dial tcp: lookup connect.ngrok-agent.com: no such host"
t=2026-04-21T09:05:07+0530 lvl=eror msg="failed to reconnect session" obj=tunnels.session err="failed to dial ngrok server with address \"connect.ngrok-agent.com:443\": dial tcp: lookup connect.ngrok-agent.com: no such host"
t=2026-04-21T09:05:37+0530 lvl=eror msg="failed to reconnect session" obj=tunnels.session err="failed to dial ngrok server with address \"connect.ngrok-agent.com:443\": dial tcp: lookup connect.ngrok-agent.com: no such host"
t=2026-04-21T09:06:07+0530 lvl=eror msg="failed to reconnect session" obj=tunnels.session err="failed to dial ngrok server with address \"connect.ngrok-agent.com:443\": dial tcp: lookup connect.ngrok-agent.com: no such host"
t=2026-04-21T09:06:37+0530 lvl=eror msg="failed to reconnect session" obj=tunnels.session err="failed to dial ngrok server with address \"connect.ngrok-agent.com:443\": dial tcp: lookup connect.ngrok-agent.com: no such host"
t=2026-04-21T09:07:07+0530 lvl=eror msg="failed to reconnect session" obj=tunnels.session err="failed to dial ngrok server with address \"connect.ngrok-agent.com:443\": dial tcp: lookup connect.ngrok-agent.com: no such host"
t=2026-04-21T09:07:37+0530 lvl=eror msg="failed to reconnect session" obj=tunnels.session err="failed to dial ngrok server with address \"connect.ngrok-agent.com:443\": dial tcp: lookup connect.ngrok-agent.com: no such host"
t=2026-04-21T09:08:07+0530 lvl=eror msg="failed to reconnect session" obj=tunnels.session err="failed to dial ngrok server with address \"connect.ngrok-agent.com:443\": dial tcp: lookup connect.ngrok-agent.com: no such host"
t=2026-04-21T09:08:37+0530 lvl=eror msg="failed to reconnect session" obj=tunnels.session err="failed to dial ngrok server with address \"connect.ngrok-agent.com:443\": dial tcp: lookup connect.ngrok-agent.com: no such host"
t=2026-04-21T09:09:07+0530 lvl=eror msg="failed to reconnect session" obj=tunnels.session err="failed to dial ngrok server with address \"connect.ngrok-agent.com:443\": dial tcp: lookup connect.ngrok-agent.com: no such host"
t=2026-04-21T09:09:37+0530 lvl=eror msg="failed to reconnect session" obj=tunnels.session err="failed to dial ngrok server with address \"connect.ngrok-agent.com:443\": dial tcp: lookup connect.ngrok-agent.com: no such host"
t=2026-04-21T09:10:07+0530 lvl=eror msg="failed to reconnect session" obj=tunnels.session err="failed to dial ngrok server with address \"connect.ngrok-agent.com:443\": dial tcp: lookup connect.ngrok-agent.com: no such host"
t=2026-04-21T09:10:37+0530 lvl=eror msg="failed to reconnect session" obj=tunnels.session err="failed to dial ngrok server with address \"connect.ngrok-agent.com:443\": dial tcp: lookup connect.ngrok-agent.com: no such host"
t=2026-04-21T09:11:07+0530 lvl=eror msg="failed to reconnect session" obj=tunnels.session err="failed to dial ngrok server with address \"connect.ngrok-agent.com:443\": dial tcp: lookup connect.ngrok-agent.com: no such host"
t=2026-04-21T09:11:37+0530 lvl=eror msg="failed to reconnect session" obj=tunnels.session err="failed to dial ngrok server with address \"connect.ngrok-agent.com:443\": dial tcp: lookup connect.ngrok-agent.com: no such host"
t=2026-04-21T09:12:09+0530 lvl=info msg="client session established" obj=tunnels.session
t=2026-04-21T09:12:09+0530 lvl=info msg="tunnel session started" obj=tunnels.session
t=2026-04-21T10:05:03+0530 lvl=eror msg="heartbeat timeout, terminating session" obj=tunnels.session obj=csess id=d7d65e6ee31d clientid=56322deaaab94c7a65b4f7a1c7b54fda
t=2026-04-21T10:05:03+0530 lvl=eror msg="session closed, starting reconnect loop" obj=tunnels.session obj=csess id=bdf794c71f57 err="session closed"
t=2026-04-21T10:05:03+0530 lvl=eror msg="failed to reconnect session" obj=tunnels.session err="failed to dial ngrok server with address \"connect.ngrok-agent.com:443\": dial tcp: lookup connect.ngrok-agent.com: no such host"
t=2026-04-21T10:05:04+0530 lvl=eror msg="failed to reconnect session" obj=tunnels.session err="failed to dial ngrok server with address \"connect.ngrok-agent.com:443\": dial tcp: lookup connect.ngrok-agent.com: no such host"
t=2026-04-21T10:05:05+0530 lvl=eror msg="failed to reconnect session" obj=tunnels.session err="failed to dial ngrok server with address \"connect.ngrok-agent.com:443\": dial tcp: lookup connect.ngrok-agent.com: no such host"
t=2026-04-21T10:05:07+0530 lvl=eror msg="failed to reconnect session" obj=tunnels.session err="failed to dial ngrok server with address \"connect.ngrok-agent.com:443\": dial tcp: lookup connect.ngrok-agent.com: no such host"
t=2026-04-21T10:05:11+0530 lvl=eror msg="failed to reconnect session" obj=tunnels.session err="failed to dial ngrok server with address \"connect.ngrok-agent.com:443\": dial tcp: lookup connect.ngrok-agent.com: no such host"
t=2026-04-21T10:05:20+0530 lvl=info msg="client session established" obj=tunnels.session
t=2026-04-21T10:05:20+0530 lvl=info msg="tunnel session started" obj=tunnels.session
t=2026-04-21T10:18:51+0530 lvl=eror msg="heartbeat timeout, terminating session" obj=tunnels.session obj=csess id=7600071645a0 clientid=56322deaaab94c7a65b4f7a1c7b54fda
t=2026-04-21T10:18:51+0530 lvl=eror msg="session closed, starting reconnect loop" obj=tunnels.session obj=csess id=bdf794c71f57 err="session closed"
t=2026-04-21T10:18:52+0530 lvl=info msg="client session established" obj=tunnels.session
t=2026-04-21T10:18:52+0530 lvl=info msg="tunnel session started" obj=tunnels.session
t=2026-04-21T10:22:10+0530 lvl=eror msg="heartbeat timeout, terminating session" obj=tunnels.session obj=csess id=7d9dcd41b240 clientid=56322deaaab94c7a65b4f7a1c7b54fda
t=2026-04-21T10:22:10+0530 lvl=eror msg="session closed, starting reconnect loop" obj=tunnels.session obj=csess id=bdf794c71f57 err="session closed"
t=2026-04-21T10:22:10+0530 lvl=eror msg="failed to reconnect session" obj=tunnels.session err="failed to dial ngrok server with address \"connect.ngrok-agent.com:443\": dial tcp: lookup connect.ngrok-agent.com: no such host"
t=2026-04-21T10:22:11+0530 lvl=eror msg="failed to reconnect session" obj=tunnels.session err="failed to dial ngrok server with address \"connect.ngrok-agent.com:443\": dial tcp: lookup connect.ngrok-agent.com: no such host"
t=2026-04-21T10:22:12+0530 lvl=eror msg="failed to reconnect session" obj=tunnels.session err="failed to dial ngrok server with address \"connect.ngrok-agent.com:443\": dial tcp: lookup connect.ngrok-agent.com: no such host"
t=2026-04-21T10:22:14+0530 lvl=eror msg="failed to reconnect session" obj=tunnels.session err="failed to dial ngrok server with address \"connect.ngrok-agent.com:443\": dial tcp: lookup connect.ngrok-agent.com: no such host"
t=2026-04-21T10:22:18+0530 lvl=eror msg="failed to reconnect session" obj=tunnels.session err="failed to dial ngrok server with address \"connect.ngrok-agent.com:443\": dial tcp: lookup connect.ngrok-agent.com: no such host"
t=2026-04-21T10:22:26+0530 lvl=eror msg="failed to reconnect session" obj=tunnels.session err="failed to dial ngrok server with address \"connect.ngrok-agent.com:443\": dial tcp: lookup connect.ngrok-agent.com: no such host"
t=2026-04-21T10:39:03+0530 lvl=eror msg="failed to reconnect session" obj=tunnels.session err="failed to dial ngrok server with address \"connect.ngrok-agent.com:443\": dial tcp: lookup connect.ngrok-agent.com: no such host"
t=2026-04-21T11:04:33+0530 lvl=eror msg="failed to reconnect session" obj=tunnels.session err="failed to dial ngrok server with address \"connect.ngrok-agent.com:443\": dial tcp: lookup connect.ngrok-agent.com: i/o timeout"
t=2026-04-21T11:06:13+0530 lvl=eror msg="failed to reconnect session" obj=tunnels.session err="failed to dial ngrok server with address \"connect.ngrok-agent.com:443\": dial tcp: lookup connect.ngrok-agent.com: i/o timeout"
t=2026-04-21T11:07:44+0530 lvl=info msg="client session established" obj=tunnels.session
t=2026-04-21T11:07:44+0530 lvl=info msg="tunnel session started" obj=tunnels.session
t=2026-04-21T11:59:58+0530 lvl=eror msg="session closed, starting reconnect loop" obj=tunnels.session obj=csess id=bdf794c71f57 err="read tcp 10.0.8.73:53125->3.108.208.206:443: read: can't assign requested address"
t=2026-04-21T11:59:58+0530 lvl=eror msg="failed to reconnect session" obj=tunnels.session err="failed to dial ngrok server with address \"connect.ngrok-agent.com:443\": dial tcp: lookup connect.ngrok-agent.com: no such host"
t=2026-04-21T11:59:59+0530 lvl=eror msg="failed to reconnect session" obj=tunnels.session err="failed to dial ngrok server with address \"connect.ngrok-agent.com:443\": dial tcp: lookup connect.ngrok-agent.com: no such host"
t=2026-04-21T12:00:00+0530 lvl=eror msg="failed to reconnect session" obj=tunnels.session err="failed to dial ngrok server with address \"connect.ngrok-agent.com:443\": dial tcp: lookup connect.ngrok-agent.com: no such host"
t=2026-04-21T12:06:09+0530 lvl=eror msg="failed to reconnect session" obj=tunnels.session err="session closed"
t=2026-04-21T12:06:10+0530 lvl=eror msg="heartbeat timeout, terminating session" obj=tunnels.session obj=csess id=8e696873e855 clientid=56322deaaab94c7a65b4f7a1c7b54fda
t=2026-04-21T12:06:14+0530 lvl=info msg="client session established" obj=tunnels.session
t=2026-04-21T12:06:14+0530 lvl=info msg="tunnel session started" obj=tunnels.session
t=2026-04-21T12:25:26+0530 lvl=eror msg="heartbeat timeout, terminating session" obj=tunnels.session obj=csess id=d66c94213561 clientid=56322deaaab94c7a65b4f7a1c7b54fda
t=2026-04-21T12:25:26+0530 lvl=eror msg="session closed, starting reconnect loop" obj=tunnels.session obj=csess id=bdf794c71f57 err="session closed"
t=2026-04-21T12:25:27+0530 lvl=info msg="client session established" obj=tunnels.session
t=2026-04-21T12:25:27+0530 lvl=info msg="tunnel session started" obj=tunnels.session
t=2026-04-21T12:44:01+0530 lvl=eror msg="session closed, starting reconnect loop" obj=tunnels.session obj=csess id=bdf794c71f57 err="read EOF from remote peer"
t=2026-04-21T12:44:02+0530 lvl=info msg="client session established" obj=tunnels.session
t=2026-04-21T12:44:02+0530 lvl=info msg="tunnel session started" obj=tunnels.session
t=2026-04-21T12:44:11+0530 lvl=eror msg="heartbeat timeout, terminating session" obj=tunnels.session obj=csess id=b6f91b96f920 clientid=56322deaaab94c7a65b4f7a1c7b54fda
t=2026-04-21T12:52:26+0530 lvl=eror msg="heartbeat timeout, terminating session" obj=tunnels.session obj=csess id=305e2a0f2009 clientid=56322deaaab94c7a65b4f7a1c7b54fda
t=2026-04-21T12:52:26+0530 lvl=eror msg="session closed, starting reconnect loop" obj=tunnels.session obj=csess id=bdf794c71f57 err="session closed"
t=2026-04-21T12:52:26+0530 lvl=eror msg="failed to reconnect session" obj=tunnels.session err="failed to dial ngrok server with address \"connect.ngrok-agent.com:443\": dial tcp: lookup connect.ngrok-agent.com: no such host"
t=2026-04-21T12:52:27+0530 lvl=eror msg="failed to reconnect session" obj=tunnels.session err="failed to dial ngrok server with address \"connect.ngrok-agent.com:443\": dial tcp: lookup connect.ngrok-agent.com: no such host"
t=2026-04-21T12:52:28+0530 lvl=eror msg="failed to reconnect session" obj=tunnels.session err="failed to dial ngrok server with address \"connect.ngrok-agent.com:443\": dial tcp: lookup connect.ngrok-agent.com: no such host"
t=2026-04-21T12:52:30+0530 lvl=eror msg="failed to reconnect session" obj=tunnels.session err="failed to dial ngrok server with address \"connect.ngrok-agent.com:443\": dial tcp: lookup connect.ngrok-agent.com: no such host"
t=2026-04-21T12:52:34+0530 lvl=eror msg="failed to reconnect session" obj=tunnels.session err="failed to dial ngrok server with address \"connect.ngrok-agent.com:443\": dial tcp: lookup connect.ngrok-agent.com: no such host"
t=2026-04-21T12:53:30+0530 lvl=eror msg="failed to reconnect session" obj=tunnels.session err="failed to dial ngrok server with address \"connect.ngrok-agent.com:443\": dial tcp: lookup connect.ngrok-agent.com: no such host"
t=2026-04-21T12:53:46+0530 lvl=eror msg="failed to reconnect session" obj=tunnels.session err="failed to dial ngrok server with address \"connect.ngrok-agent.com:443\": dial tcp: lookup connect.ngrok-agent.com: no such host"
t=2026-04-21T12:55:54+0530 lvl=eror msg="failed to reconnect session" obj=tunnels.session err="failed to dial ngrok server with address \"connect.ngrok-agent.com:443\": dial tcp: lookup connect.ngrok-agent.com: no such host"
t=2026-04-21T12:57:15+0530 lvl=eror msg="failed to reconnect session" obj=tunnels.session err="failed to dial ngrok server with address \"connect.ngrok-agent.com:443\": dial tcp: lookup connect.ngrok-agent.com: no such host"
t=2026-04-21T12:58:25+0530 lvl=eror msg="failed to reconnect session" obj=tunnels.session err="failed to dial ngrok server with address \"connect.ngrok-agent.com:443\": dial tcp: lookup connect.ngrok-agent.com: no such host"
t=2026-04-21T13:16:36+0530 lvl=eror msg="failed to reconnect session" obj=tunnels.session err="failed to dial ngrok server with address \"connect.ngrok-agent.com:443\": dial tcp: lookup connect.ngrok-agent.com: no such host"
t=2026-04-21T13:18:39+0530 lvl=info msg="client session established" obj=tunnels.session
t=2026-04-21T13:18:39+0530 lvl=info msg="tunnel session started" obj=tunnels.session
t=2026-04-21T13:27:59+0530 lvl=eror msg="heartbeat timeout, terminating session" obj=tunnels.session obj=csess id=ebfd3de49035 clientid=56322deaaab94c7a65b4f7a1c7b54fda
t=2026-04-21T13:27:59+0530 lvl=eror msg="session closed, starting reconnect loop" obj=tunnels.session obj=csess id=bdf794c71f57 err="session closed"
t=2026-04-21T13:28:00+0530 lvl=eror msg="failed to reconnect session" obj=tunnels.session err="failed to dial ngrok server with address \"connect.ngrok-agent.com:443\": dial tcp: lookup connect.ngrok-agent.com: no such host"
t=2026-04-21T13:28:00+0530 lvl=eror msg="failed to reconnect session" obj=tunnels.session err="failed to dial ngrok server with address \"connect.ngrok-agent.com:443\": dial tcp: lookup connect.ngrok-agent.com: no such host"
t=2026-04-21T13:28:01+0530 lvl=eror msg="failed to reconnect session" obj=tunnels.session err="failed to dial ngrok server with address \"connect.ngrok-agent.com:443\": dial tcp: lookup connect.ngrok-agent.com: no such host"
t=2026-04-21T13:28:03+0530 lvl=eror msg="failed to reconnect session" obj=tunnels.session err="failed to dial ngrok server with address \"connect.ngrok-agent.com:443\": dial tcp: lookup connect.ngrok-agent.com: no such host"
t=2026-04-21T13:28:07+0530 lvl=eror msg="failed to reconnect session" obj=tunnels.session err="failed to dial ngrok server with address \"connect.ngrok-agent.com:443\": dial tcp: lookup connect.ngrok-agent.com: no such host"
t=2026-04-21T13:32:00+0530 lvl=eror msg="failed to reconnect session" obj=tunnels.session err="failed to dial ngrok server with address \"connect.ngrok-agent.com:443\": dial tcp: lookup connect.ngrok-agent.com: no such host"
t=2026-04-21T13:33:07+0530 lvl=eror msg="failed to reconnect session" obj=tunnels.session err="failed to dial ngrok server with address \"connect.ngrok-agent.com:443\": dial tcp: lookup connect.ngrok-agent.com: no such host"
t=2026-04-21T13:35:56+0530 lvl=eror msg="failed to reconnect session" obj=tunnels.session err="failed to dial ngrok server with address \"connect.ngrok-agent.com:443\": dial tcp: lookup connect.ngrok-agent.com: no such host"
t=2026-04-21T13:37:17+0530 lvl=eror msg="failed to reconnect session" obj=tunnels.session err="failed to dial ngrok server with address \"connect.ngrok-agent.com:443\": dial tcp: lookup connect.ngrok-agent.com: no such host"
t=2026-04-21T13:39:25+0530 lvl=eror msg="failed to reconnect session" obj=tunnels.session err="failed to dial ngrok server with address \"connect.ngrok-agent.com:443\": dial tcp: lookup connect.ngrok-agent.com: no such host"
t=2026-04-21T13:52:59+0530 lvl=eror msg="failed to reconnect session" obj=tunnels.session err="failed to dial ngrok server with address \"connect.ngrok-agent.com:443\": dial tcp: lookup connect.ngrok-agent.com: no such host"
t=2026-04-21T13:53:37+0530 lvl=eror msg="failed to reconnect session" obj=tunnels.session err="failed to dial ngrok server with address \"connect.ngrok-agent.com:443\": dial tcp: lookup connect.ngrok-agent.com: no such host"
t=2026-04-21T13:55:40+0530 lvl=info msg="client session established" obj=tunnels.session
t=2026-04-21T13:55:40+0530 lvl=info msg="tunnel session started" obj=tunnels.session
t=2026-04-21T14:22:24+0530 lvl=eror msg="heartbeat timeout, terminating session" obj=tunnels.session obj=csess id=f97be2b29fa3 clientid=56322deaaab94c7a65b4f7a1c7b54fda
t=2026-04-21T14:22:24+0530 lvl=eror msg="session closed, starting reconnect loop" obj=tunnels.session obj=csess id=bdf794c71f57 err="session closed"
t=2026-04-21T14:22:25+0530 lvl=info msg="client session established" obj=tunnels.session
t=2026-04-21T14:22:25+0530 lvl=info msg="tunnel session started" obj=tunnels.session
t=2026-04-21T15:08:41+0530 lvl=eror msg="heartbeat timeout, terminating session" obj=tunnels.session obj=csess id=9a1094de7287 clientid=56322deaaab94c7a65b4f7a1c7b54fda
t=2026-04-21T15:08:41+0530 lvl=eror msg="session closed, starting reconnect loop" obj=tunnels.session obj=csess id=bdf794c71f57 err="session closed"
t=2026-04-21T15:08:41+0530 lvl=eror msg="failed to reconnect session" obj=tunnels.session err="failed to dial ngrok server with address \"connect.ngrok-agent.com:443\": dial tcp: lookup connect.ngrok-agent.com: no such host"
t=2026-04-21T15:08:41+0530 lvl=eror msg="failed to reconnect session" obj=tunnels.session err="failed to dial ngrok server with address \"connect.ngrok-agent.com:443\": dial tcp: lookup connect.ngrok-agent.com: no such host"
t=2026-04-21T15:08:42+0530 lvl=eror msg="failed to reconnect session" obj=tunnels.session err="failed to dial ngrok server with address \"connect.ngrok-agent.com:443\": dial tcp: lookup connect.ngrok-agent.com: no such host"
t=2026-04-21T15:08:44+0530 lvl=eror msg="failed to reconnect session" obj=tunnels.session err="failed to dial ngrok server with address \"connect.ngrok-agent.com:443\": dial tcp: lookup connect.ngrok-agent.com: no such host"
t=2026-04-21T15:08:48+0530 lvl=eror msg="failed to reconnect session" obj=tunnels.session err="failed to dial ngrok server with address \"connect.ngrok-agent.com:443\": dial tcp: lookup connect.ngrok-agent.com: no such host"
t=2026-04-21T15:09:36+0530 lvl=eror msg="failed to reconnect session" obj=tunnels.session err="failed to send authentication request: failed to fetch CRL. errors encountered: timed out fetching CRL"
t=2026-04-21T15:09:52+0530 lvl=eror msg="failed to reconnect session" obj=tunnels.session err="failed to dial ngrok server with address \"connect.ngrok-agent.com:443\": dial tcp: lookup connect.ngrok-agent.com: no such host"
t=2026-04-21T15:10:29+0530 lvl=eror msg="failed to reconnect session" obj=tunnels.session err="failed to dial ngrok server with address \"connect.ngrok-agent.com:443\": dial tcp: lookup connect.ngrok-agent.com: no such host"
t=2026-04-21T15:10:59+0530 lvl=info msg="client session established" obj=tunnels.session
t=2026-04-21T15:10:59+0530 lvl=info msg="tunnel session started" obj=tunnels.session
t=2026-04-21T15:11:49+0530 lvl=eror msg="heartbeat timeout, terminating session" obj=tunnels.session obj=csess id=fa17192c12dd clientid=56322deaaab94c7a65b4f7a1c7b54fda
t=2026-04-21T15:11:49+0530 lvl=eror msg="session closed, starting reconnect loop" obj=tunnels.session obj=csess id=bdf794c71f57 err="session closed"
t=2026-04-21T15:11:58+0530 lvl=eror msg="failed to reconnect session" obj=tunnels.session err="failed to dial ngrok server with address \"connect.ngrok-agent.com:443\": dial tcp 3.108.208.206:443: i/o timeout"
t=2026-04-21T15:11:58+0530 lvl=eror msg="failed to reconnect session" obj=tunnels.session err="failed to dial ngrok server with address \"connect.ngrok-agent.com:443\": dial tcp: lookup connect.ngrok-agent.com: no such host"
t=2026-04-21T15:11:59+0530 lvl=eror msg="failed to reconnect session" obj=tunnels.session err="failed to dial ngrok server with address \"connect.ngrok-agent.com:443\": dial tcp: lookup connect.ngrok-agent.com: no such host"
t=2026-04-21T15:12:11+0530 lvl=eror msg="failed to reconnect session" obj=tunnels.session err="failed to dial ngrok server with address \"connect.ngrok-agent.com:443\": dial tcp: lookup connect.ngrok-agent.com: i/o timeout"
t=2026-04-21T15:13:25+0530 lvl=eror msg="failed to reconnect session" obj=tunnels.session err="failed to dial ngrok server with address \"connect.ngrok-agent.com:443\": dial tcp: lookup connect.ngrok-agent.com: no such host"
t=2026-04-21T15:13:43+0530 lvl=eror msg="failed to reconnect session" obj=tunnels.session err="failed to dial ngrok server with address \"connect.ngrok-agent.com:443\": dial tcp: lookup connect.ngrok-agent.com: i/o timeout"
t=2026-04-21T15:13:59+0530 lvl=eror msg="failed to reconnect session" obj=tunnels.session err="failed to dial ngrok server with address \"connect.ngrok-agent.com:443\": dial tcp: lookup connect.ngrok-agent.com: no such host"
t=2026-04-21T15:16:49+0530 lvl=eror msg="failed to reconnect session" obj=tunnels.session err="failed to dial ngrok server with address \"connect.ngrok-agent.com:443\": dial tcp: lookup connect.ngrok-agent.com: no such host"
t=2026-04-21T15:32:27+0530 lvl=eror msg="failed to reconnect session" obj=tunnels.session err="failed to dial ngrok server with address \"connect.ngrok-agent.com:443\": dial tcp: lookup connect.ngrok-agent.com: no such host"
t=2026-04-21T16:42:42+0530 lvl=eror msg="failed to reconnect session" obj=tunnels.session err="failed to dial ngrok server with address \"connect.ngrok-agent.com:443\": dial tcp: lookup connect.ngrok-agent.com: no such host"
t=2026-04-21T16:54:31+0530 lvl=eror msg="failed to reconnect session" obj=tunnels.session err="failed to dial ngrok server with address \"connect.ngrok-agent.com:443\": dial tcp: lookup connect.ngrok-agent.com: no such host"
t=2026-04-21T16:55:01+0530 lvl=eror msg="failed to reconnect session" obj=tunnels.session err="failed to dial ngrok server with address \"connect.ngrok-agent.com:443\": dial tcp: lookup connect.ngrok-agent.com: no such host"
t=2026-04-21T17:13:14+0530 lvl=info msg="client session established" obj=tunnels.session
t=2026-04-21T17:13:14+0530 lvl=info msg="tunnel session started" obj=tunnels.session
t=2026-04-21T17:55:29+0530 lvl=eror msg="heartbeat timeout, terminating session" obj=tunnels.session obj=csess id=138c340d2b7a clientid=56322deaaab94c7a65b4f7a1c7b54fda
t=2026-04-21T17:55:29+0530 lvl=eror msg="session closed, starting reconnect loop" obj=tunnels.session obj=csess id=bdf794c71f57 err="session closed"
t=2026-04-21T17:55:30+0530 lvl=info msg="client session established" obj=tunnels.session
t=2026-04-21T17:55:30+0530 lvl=info msg="tunnel session started" obj=tunnels.session
t=2026-04-21T18:28:46+0530 lvl=eror msg="session closed, starting reconnect loop" obj=tunnels.session obj=csess id=bdf794c71f57 err="read tcp 192.168.0.90:54630->3.108.187.139:443: read: operation timed out"
t=2026-04-21T18:28:47+0530 lvl=info msg="client session established" obj=tunnels.session
t=2026-04-21T18:28:47+0530 lvl=info msg="tunnel session started" obj=tunnels.session
t=2026-04-21T18:44:51+0530 lvl=eror msg="heartbeat timeout, terminating session" obj=tunnels.session obj=csess id=f20744ea2de2 clientid=56322deaaab94c7a65b4f7a1c7b54fda
t=2026-04-21T18:46:18+0530 lvl=eror msg="heartbeat timeout, terminating session" obj=tunnels.session obj=csess id=27c7fc1ba8bc clientid=56322deaaab94c7a65b4f7a1c7b54fda
t=2026-04-21T18:46:18+0530 lvl=eror msg="session closed, starting reconnect loop" obj=tunnels.session obj=csess id=bdf794c71f57 err="session closed"
t=2026-04-21T18:46:18+0530 lvl=eror msg="failed to reconnect session" obj=tunnels.session err="failed to dial ngrok server with address \"connect.ngrok-agent.com:443\": dial tcp: lookup connect.ngrok-agent.com: no such host"
t=2026-04-21T18:46:18+0530 lvl=eror msg="failed to reconnect session" obj=tunnels.session err="failed to dial ngrok server with address \"connect.ngrok-agent.com:443\": dial tcp: lookup connect.ngrok-agent.com: no such host"
t=2026-04-21T18:46:19+0530 lvl=eror msg="failed to reconnect session" obj=tunnels.session err="failed to dial ngrok server with address \"connect.ngrok-agent.com:443\": dial tcp: lookup connect.ngrok-agent.com: no such host"
t=2026-04-21T18:46:21+0530 lvl=eror msg="failed to reconnect session" obj=tunnels.session err="failed to dial ngrok server with address \"connect.ngrok-agent.com:443\": dial tcp: lookup connect.ngrok-agent.com: no such host"
t=2026-04-21T18:46:26+0530 lvl=eror msg="failed to reconnect session" obj=tunnels.session err="failed to dial ngrok server with address \"connect.ngrok-agent.com:443\": dial tcp: lookup connect.ngrok-agent.com: no such host"
t=2026-04-21T18:46:34+0530 lvl=eror msg="failed to reconnect session" obj=tunnels.session err="failed to dial ngrok server with address \"connect.ngrok-agent.com:443\": dial tcp: lookup connect.ngrok-agent.com: no such host"
t=2026-04-21T18:50:54+0530 lvl=eror msg="failed to reconnect session" obj=tunnels.session err="failed to dial ngrok server with address \"connect.ngrok-agent.com:443\": dial tcp: lookup connect.ngrok-agent.com: no such host"
t=2026-04-21T18:51:25+0530 lvl=info msg="client session established" obj=tunnels.session
t=2026-04-21T18:51:25+0530 lvl=info msg="tunnel session started" obj=tunnels.session
t=2026-04-21T18:56:42+0530 lvl=eror msg="heartbeat timeout, terminating session" obj=tunnels.session obj=csess id=4c903df9ecc0 clientid=56322deaaab94c7a65b4f7a1c7b54fda
t=2026-04-21T18:56:42+0530 lvl=eror msg="session closed, starting reconnect loop" obj=tunnels.session obj=csess id=bdf794c71f57 err="session closed"
t=2026-04-21T18:56:42+0530 lvl=info msg="client session established" obj=tunnels.session
t=2026-04-21T18:56:42+0530 lvl=info msg="tunnel session started" obj=tunnels.session
t=2026-04-21T19:14:40+0530 lvl=eror msg="session closed, starting reconnect loop" obj=tunnels.session obj=csess id=bdf794c71f57 err="read tcp [2400:1f00:2:1de0:85f1:3119:e002:1789]:54775->[2406:da1a:e91:9301:f1a3:66ed:d097:b95c]:443: read: connection reset by peer"
t=2026-04-21T19:14:41+0530 lvl=info msg="client session established" obj=tunnels.session
t=2026-04-21T19:14:41+0530 lvl=info msg="tunnel session started" obj=tunnels.session
t=2026-04-21T19:14:55+0530 lvl=eror msg="heartbeat timeout, terminating session" obj=tunnels.session obj=csess id=bf2e17276a57 clientid=56322deaaab94c7a65b4f7a1c7b54fda
t=2026-04-21T19:43:24+0530 lvl=eror msg="session closed, starting reconnect loop" obj=tunnels.session obj=csess id=bdf794c71f57 err="read EOF from remote peer"
t=2026-04-21T19:43:25+0530 lvl=info msg="client session established" obj=tunnels.session
t=2026-04-21T19:43:25+0530 lvl=info msg="tunnel session started" obj=tunnels.session
t=2026-04-21T19:43:38+0530 lvl=eror msg="heartbeat timeout, terminating session" obj=tunnels.session obj=csess id=efcaee05867d clientid=56322deaaab94c7a65b4f7a1c7b54fda
t=2026-04-21T19:49:44+0530 lvl=eror msg="heartbeat timeout, terminating session" obj=tunnels.session obj=csess id=d04dc3460ab6 clientid=56322deaaab94c7a65b4f7a1c7b54fda
t=2026-04-21T19:49:44+0530 lvl=eror msg="session closed, starting reconnect loop" obj=tunnels.session obj=csess id=bdf794c71f57 err="session closed"
t=2026-04-21T19:49:44+0530 lvl=eror msg="failed to reconnect session" obj=tunnels.session err="failed to dial ngrok server with address \"connect.ngrok-agent.com:443\": dial tcp: lookup connect.ngrok-agent.com: no such host"
t=2026-04-21T19:49:44+0530 lvl=eror msg="failed to reconnect session" obj=tunnels.session err="failed to dial ngrok server with address \"connect.ngrok-agent.com:443\": dial tcp: lookup connect.ngrok-agent.com: no such host"
t=2026-04-21T19:49:45+0530 lvl=eror msg="failed to reconnect session" obj=tunnels.session err="failed to dial ngrok server with address \"connect.ngrok-agent.com:443\": dial tcp: lookup connect.ngrok-agent.com: no such host"
t=2026-04-21T19:49:47+0530 lvl=eror msg="failed to reconnect session" obj=tunnels.session err="failed to dial ngrok server with address \"connect.ngrok-agent.com:443\": dial tcp: lookup connect.ngrok-agent.com: no such host"
t=2026-04-21T19:49:51+0530 lvl=eror msg="failed to reconnect session" obj=tunnels.session err="failed to dial ngrok server with address \"connect.ngrok-agent.com:443\": dial tcp: lookup connect.ngrok-agent.com: no such host"
t=2026-04-21T20:03:12+0530 lvl=eror msg="failed to reconnect session" obj=tunnels.session err="failed to dial ngrok server with address \"connect.ngrok-agent.com:443\": dial tcp: lookup connect.ngrok-agent.com: no such host"
t=2026-04-21T20:05:20+0530 lvl=eror msg="failed to reconnect session" obj=tunnels.session err="failed to dial ngrok server with address \"connect.ngrok-agent.com:443\": dial tcp: lookup connect.ngrok-agent.com: no such host"
t=2026-04-21T20:05:50+0530 lvl=eror msg="failed to reconnect session" obj=tunnels.session err="failed to dial ngrok server with address \"connect.ngrok-agent.com:443\": dial tcp: lookup connect.ngrok-agent.com: no such host"
t=2026-04-21T20:06:20+0530 lvl=eror msg="failed to reconnect session" obj=tunnels.session err="failed to dial ngrok server with address \"connect.ngrok-agent.com:443\": dial tcp: lookup connect.ngrok-agent.com: no such host"
t=2026-04-21T20:06:50+0530 lvl=eror msg="failed to reconnect session" obj=tunnels.session err="failed to dial ngrok server with address \"connect.ngrok-agent.com:443\": dial tcp: lookup connect.ngrok-agent.com: no such host"
t=2026-04-21T20:07:20+0530 lvl=eror msg="failed to reconnect session" obj=tunnels.session err="failed to dial ngrok server with address \"connect.ngrok-agent.com:443\": dial tcp: lookup connect.ngrok-agent.com: no such host"
t=2026-04-21T20:07:50+0530 lvl=eror msg="failed to reconnect session" obj=tunnels.session err="failed to dial ngrok server with address \"connect.ngrok-agent.com:443\": dial tcp: lookup connect.ngrok-agent.com: no such host"
t=2026-04-21T20:12:37+0530 lvl=eror msg="failed to reconnect session" obj=tunnels.session err="failed to dial ngrok server with address \"connect.ngrok-agent.com:443\": dial tcp: lookup connect.ngrok-agent.com: no such host"
t=2026-04-21T20:13:07+0530 lvl=eror msg="failed to reconnect session" obj=tunnels.session err="failed to dial ngrok server with address \"connect.ngrok-agent.com:443\": dial tcp: lookup connect.ngrok-agent.com: no such host"
t=2026-04-21T20:24:05+0530 lvl=info msg="client session established" obj=tunnels.session
t=2026-04-21T20:24:05+0530 lvl=info msg="tunnel session started" obj=tunnels.session
t=2026-04-21T20:41:46+0530 lvl=eror msg="session closed, starting reconnect loop" obj=tunnels.session obj=csess id=bdf794c71f57 err="read tcp [2400:1f00:2:1de0:d13a:e35a:868f:a6]:55468->[2406:da1a:e91:9302:5f2c:118e:bcf2:c8bb]:443: read: connection reset by peer"
t=2026-04-21T20:41:47+0530 lvl=info msg="client session established" obj=tunnels.session
t=2026-04-21T20:41:47+0530 lvl=info msg="tunnel session started" obj=tunnels.session
t=2026-04-21T20:58:07+0530 lvl=eror msg="session closed, starting reconnect loop" obj=tunnels.session obj=csess id=bdf794c71f57 err="read tcp [2400:1f00:2:1de0:d13a:e35a:868f:a6]:55501->[2406:da1a:e91:9302:5f2c:118e:bcf2:c8bb]:443: read: connection reset by peer"
t=2026-04-21T20:58:08+0530 lvl=info msg="client session established" obj=tunnels.session
t=2026-04-21T20:58:08+0530 lvl=info msg="tunnel session started" obj=tunnels.session
t=2026-04-21T20:58:15+0530 lvl=eror msg="heartbeat timeout, terminating session" obj=tunnels.session obj=csess id=d10cdb3d44e9 clientid=56322deaaab94c7a65b4f7a1c7b54fda
t=2026-04-21T20:58:22+0530 lvl=eror msg="heartbeat timeout, terminating session" obj=tunnels.session obj=csess id=c9dcd537b8b6 clientid=56322deaaab94c7a65b4f7a1c7b54fda
t=2026-04-21T23:27:01+0530 lvl=info msg="update available" obj=updater
t=2026-04-22T05:28:00+0530 lvl=eror msg="session closed, starting reconnect loop" obj=tunnels.session obj=csess id=bdf794c71f57 err="read tcp [2400:1f00:2:1de0:d13a:e35a:868f:a6]:55534->[2406:da1a:e91:9301:f1a3:66ed:d097:b95c]:443: read: connection reset by peer"
t=2026-04-22T05:28:01+0530 lvl=info msg="client session established" obj=tunnels.session
t=2026-04-22T05:28:01+0530 lvl=info msg="tunnel session started" obj=tunnels.session
t=2026-04-22T05:28:19+0530 lvl=eror msg="heartbeat timeout, terminating session" obj=tunnels.session obj=csess id=c04c1fb20781 clientid=56322deaaab94c7a65b4f7a1c7b54fda
t=2026-04-22T05:54:03+0530 lvl=eror msg="session closed, starting reconnect loop" obj=tunnels.session obj=csess id=bdf794c71f57 err="read tcp [2400:1f00:2:1de0:d13a:e35a:868f:a6]:50451->[2406:da1a:e91:9302:6bbc:cc3d:8e60:4a99]:443: read: connection reset by peer"
t=2026-04-22T05:54:04+0530 lvl=info msg="client session established" obj=tunnels.session
t=2026-04-22T05:54:04+0530 lvl=info msg="tunnel session started" obj=tunnels.session
t=2026-04-22T05:54:18+0530 lvl=eror msg="heartbeat timeout, terminating session" obj=tunnels.session obj=csess id=e5a0b7da77a5 clientid=56322deaaab94c7a65b4f7a1c7b54fda
t=2026-04-22T06:35:40+0530 lvl=info msg="update available" obj=updater
t=2026-04-22T08:07:20+0530 lvl=eror msg="session closed, starting reconnect loop" obj=tunnels.session obj=csess id=bdf794c71f57 err="read tcp [2400:1f00:2:1de0:d13a:e35a:868f:a6]:50526->[2406:da1a:e91:9302:5f2c:118e:bcf2:c8bb]:443: read: connection reset by peer"
t=2026-04-22T08:07:21+0530 lvl=info msg="client session established" obj=tunnels.session
t=2026-04-22T08:07:21+0530 lvl=info msg="tunnel session started" obj=tunnels.session
t=2026-04-22T08:07:35+0530 lvl=eror msg="heartbeat timeout, terminating session" obj=tunnels.session obj=csess id=450e75aee18b clientid=56322deaaab94c7a65b4f7a1c7b54fda
t=2026-04-22T08:15:28+0530 lvl=eror msg="heartbeat timeout, terminating session" obj=tunnels.session obj=csess id=0a4531ddec02 clientid=56322deaaab94c7a65b4f7a1c7b54fda
t=2026-04-22T08:15:28+0530 lvl=eror msg="session closed, starting reconnect loop" obj=tunnels.session obj=csess id=bdf794c71f57 err="session closed"
t=2026-04-22T08:15:29+0530 lvl=info msg="client session established" obj=tunnels.session
t=2026-04-22T08:15:29+0530 lvl=info msg="tunnel session started" obj=tunnels.session
t=2026-04-22T08:33:00+0530 lvl=eror msg="session closed, starting reconnect loop" obj=tunnels.session obj=csess id=bdf794c71f57 err="read tcp [2400:1f00:2:1de0:d13a:e35a:868f:a6]:54265->[2406:da1a:e91:9300:d4f4:8948:9d02:5408]:443: read: connection reset by peer"
t=2026-04-22T08:33:01+0530 lvl=info msg="client session established" obj=tunnels.session
t=2026-04-22T08:33:01+0530 lvl=info msg="tunnel session started" obj=tunnels.session
t=2026-04-22T08:33:15+0530 lvl=eror msg="heartbeat timeout, terminating session" obj=tunnels.session obj=csess id=efcc546c9b66 clientid=56322deaaab94c7a65b4f7a1c7b54fda
t=2026-04-22T08:38:57+0530 lvl=eror msg="session closed, starting reconnect loop" obj=tunnels.session obj=csess id=bdf794c71f57 err="read tcp [2400:1f00:2:1de0:d13a:e35a:868f:a6]:54316->[2406:da1a:e91:9302:5f2c:118e:bcf2:c8bb]:443: read: connection reset by peer"
t=2026-04-22T08:38:57+0530 lvl=info msg="client session established" obj=tunnels.session
t=2026-04-22T08:38:57+0530 lvl=info msg="tunnel session started" obj=tunnels.session
t=2026-04-22T08:39:12+0530 lvl=eror msg="heartbeat timeout, terminating session" obj=tunnels.session obj=csess id=eea207c14a77 clientid=56322deaaab94c7a65b4f7a1c7b54fda
t=2026-04-22T08:44:46+0530 lvl=eror msg="heartbeat timeout, terminating session" obj=tunnels.session obj=csess id=7084f6d5a062 clientid=56322deaaab94c7a65b4f7a1c7b54fda
t=2026-04-22T08:44:46+0530 lvl=eror msg="session closed, starting reconnect loop" obj=tunnels.session obj=csess id=bdf794c71f57 err="session closed"
t=2026-04-22T08:44:46+0530 lvl=eror msg="failed to reconnect session" obj=tunnels.session err="failed to dial ngrok server with address \"connect.ngrok-agent.com:443\": dial tcp: lookup connect.ngrok-agent.com: no such host"
t=2026-04-22T08:44:47+0530 lvl=eror msg="failed to reconnect session" obj=tunnels.session err="failed to dial ngrok server with address \"connect.ngrok-agent.com:443\": dial tcp: lookup connect.ngrok-agent.com: no such host"
t=2026-04-22T08:44:48+0530 lvl=eror msg="failed to reconnect session" obj=tunnels.session err="failed to dial ngrok server with address \"connect.ngrok-agent.com:443\": dial tcp: lookup connect.ngrok-agent.com: no such host"
t=2026-04-22T08:44:50+0530 lvl=eror msg="failed to reconnect session" obj=tunnels.session err="failed to dial ngrok server with address \"connect.ngrok-agent.com:443\": dial tcp: lookup connect.ngrok-agent.com: no such host"
t=2026-04-22T08:44:54+0530 lvl=eror msg="failed to reconnect session" obj=tunnels.session err="failed to dial ngrok server with address \"connect.ngrok-agent.com:443\": dial tcp: lookup connect.ngrok-agent.com: no such host"
t=2026-04-22T08:45:02+0530 lvl=eror msg="failed to reconnect session" obj=tunnels.session err="failed to dial ngrok server with address \"connect.ngrok-agent.com:443\": dial tcp: lookup connect.ngrok-agent.com: no such host"
t=2026-04-22T08:45:22+0530 lvl=eror msg="failed to reconnect session" obj=tunnels.session err="failed to dial ngrok server with address \"connect.ngrok-agent.com:443\": dial tcp: lookup connect.ngrok-agent.com: no such host"
t=2026-04-22T08:45:52+0530 lvl=eror msg="failed to reconnect session" obj=tunnels.session err="failed to dial ngrok server with address \"connect.ngrok-agent.com:443\": dial tcp: lookup connect.ngrok-agent.com: no such host"
t=2026-04-22T08:46:30+0530 lvl=eror msg="failed to reconnect session" obj=tunnels.session err="failed to dial ngrok server with address \"connect.ngrok-agent.com:443\": dial tcp: lookup connect.ngrok-agent.com: no such host"
t=2026-04-22T08:47:07+0530 lvl=eror msg="failed to reconnect session" obj=tunnels.session err="failed to dial ngrok server with address \"connect.ngrok-agent.com:443\": dial tcp: lookup connect.ngrok-agent.com: no such host"
t=2026-04-22T08:47:37+0530 lvl=eror msg="failed to reconnect session" obj=tunnels.session err="failed to dial ngrok server with address \"connect.ngrok-agent.com:443\": dial tcp: lookup connect.ngrok-agent.com: no such host"
t=2026-04-22T08:48:14+0530 lvl=eror msg="failed to reconnect session" obj=tunnels.session err="failed to dial ngrok server with address \"connect.ngrok-agent.com:443\": dial tcp: lookup connect.ngrok-agent.com: no such host"
t=2026-04-22T08:48:44+0530 lvl=eror msg="failed to reconnect session" obj=tunnels.session err="failed to dial ngrok server with address \"connect.ngrok-agent.com:443\": dial tcp: lookup connect.ngrok-agent.com: no such host"
t=2026-04-22T08:49:21+0530 lvl=eror msg="failed to reconnect session" obj=tunnels.session err="failed to dial ngrok server with address \"connect.ngrok-agent.com:443\": dial tcp: lookup connect.ngrok-agent.com: no such host"
t=2026-04-22T08:49:53+0530 lvl=eror msg="failed to reconnect session" obj=tunnels.session err="failed to dial ngrok server with address \"connect.ngrok-agent.com:443\": dial tcp: lookup connect.ngrok-agent.com: no such host"
t=2026-04-22T08:50:23+0530 lvl=eror msg="failed to reconnect session" obj=tunnels.session err="failed to dial ngrok server with address \"connect.ngrok-agent.com:443\": dial tcp: lookup connect.ngrok-agent.com: no such host"
t=2026-04-22T08:51:22+0530 lvl=eror msg="failed to reconnect session" obj=tunnels.session err="failed to dial ngrok server with address \"connect.ngrok-agent.com:443\": dial tcp: lookup connect.ngrok-agent.com: no such host"
t=2026-04-22T09:20:30+0530 lvl=eror msg="failed to reconnect session" obj=tunnels.session err="failed to dial ngrok server with address \"connect.ngrok-agent.com:443\": dial tcp: lookup connect.ngrok-agent.com: no such host"
t=2026-04-22T09:21:00+0530 lvl=eror msg="failed to reconnect session" obj=tunnels.session err="failed to dial ngrok server with address \"connect.ngrok-agent.com:443\": dial tcp: lookup connect.ngrok-agent.com: no such host"
t=2026-04-22T09:22:53+0530 lvl=eror msg="failed to reconnect session" obj=tunnels.session err="failed to dial ngrok server with address \"connect.ngrok-agent.com:443\": dial tcp: lookup connect.ngrok-agent.com: no such host"
t=2026-04-22T09:23:37+0530 lvl=eror msg="failed to reconnect session" obj=tunnels.session err="failed to dial ngrok server with address \"connect.ngrok-agent.com:443\": dial tcp: lookup connect.ngrok-agent.com: no such host"
t=2026-04-22T09:24:17+0530 lvl=eror msg="failed to reconnect session" obj=tunnels.session err="failed to dial ngrok server with address \"connect.ngrok-agent.com:443\": dial tcp: lookup connect.ngrok-agent.com: i/o timeout"
t=2026-04-22T09:25:12+0530 lvl=eror msg="failed to reconnect session" obj=tunnels.session err="failed to dial ngrok server with address \"connect.ngrok-agent.com:443\": dial tcp: lookup connect.ngrok-agent.com: no such host"
t=2026-04-22T09:25:46+0530 lvl=eror msg="failed to reconnect session" obj=tunnels.session err="failed to dial ngrok server with address \"connect.ngrok-agent.com:443\": dial tcp: lookup connect.ngrok-agent.com: no such host"
t=2026-04-22T09:26:33+0530 lvl=eror msg="failed to reconnect session" obj=tunnels.session err="failed to dial ngrok server with address \"connect.ngrok-agent.com:443\": dial tcp: lookup connect.ngrok-agent.com: i/o timeout"
t=2026-04-22T09:27:03+0530 lvl=eror msg="failed to reconnect session" obj=tunnels.session err="failed to dial ngrok server with address \"connect.ngrok-agent.com:443\": dial tcp: lookup connect.ngrok-agent.com: no such host"
t=2026-04-22T09:27:39+0530 lvl=eror msg="failed to reconnect session" obj=tunnels.session err="failed to dial ngrok server with address \"connect.ngrok-agent.com:443\": dial tcp: lookup connect.ngrok-agent.com: no such host"
t=2026-04-22T09:28:09+0530 lvl=eror msg="failed to reconnect session" obj=tunnels.session err="failed to dial ngrok server with address \"connect.ngrok-agent.com:443\": dial tcp: lookup connect.ngrok-agent.com: no such host"
t=2026-04-22T09:28:49+0530 lvl=eror msg="failed to reconnect session" obj=tunnels.session err="failed to dial ngrok server with address \"connect.ngrok-agent.com:443\": dial tcp 3.108.166.207:443: i/o timeout"
t=2026-04-22T09:32:41+0530 lvl=info msg="client session established" obj=tunnels.session
t=2026-04-22T09:32:41+0530 lvl=info msg="tunnel session started" obj=tunnels.session
t=2026-04-22T09:48:34+0530 lvl=eror msg="heartbeat timeout, terminating session" obj=tunnels.session obj=csess id=8bb07e23d014 clientid=56322deaaab94c7a65b4f7a1c7b54fda
t=2026-04-22T09:48:34+0530 lvl=eror msg="session closed, starting reconnect loop" obj=tunnels.session obj=csess id=bdf794c71f57 err="session closed"
t=2026-04-22T09:48:35+0530 lvl=info msg="client session established" obj=tunnels.session
t=2026-04-22T09:48:35+0530 lvl=info msg="tunnel session started" obj=tunnels.session
t=2026-04-22T10:22:22+0530 lvl=eror msg="session closed, starting reconnect loop" obj=tunnels.session obj=csess id=bdf794c71f57 err="read tcp 10.0.8.73:55491->3.108.187.139:443: read: can't assign requested address"
t=2026-04-22T10:22:22+0530 lvl=eror msg="failed to reconnect session" obj=tunnels.session err="failed to dial ngrok server with address \"connect.ngrok-agent.com:443\": dial tcp: lookup connect.ngrok-agent.com: no such host"
t=2026-04-22T10:22:22+0530 lvl=eror msg="failed to reconnect session" obj=tunnels.session err="failed to dial ngrok server with address \"connect.ngrok-agent.com:443\": dial tcp: lookup connect.ngrok-agent.com: no such host"
t=2026-04-22T10:22:23+0530 lvl=eror msg="failed to reconnect session" obj=tunnels.session err="failed to dial ngrok server with address \"connect.ngrok-agent.com:443\": dial tcp: lookup connect.ngrok-agent.com: no such host"
t=2026-04-22T10:22:26+0530 lvl=info msg="client session established" obj=tunnels.session
t=2026-04-22T10:22:26+0530 lvl=info msg="tunnel session started" obj=tunnels.session
t=2026-04-22T10:22:30+0530 lvl=eror msg="heartbeat timeout, terminating session" obj=tunnels.session obj=csess id=47e2e8a60766 clientid=56322deaaab94c7a65b4f7a1c7b54fda
t=2026-04-22T10:38:33+0530 lvl=eror msg="heartbeat timeout, terminating session" obj=tunnels.session obj=csess id=9541cd3e5a86 clientid=56322deaaab94c7a65b4f7a1c7b54fda
t=2026-04-22T10:38:33+0530 lvl=eror msg="session closed, starting reconnect loop" obj=tunnels.session obj=csess id=bdf794c71f57 err="session closed"
t=2026-04-22T10:38:34+0530 lvl=info msg="client session established" obj=tunnels.session
t=2026-04-22T10:38:34+0530 lvl=info msg="tunnel session started" obj=tunnels.session
t=2026-04-22T10:52:16+0530 lvl=eror msg="heartbeat timeout, terminating session" obj=tunnels.session obj=csess id=368407e17a1c clientid=56322deaaab94c7a65b4f7a1c7b54fda
t=2026-04-22T10:52:16+0530 lvl=eror msg="session closed, starting reconnect loop" obj=tunnels.session obj=csess id=bdf794c71f57 err="session closed"
t=2026-04-22T10:52:17+0530 lvl=info msg="client session established" obj=tunnels.session
t=2026-04-22T10:52:17+0530 lvl=info msg="tunnel session started" obj=tunnels.session
t=2026-04-22T14:04:33+0530 lvl=eror msg="heartbeat timeout, terminating session" obj=tunnels.session obj=csess id=7dec18f4b6fb clientid=56322deaaab94c7a65b4f7a1c7b54fda
t=2026-04-22T14:04:33+0530 lvl=eror msg="session closed, starting reconnect loop" obj=tunnels.session obj=csess id=bdf794c71f57 err="session closed"
t=2026-04-22T14:04:40+0530 lvl=eror msg="failed to reconnect session" obj=tunnels.session err="failed to dial ngrok server with address \"connect.ngrok-agent.com:443\": dial tcp: lookup connect.ngrok-agent.com: no such host"
t=2026-04-22T14:04:40+0530 lvl=eror msg="failed to reconnect session" obj=tunnels.session err="failed to dial ngrok server with address \"connect.ngrok-agent.com:443\": dial tcp: lookup connect.ngrok-agent.com: no such host"
t=2026-04-22T14:04:41+0530 lvl=eror msg="failed to reconnect session" obj=tunnels.session err="failed to dial ngrok server with address \"connect.ngrok-agent.com:443\": dial tcp: lookup connect.ngrok-agent.com: no such host"
t=2026-04-22T14:04:43+0530 lvl=eror msg="failed to reconnect session" obj=tunnels.session err="failed to dial ngrok server with address \"connect.ngrok-agent.com:443\": dial tcp: lookup connect.ngrok-agent.com: no such host"
t=2026-04-22T14:04:47+0530 lvl=eror msg="failed to reconnect session" obj=tunnels.session err="failed to dial ngrok server with address \"connect.ngrok-agent.com:443\": dial tcp: lookup connect.ngrok-agent.com: no such host"
t=2026-04-22T14:05:46+0530 lvl=eror msg="failed to reconnect session" obj=tunnels.session err="failed to dial ngrok server with address \"connect.ngrok-agent.com:443\": dial tcp: lookup connect.ngrok-agent.com: no such host"
t=2026-04-22T14:06:49+0530 lvl=eror msg="failed to reconnect session" obj=tunnels.session err="failed to dial ngrok server with address \"connect.ngrok-agent.com:443\": dial tcp: lookup connect.ngrok-agent.com: no such host"
t=2026-04-22T14:10:02+0530 lvl=eror msg="failed to reconnect session" obj=tunnels.session err="failed to dial ngrok server with address \"connect.ngrok-agent.com:443\": dial tcp: lookup connect.ngrok-agent.com: no such host"
t=2026-04-22T14:14:45+0530 lvl=eror msg="failed to reconnect session" obj=tunnels.session err="failed to send authentication request: failed to fetch CRL. errors encountered: Get \"http://crl.ngrok-agent.com/ngrok.crl\": dial tcp: lookup crl.ngrok-agent.com: no such host"
t=2026-04-22T14:25:54+0530 lvl=eror msg="failed to reconnect session" obj=tunnels.session err="failed to dial ngrok server with address \"connect.ngrok-agent.com:443\": dial tcp: lookup connect.ngrok-agent.com: no such host"
t=2026-04-22T14:26:53+0530 lvl=eror msg="failed to reconnect session" obj=tunnels.session err="failed to dial ngrok server with address \"connect.ngrok-agent.com:443\": dial tcp: lookup connect.ngrok-agent.com: no such host"
t=2026-04-22T14:43:32+0530 lvl=eror msg="failed to reconnect session" obj=tunnels.session err="failed to dial ngrok server with address \"connect.ngrok-agent.com:443\": dial tcp: lookup connect.ngrok-agent.com: no such host"
t=2026-04-22T14:47:00+0530 lvl=eror msg="failed to reconnect session" obj=tunnels.session err="failed to dial ngrok server with address \"connect.ngrok-agent.com:443\": dial tcp: lookup connect.ngrok-agent.com: no such host"
t=2026-04-22T14:47:31+0530 lvl=info msg="client session established" obj=tunnels.session
t=2026-04-22T14:47:31+0530 lvl=info msg="tunnel session started" obj=tunnels.session
t=2026-04-22T14:59:36+0530 lvl=eror msg="heartbeat timeout, terminating session" obj=tunnels.session obj=csess id=6797b6f3bed5 clientid=56322deaaab94c7a65b4f7a1c7b54fda
t=2026-04-22T14:59:36+0530 lvl=eror msg="session closed, starting reconnect loop" obj=tunnels.session obj=csess id=bdf794c71f57 err="session closed"
t=2026-04-22T14:59:36+0530 lvl=eror msg="failed to reconnect session" obj=tunnels.session err="failed to dial ngrok server with address \"connect.ngrok-agent.com:443\": dial tcp: lookup connect.ngrok-agent.com: no such host"
t=2026-04-22T14:59:37+0530 lvl=eror msg="failed to reconnect session" obj=tunnels.session err="failed to dial ngrok server with address \"connect.ngrok-agent.com:443\": dial tcp: lookup connect.ngrok-agent.com: no such host"
t=2026-04-22T14:59:38+0530 lvl=eror msg="failed to reconnect session" obj=tunnels.session err="failed to dial ngrok server with address \"connect.ngrok-agent.com:443\": dial tcp: lookup connect.ngrok-agent.com: no such host"
t=2026-04-22T14:59:40+0530 lvl=eror msg="failed to reconnect session" obj=tunnels.session err="failed to dial ngrok server with address \"connect.ngrok-agent.com:443\": dial tcp: lookup connect.ngrok-agent.com: no such host"
t=2026-04-22T14:59:45+0530 lvl=info msg="client session established" obj=tunnels.session
t=2026-04-22T14:59:45+0530 lvl=info msg="tunnel session started" obj=tunnels.session
t=2026-04-22T15:02:53+0530 lvl=eror msg="session closed, starting reconnect loop" obj=tunnels.session obj=csess id=bdf794c71f57 err="read EOF from remote peer"
t=2026-04-22T15:02:54+0530 lvl=info msg="client session established" obj=tunnels.session
t=2026-04-22T15:02:54+0530 lvl=info msg="tunnel session started" obj=tunnels.session
t=2026-04-22T15:02:55+0530 lvl=eror msg="heartbeat timeout, terminating session" obj=tunnels.session obj=csess id=4ced05563a5c clientid=56322deaaab94c7a65b4f7a1c7b54fda
t=2026-04-22T15:13:56+0530 lvl=eror msg="heartbeat timeout, terminating session" obj=tunnels.session obj=csess id=003dbc18bae1 clientid=56322deaaab94c7a65b4f7a1c7b54fda
t=2026-04-22T15:13:56+0530 lvl=eror msg="session closed, starting reconnect loop" obj=tunnels.session obj=csess id=bdf794c71f57 err="session closed"
t=2026-04-22T15:13:56+0530 lvl=eror msg="failed to reconnect session" obj=tunnels.session err="failed to dial ngrok server with address \"connect.ngrok-agent.com:443\": dial tcp: lookup connect.ngrok-agent.com: no such host"
t=2026-04-22T15:13:56+0530 lvl=eror msg="failed to reconnect session" obj=tunnels.session err="failed to dial ngrok server with address \"connect.ngrok-agent.com:443\": dial tcp: lookup connect.ngrok-agent.com: no such host"
t=2026-04-22T15:14:27+0530 lvl=eror msg="failed to reconnect session" obj=tunnels.session err="failed to dial ngrok server with address \"connect.ngrok-agent.com:443\": dial tcp: lookup connect.ngrok-agent.com: no such host"
t=2026-04-22T15:14:29+0530 lvl=eror msg="failed to reconnect session" obj=tunnels.session err="failed to dial ngrok server with address \"connect.ngrok-agent.com:443\": dial tcp: lookup connect.ngrok-agent.com: no such host"
t=2026-04-22T15:14:33+0530 lvl=eror msg="failed to reconnect session" obj=tunnels.session err="failed to dial ngrok server with address \"connect.ngrok-agent.com:443\": dial tcp: lookup connect.ngrok-agent.com: no such host"
t=2026-04-22T15:14:41+0530 lvl=eror msg="failed to reconnect session" obj=tunnels.session err="failed to dial ngrok server with address \"connect.ngrok-agent.com:443\": dial tcp: lookup connect.ngrok-agent.com: no such host"
t=2026-04-22T15:14:57+0530 lvl=eror msg="failed to reconnect session" obj=tunnels.session err="failed to dial ngrok server with address \"connect.ngrok-agent.com:443\": dial tcp: lookup connect.ngrok-agent.com: no such host"
t=2026-04-22T15:15:27+0530 lvl=eror msg="failed to reconnect session" obj=tunnels.session err="failed to dial ngrok server with address \"connect.ngrok-agent.com:443\": dial tcp: lookup connect.ngrok-agent.com: no such host"
t=2026-04-22T15:15:57+0530 lvl=eror msg="failed to reconnect session" obj=tunnels.session err="failed to dial ngrok server with address \"connect.ngrok-agent.com:443\": dial tcp: lookup connect.ngrok-agent.com: no such host"
t=2026-04-22T15:16:27+0530 lvl=eror msg="failed to reconnect session" obj=tunnels.session err="failed to dial ngrok server with address \"connect.ngrok-agent.com:443\": dial tcp: lookup connect.ngrok-agent.com: no such host"
t=2026-04-22T15:16:57+0530 lvl=eror msg="failed to reconnect session" obj=tunnels.session err="failed to dial ngrok server with address \"connect.ngrok-agent.com:443\": dial tcp: lookup connect.ngrok-agent.com: no such host"
t=2026-04-22T15:27:44+0530 lvl=eror msg="failed to reconnect session" obj=tunnels.session err="failed to dial ngrok server with address \"connect.ngrok-agent.com:443\": dial tcp: lookup connect.ngrok-agent.com: no such host"
t=2026-04-22T15:32:14+0530 lvl=eror msg="failed to reconnect session" obj=tunnels.session err="failed to dial ngrok server with address \"connect.ngrok-agent.com:443\": dial tcp: lookup connect.ngrok-agent.com: no such host"
t=2026-04-22T15:34:25+0530 lvl=eror msg="failed to reconnect session" obj=tunnels.session err="failed to dial ngrok server with address \"connect.ngrok-agent.com:443\": dial tcp: lookup connect.ngrok-agent.com: no such host"
t=2026-04-22T15:34:55+0530 lvl=eror msg="failed to reconnect session" obj=tunnels.session err="failed to dial ngrok server with address \"connect.ngrok-agent.com:443\": dial tcp: lookup connect.ngrok-agent.com: no such host"
t=2026-04-22T15:57:07+0530 lvl=eror msg="failed to reconnect session" obj=tunnels.session err="failed to dial ngrok server with address \"connect.ngrok-agent.com:443\": dial tcp: lookup connect.ngrok-agent.com: no such host"
t=2026-04-22T16:48:06+0530 lvl=info msg="client session established" obj=tunnels.session
t=2026-04-22T16:48:06+0530 lvl=info msg="tunnel session started" obj=tunnels.session
t=2026-04-22T17:38:53+0530 lvl=info msg="update available" obj=updater
t=2026-04-22T20:22:45+0530 lvl=eror msg="session closed, starting reconnect loop" obj=tunnels.session obj=csess id=bdf794c71f57 err="read tcp [2400:1f00:2:1de0:d91f:1641:48fb:e320]:53795->[2406:da1a:e91:9301:f1a3:66ed:d097:b95c]:443: read: connection reset by peer"
t=2026-04-22T20:22:45+0530 lvl=info msg="client session established" obj=tunnels.session
t=2026-04-22T20:22:45+0530 lvl=info msg="tunnel session started" obj=tunnels.session
t=2026-04-22T20:23:00+0530 lvl=eror msg="heartbeat timeout, terminating session" obj=tunnels.session obj=csess id=d16f3f961f7e clientid=56322deaaab94c7a65b4f7a1c7b54fda
t=2026-04-22T20:38:32+0530 lvl=eror msg="session closed, starting reconnect loop" obj=tunnels.session obj=csess id=bdf794c71f57 err="read tcp [2400:1f00:2:1de0:d91f:1641:48fb:e320]:56923->[2406:da1a:e91:9302:6bbc:cc3d:8e60:4a99]:443: read: connection reset by peer"
t=2026-04-22T20:38:33+0530 lvl=info msg="client session established" obj=tunnels.session
t=2026-04-22T20:38:33+0530 lvl=info msg="tunnel session started" obj=tunnels.session
t=2026-04-22T20:38:47+0530 lvl=eror msg="heartbeat timeout, terminating session" obj=tunnels.session obj=csess id=43402cc5ef88 clientid=56322deaaab94c7a65b4f7a1c7b54fda
t=2026-04-22T20:53:14+0530 lvl=eror msg="session closed, starting reconnect loop" obj=tunnels.session obj=csess id=bdf794c71f57 err="read tcp [2400:1f00:2:1de0:d91f:1641:48fb:e320]:56977->[2406:da1a:e91:9300:403a:a280:b69a:91cf]:443: read: connection reset by peer"
t=2026-04-22T20:53:15+0530 lvl=info msg="client session established" obj=tunnels.session
t=2026-04-22T20:53:15+0530 lvl=info msg="tunnel session started" obj=tunnels.session
t=2026-04-22T20:53:29+0530 lvl=eror msg="heartbeat timeout, terminating session" obj=tunnels.session obj=csess id=902235206e5f clientid=56322deaaab94c7a65b4f7a1c7b54fda
t=2026-04-22T21:09:54+0530 lvl=eror msg="session closed, starting reconnect loop" obj=tunnels.session obj=csess id=bdf794c71f57 err="read tcp [2400:1f00:2:1de0:d91f:1641:48fb:e320]:56998->[2406:da1a:e91:9301:f1a3:66ed:d097:b95c]:443: read: connection reset by peer"
t=2026-04-22T21:09:54+0530 lvl=info msg="client session established" obj=tunnels.session
t=2026-04-22T21:09:54+0530 lvl=info msg="tunnel session started" obj=tunnels.session
t=2026-04-22T21:10:09+0530 lvl=eror msg="heartbeat timeout, terminating session" obj=tunnels.session obj=csess id=66a4faba72b5 clientid=56322deaaab94c7a65b4f7a1c7b54fda
t=2026-04-23T00:38:00+0530 lvl=info msg="update available" obj=updater
t=2026-04-23T03:01:52+0530 lvl=eror msg="session closed, starting reconnect loop" obj=tunnels.session obj=csess id=bdf794c71f57 err="read tcp [2400:1f00:2:1de0:d91f:1641:48fb:e320]:57079->[2406:da1a:e91:9300:d4f4:8948:9d02:5408]:443: read: connection reset by peer"
t=2026-04-23T03:01:53+0530 lvl=info msg="client session established" obj=tunnels.session
t=2026-04-23T03:01:53+0530 lvl=info msg="tunnel session started" obj=tunnels.session
t=2026-04-23T03:35:28+0530 lvl=eror msg="session closed, starting reconnect loop" obj=tunnels.session obj=csess id=bdf794c71f57 err="read tcp [2400:1f00:2:1de0:d91f:1641:48fb:e320]:50204->[2406:da1a:e91:9302:6bbc:cc3d:8e60:4a99]:443: read: connection reset by peer"
t=2026-04-23T03:35:29+0530 lvl=info msg="client session established" obj=tunnels.session
t=2026-04-23T03:35:29+0530 lvl=info msg="tunnel session started" obj=tunnels.session
t=2026-04-23T03:52:20+0530 lvl=eror msg="session closed, starting reconnect loop" obj=tunnels.session obj=csess id=bdf794c71f57 err="read tcp [2400:1f00:2:1de0:d91f:1641:48fb:e320]:50293->[2406:da1a:e91:9302:6bbc:cc3d:8e60:4a99]:443: read: connection reset by peer"
t=2026-04-23T03:52:21+0530 lvl=info msg="client session established" obj=tunnels.session
t=2026-04-23T03:52:21+0530 lvl=info msg="tunnel session started" obj=tunnels.session
t=2026-04-23T03:52:21+0530 lvl=eror msg="heartbeat timeout, terminating session" obj=tunnels.session obj=csess id=e6d2018f3613 clientid=56322deaaab94c7a65b4f7a1c7b54fda
t=2026-04-23T04:26:58+0530 lvl=eror msg="session closed, starting reconnect loop" obj=tunnels.session obj=csess id=bdf794c71f57 err="read tcp [2400:1f00:2:1de0:d91f:1641:48fb:e320]:50336->[2406:da1a:e91:9302:6bbc:cc3d:8e60:4a99]:443: read: connection reset by peer"
t=2026-04-23T04:26:58+0530 lvl=info msg="client session established" obj=tunnels.session
t=2026-04-23T04:26:58+0530 lvl=info msg="tunnel session started" obj=tunnels.session
t=2026-04-23T04:26:59+0530 lvl=eror msg="heartbeat timeout, terminating session" obj=tunnels.session obj=csess id=eb8e85c7ca16 clientid=56322deaaab94c7a65b4f7a1c7b54fda
t=2026-04-23T05:01:06+0530 lvl=eror msg="session closed, starting reconnect loop" obj=tunnels.session obj=csess id=bdf794c71f57 err="read tcp [2400:1f00:2:1de0:d91f:1641:48fb:e320]:50427->[2406:da1a:e91:9302:5f2c:118e:bcf2:c8bb]:443: read: connection reset by peer"
t=2026-04-23T05:01:07+0530 lvl=info msg="client session established" obj=tunnels.session
t=2026-04-23T05:01:07+0530 lvl=info msg="tunnel session started" obj=tunnels.session
t=2026-04-23T05:01:07+0530 lvl=eror msg="heartbeat timeout, terminating session" obj=tunnels.session obj=csess id=6b05061ea362 clientid=56322deaaab94c7a65b4f7a1c7b54fda
t=2026-04-23T05:01:11+0530 lvl=eror msg="heartbeat timeout, terminating session" obj=tunnels.session obj=csess id=1363a2710842 clientid=56322deaaab94c7a65b4f7a1c7b54fda
t=2026-04-23T05:35:44+0530 lvl=eror msg="heartbeat timeout, terminating session" obj=tunnels.session obj=csess id=24ed7cf22331 clientid=56322deaaab94c7a65b4f7a1c7b54fda
t=2026-04-23T05:45:52+0530 lvl=eror msg="session closed, starting reconnect loop" obj=tunnels.session obj=csess id=bdf794c71f57 err="read tcp 192.168.0.90:50518->3.108.166.207:443: read: operation timed out"
t=2026-04-23T05:45:53+0530 lvl=info msg="client session established" obj=tunnels.session
t=2026-04-23T05:45:53+0530 lvl=info msg="tunnel session started" obj=tunnels.session
t=2026-04-23T05:45:59+0530 lvl=eror msg="heartbeat timeout, terminating session" obj=tunnels.session obj=csess id=1c3ef665e572 clientid=56322deaaab94c7a65b4f7a1c7b54fda
t=2026-04-23T06:19:13+0530 lvl=eror msg="session closed, starting reconnect loop" obj=tunnels.session obj=csess id=bdf794c71f57 err="read tcp [2400:1f00:2:1de0:d91f:1641:48fb:e320]:50695->[2406:da1a:e91:9302:5f2c:118e:bcf2:c8bb]:443: read: connection reset by peer"
t=2026-04-23T06:19:14+0530 lvl=info msg="client session established" obj=tunnels.session
t=2026-04-23T06:19:14+0530 lvl=info msg="tunnel session started" obj=tunnels.session
t=2026-04-23T06:46:50+0530 lvl=eror msg="session closed, starting reconnect loop" obj=tunnels.session obj=csess id=bdf794c71f57 err="read tcp [2400:1f00:2:1de0:d91f:1641:48fb:e320]:50790->[2406:da1a:e91:9302:6bbc:cc3d:8e60:4a99]:443: read: connection reset by peer"
t=2026-04-23T06:46:50+0530 lvl=info msg="client session established" obj=tunnels.session
t=2026-04-23T06:46:50+0530 lvl=info msg="tunnel session started" obj=tunnels.session
t=2026-04-23T06:46:55+0530 lvl=eror msg="heartbeat timeout, terminating session" obj=tunnels.session obj=csess id=2dd27d694c48 clientid=56322deaaab94c7a65b4f7a1c7b54fda
t=2026-04-23T06:47:05+0530 lvl=eror msg="heartbeat timeout, terminating session" obj=tunnels.session obj=csess id=854504b0942e clientid=56322deaaab94c7a65b4f7a1c7b54fda
t=2026-04-23T07:05:26+0530 lvl=eror msg="session closed, starting reconnect loop" obj=tunnels.session obj=csess id=bdf794c71f57 err="read tcp [2400:1f00:2:1de0:d91f:1641:48fb:e320]:50868->[2406:da1a:e91:9300:d4f4:8948:9d02:5408]:443: read: connection reset by peer"
t=2026-04-23T07:05:27+0530 lvl=info msg="client session established" obj=tunnels.session
t=2026-04-23T07:05:27+0530 lvl=info msg="tunnel session started" obj=tunnels.session
t=2026-04-23T07:37:20+0530 lvl=eror msg="session closed, starting reconnect loop" obj=tunnels.session obj=csess id=bdf794c71f57 err="read tcp [2400:1f00:2:1de0:d91f:1641:48fb:e320]:50986->[2406:da1a:e91:9302:6bbc:cc3d:8e60:4a99]:443: read: connection reset by peer"
t=2026-04-23T07:37:20+0530 lvl=info msg="client session established" obj=tunnels.session
t=2026-04-23T07:37:20+0530 lvl=info msg="tunnel session started" obj=tunnels.session
t=2026-04-23T07:47:52+0530 lvl=eror msg="heartbeat timeout, terminating session" obj=tunnels.session obj=csess id=60da91fcfa6d clientid=56322deaaab94c7a65b4f7a1c7b54fda
t=2026-04-23T07:47:58+0530 lvl=eror msg="session closed, starting reconnect loop" obj=tunnels.session obj=csess id=bdf794c71f57 err="read tcp [2400:1f00:2:1de0:d91f:1641:48fb:e320]:51078->[2406:da1a:e91:9302:5f2c:118e:bcf2:c8bb]:443: read: connection reset by peer"
t=2026-04-23T07:47:58+0530 lvl=info msg="client session established" obj=tunnels.session
t=2026-04-23T07:47:58+0530 lvl=info msg="tunnel session started" obj=tunnels.session
t=2026-04-23T07:48:02+0530 lvl=eror msg="heartbeat timeout, terminating session" obj=tunnels.session obj=csess id=7781a7ecbe23 clientid=56322deaaab94c7a65b4f7a1c7b54fda
t=2026-04-23T07:48:13+0530 lvl=eror msg="heartbeat timeout, terminating session" obj=tunnels.session obj=csess id=2b71496d5954 clientid=56322deaaab94c7a65b4f7a1c7b54fda
t=2026-04-23T08:03:38+0530 lvl=eror msg="session closed, starting reconnect loop" obj=tunnels.session obj=csess id=bdf794c71f57 err="read tcp [2400:1f00:2:1de0:d91f:1641:48fb:e320]:51157->[2406:da1a:e91:9301:f1a3:66ed:d097:b95c]:443: read: connection reset by peer"
t=2026-04-23T08:03:39+0530 lvl=info msg="client session established" obj=tunnels.session
t=2026-04-23T08:03:39+0530 lvl=info msg="tunnel session started" obj=tunnels.session
t=2026-04-23T08:05:46+0530 lvl=eror msg="heartbeat timeout, terminating session" obj=tunnels.session obj=csess id=f75e0332bd3f clientid=56322deaaab94c7a65b4f7a1c7b54fda
t=2026-04-23T08:05:57+0530 lvl=eror msg="heartbeat timeout, terminating session" obj=tunnels.session obj=csess id=00c30cceef7d clientid=56322deaaab94c7a65b4f7a1c7b54fda
t=2026-04-23T08:05:57+0530 lvl=eror msg="session closed, starting reconnect loop" obj=tunnels.session obj=csess id=bdf794c71f57 err="session closed"
t=2026-04-23T08:05:57+0530 lvl=info msg="client session established" obj=tunnels.session
t=2026-04-23T08:05:57+0530 lvl=info msg="tunnel session started" obj=tunnels.session
t=2026-04-23T08:46:58+0530 lvl=eror msg="session closed, starting reconnect loop" obj=tunnels.session obj=csess id=bdf794c71f57 err="read tcp [2400:1f00:2:1de0:d91f:1641:48fb:e320]:51301->[2406:da1a:e91:9300:d4f4:8948:9d02:5408]:443: read: connection reset by peer"
t=2026-04-23T08:46:59+0530 lvl=info msg="client session established" obj=tunnels.session
t=2026-04-23T08:46:59+0530 lvl=info msg="tunnel session started" obj=tunnels.session
t=2026-04-23T08:47:13+0530 lvl=eror msg="heartbeat timeout, terminating session" obj=tunnels.session obj=csess id=4bfcec654b2f clientid=56322deaaab94c7a65b4f7a1c7b54fda
t=2026-04-23T09:02:39+0530 lvl=eror msg="heartbeat timeout, terminating session" obj=tunnels.session obj=csess id=424956d8d34e clientid=56322deaaab94c7a65b4f7a1c7b54fda
t=2026-04-23T09:02:39+0530 lvl=eror msg="session closed, starting reconnect loop" obj=tunnels.session obj=csess id=bdf794c71f57 err="session closed"
t=2026-04-23T09:02:44+0530 lvl=info msg="client session established" obj=tunnels.session
t=2026-04-23T09:02:44+0530 lvl=info msg="tunnel session started" obj=tunnels.session
t=2026-04-23T09:03:55+0530 lvl=eror msg="session closed, starting reconnect loop" obj=tunnels.session obj=csess id=bdf794c71f57 err="read EOF from remote peer"
t=2026-04-23T09:03:56+0530 lvl=info msg="client session established" obj=tunnels.session
t=2026-04-23T09:03:56+0530 lvl=info msg="tunnel session started" obj=tunnels.session
t=2026-04-23T09:05:12+0530 lvl=eror msg="heartbeat timeout, terminating session" obj=tunnels.session obj=csess id=320e8a9b78f0 clientid=56322deaaab94c7a65b4f7a1c7b54fda
t=2026-04-23T09:05:30+0530 lvl=eror msg="heartbeat timeout, terminating session" obj=tunnels.session obj=csess id=dc48ad53eb9f clientid=56322deaaab94c7a65b4f7a1c7b54fda
t=2026-04-23T09:05:30+0530 lvl=eror msg="session closed, starting reconnect loop" obj=tunnels.session obj=csess id=bdf794c71f57 err="session closed"
t=2026-04-23T09:05:31+0530 lvl=info msg="client session established" obj=tunnels.session
t=2026-04-23T09:05:31+0530 lvl=info msg="tunnel session started" obj=tunnels.session
t=2026-04-23T09:21:53+0530 lvl=eror msg="session closed, starting reconnect loop" obj=tunnels.session obj=csess id=bdf794c71f57 err="read tcp [2400:1f00:2:1de0:d91f:1641:48fb:e320]:53223->[2406:da1a:e91:9301:f1a3:66ed:d097:b95c]:443: read: no route to host"
t=2026-04-23T09:21:53+0530 lvl=eror msg="failed to reconnect session" obj=tunnels.session err="failed to dial ngrok server with address \"connect.ngrok-agent.com:443\": dial tcp: lookup connect.ngrok-agent.com: no such host"
t=2026-04-23T09:21:53+0530 lvl=eror msg="failed to reconnect session" obj=tunnels.session err="failed to dial ngrok server with address \"connect.ngrok-agent.com:443\": dial tcp: lookup connect.ngrok-agent.com: no such host"
t=2026-04-23T09:21:54+0530 lvl=eror msg="heartbeat timeout, terminating session" obj=tunnels.session obj=csess id=feba5915cc5a clientid=56322deaaab94c7a65b4f7a1c7b54fda
t=2026-04-23T09:21:54+0530 lvl=eror msg="failed to reconnect session" obj=tunnels.session err="failed to dial ngrok server with address \"connect.ngrok-agent.com:443\": dial tcp: lookup connect.ngrok-agent.com: no such host"
t=2026-04-23T09:48:24+0530 lvl=eror msg="failed to reconnect session" obj=tunnels.session err="failed to dial ngrok server with address \"connect.ngrok-agent.com:443\": dial tcp: lookup connect.ngrok-agent.com: no such host"
t=2026-04-23T09:48:28+0530 lvl=eror msg="failed to reconnect session" obj=tunnels.session err="failed to dial ngrok server with address \"connect.ngrok-agent.com:443\": dial tcp: lookup connect.ngrok-agent.com: no such host"
t=2026-04-23T09:48:36+0530 lvl=eror msg="failed to reconnect session" obj=tunnels.session err="failed to dial ngrok server with address \"connect.ngrok-agent.com:443\": dial tcp: lookup connect.ngrok-agent.com: no such host"
t=2026-04-23T09:54:26+0530 lvl=eror msg="failed to reconnect session" obj=tunnels.session err="failed to dial ngrok server with address \"connect.ngrok-agent.com:443\": dial tcp: lookup connect.ngrok-agent.com: no such host"
t=2026-04-23T10:27:49+0530 lvl=info msg="client session established" obj=tunnels.session
t=2026-04-23T10:27:49+0530 lvl=info msg="tunnel session started" obj=tunnels.session
t=2026-04-23T10:38:11+0530 lvl=eror msg="session closed, starting reconnect loop" obj=tunnels.session obj=csess id=bdf794c71f57 err="read tcp 10.117.79.152:53475->3.108.208.206:443: read: connection reset by peer"
t=2026-04-23T10:38:12+0530 lvl=info msg="client session established" obj=tunnels.session
t=2026-04-23T10:38:12+0530 lvl=info msg="tunnel session started" obj=tunnels.session
t=2026-04-23T10:56:38+0530 lvl=eror msg="heartbeat timeout, terminating session" obj=tunnels.session obj=csess id=ed021ed19a27 clientid=56322deaaab94c7a65b4f7a1c7b54fda
t=2026-04-23T11:01:25+0530 lvl=eror msg="heartbeat timeout, terminating session" obj=tunnels.session obj=csess id=9f23dbbd4746 clientid=56322deaaab94c7a65b4f7a1c7b54fda
t=2026-04-23T11:01:25+0530 lvl=eror msg="session closed, starting reconnect loop" obj=tunnels.session obj=csess id=bdf794c71f57 err="session closed"
t=2026-04-23T11:01:25+0530 lvl=eror msg="failed to reconnect session" obj=tunnels.session err="failed to dial ngrok server with address \"connect.ngrok-agent.com:443\": dial tcp: lookup connect.ngrok-agent.com: no such host"
t=2026-04-23T11:01:25+0530 lvl=eror msg="failed to reconnect session" obj=tunnels.session err="failed to dial ngrok server with address \"connect.ngrok-agent.com:443\": dial tcp: lookup connect.ngrok-agent.com: no such host"
t=2026-04-23T11:01:26+0530 lvl=eror msg="failed to reconnect session" obj=tunnels.session err="failed to dial ngrok server with address \"connect.ngrok-agent.com:443\": dial tcp: lookup connect.ngrok-agent.com: no such host"
t=2026-04-23T11:01:29+0530 lvl=info msg="client session established" obj=tunnels.session
t=2026-04-23T11:01:29+0530 lvl=info msg="tunnel session started" obj=tunnels.session
t=2026-04-23T11:34:27+0530 lvl=eror msg="session closed, starting reconnect loop" obj=tunnels.session obj=csess id=bdf794c71f57 err="read tcp 10.0.8.73:53644->3.108.208.206:443: read: operation timed out"
t=2026-04-23T11:34:27+0530 lvl=eror msg="failed to reconnect session" obj=tunnels.session err="failed to dial ngrok server with address \"connect.ngrok-agent.com:443\": dial tcp: lookup connect.ngrok-agent.com: no such host"
t=2026-04-23T11:34:28+0530 lvl=eror msg="failed to reconnect session" obj=tunnels.session err="failed to dial ngrok server with address \"connect.ngrok-agent.com:443\": dial tcp: lookup connect.ngrok-agent.com: no such host"
t=2026-04-23T11:34:29+0530 lvl=eror msg="failed to reconnect session" obj=tunnels.session err="failed to dial ngrok server with address \"connect.ngrok-agent.com:443\": dial tcp: lookup connect.ngrok-agent.com: no such host"
t=2026-04-23T11:34:32+0530 lvl=info msg="client session established" obj=tunnels.session
t=2026-04-23T11:34:32+0530 lvl=info msg="tunnel session started" obj=tunnels.session
t=2026-04-23T11:34:40+0530 lvl=eror msg="heartbeat timeout, terminating session" obj=tunnels.session obj=csess id=fc73e4cb739f clientid=56322deaaab94c7a65b4f7a1c7b54fda
t=2026-04-23T12:15:17+0530 lvl=eror msg="session closed, starting reconnect loop" obj=tunnels.session obj=csess id=bdf794c71f57 err="read tcp 10.0.8.73:53782->3.108.166.207:443: read: can't assign requested address"
t=2026-04-23T12:15:18+0530 lvl=eror msg="failed to reconnect session" obj=tunnels.session err="failed to dial ngrok server with address \"connect.ngrok-agent.com:443\": dial tcp: lookup connect.ngrok-agent.com: no such host"
t=2026-04-23T12:15:18+0530 lvl=eror msg="failed to reconnect session" obj=tunnels.session err="failed to dial ngrok server with address \"connect.ngrok-agent.com:443\": dial tcp: lookup connect.ngrok-agent.com: no such host"
t=2026-04-23T12:15:19+0530 lvl=eror msg="failed to reconnect session" obj=tunnels.session err="failed to dial ngrok server with address \"connect.ngrok-agent.com:443\": dial tcp: lookup connect.ngrok-agent.com: no such host"
t=2026-04-23T12:15:21+0530 lvl=eror msg="heartbeat timeout, terminating session" obj=tunnels.session obj=csess id=d5550a580662 clientid=56322deaaab94c7a65b4f7a1c7b54fda
t=2026-04-23T12:15:22+0530 lvl=eror msg="failed to reconnect session" obj=tunnels.session err="failed to send authentication request: failed to fetch CRL. errors encountered: Get \"http://crl.ngrok-agent.com/ngrok.crl\": dial tcp 108.159.61.35:80: connect: network is unreachable"
t=2026-04-23T12:15:27+0530 lvl=info msg="client session established" obj=tunnels.session
t=2026-04-23T12:15:27+0530 lvl=info msg="tunnel session started" obj=tunnels.session
t=2026-04-23T12:16:59+0530 lvl=eror msg="heartbeat timeout, terminating session" obj=tunnels.session obj=csess id=f88eeaa42aa4 clientid=56322deaaab94c7a65b4f7a1c7b54fda
t=2026-04-23T12:16:59+0530 lvl=eror msg="session closed, starting reconnect loop" obj=tunnels.session obj=csess id=bdf794c71f57 err="session closed"
t=2026-04-23T12:16:59+0530 lvl=eror msg="failed to reconnect session" obj=tunnels.session err="failed to dial ngrok server with address \"connect.ngrok-agent.com:443\": dial tcp: lookup connect.ngrok-agent.com: no such host"
t=2026-04-23T12:16:59+0530 lvl=eror msg="failed to reconnect session" obj=tunnels.session err="failed to dial ngrok server with address \"connect.ngrok-agent.com:443\": dial tcp: lookup connect.ngrok-agent.com: no such host"
t=2026-04-23T12:17:00+0530 lvl=eror msg="failed to reconnect session" obj=tunnels.session err="failed to dial ngrok server with address \"connect.ngrok-agent.com:443\": dial tcp: lookup connect.ngrok-agent.com: no such host"
t=2026-04-23T12:17:02+0530 lvl=eror msg="failed to reconnect session" obj=tunnels.session err="failed to dial ngrok server with address \"connect.ngrok-agent.com:443\": dial tcp: lookup connect.ngrok-agent.com: no such host"
t=2026-04-23T12:17:06+0530 lvl=eror msg="failed to reconnect session" obj=tunnels.session err="failed to dial ngrok server with address \"connect.ngrok-agent.com:443\": dial tcp: lookup connect.ngrok-agent.com: no such host"
t=2026-04-23T12:17:18+0530 lvl=eror msg="failed to reconnect session" obj=tunnels.session err="failed to dial ngrok server with address \"connect.ngrok-agent.com:443\": dial tcp 3.108.208.206:443: i/o timeout"
t=2026-04-23T12:21:16+0530 lvl=eror msg="failed to reconnect session" obj=tunnels.session err="failed to dial ngrok server with address \"connect.ngrok-agent.com:443\": dial tcp: lookup connect.ngrok-agent.com: no such host"
t=2026-04-23T12:24:53+0530 lvl=eror msg="failed to reconnect session" obj=tunnels.session err="failed to dial ngrok server with address \"connect.ngrok-agent.com:443\": dial tcp: lookup connect.ngrok-agent.com: no such host"
t=2026-04-23T12:26:43+0530 lvl=eror msg="failed to reconnect session" obj=tunnels.session err="failed to dial ngrok server with address \"connect.ngrok-agent.com:443\": dial tcp: lookup connect.ngrok-agent.com: no such host"
t=2026-04-23T12:28:08+0530 lvl=eror msg="failed to reconnect session" obj=tunnels.session err="failed to dial ngrok server with address \"connect.ngrok-agent.com:443\": dial tcp: lookup connect.ngrok-agent.com: no such host"
t=2026-04-23T12:28:38+0530 lvl=info msg="client session established" obj=tunnels.session
t=2026-04-23T12:28:38+0530 lvl=info msg="tunnel session started" obj=tunnels.session
t=2026-04-23T12:38:12+0530 lvl=eror msg="heartbeat timeout, terminating session" obj=tunnels.session obj=csess id=6a40d68fae47 clientid=56322deaaab94c7a65b4f7a1c7b54fda
t=2026-04-23T12:38:12+0530 lvl=eror msg="session closed, starting reconnect loop" obj=tunnels.session obj=csess id=bdf794c71f57 err="session closed"
t=2026-04-23T12:38:12+0530 lvl=eror msg="failed to reconnect session" obj=tunnels.session err="failed to dial ngrok server with address \"connect.ngrok-agent.com:443\": dial tcp: lookup connect.ngrok-agent.com: no such host"
t=2026-04-23T12:38:12+0530 lvl=eror msg="failed to reconnect session" obj=tunnels.session err="failed to dial ngrok server with address \"connect.ngrok-agent.com:443\": dial tcp: lookup connect.ngrok-agent.com: no such host"
t=2026-04-23T12:38:13+0530 lvl=eror msg="failed to reconnect session" obj=tunnels.session err="failed to dial ngrok server with address \"connect.ngrok-agent.com:443\": dial tcp: lookup connect.ngrok-agent.com: no such host"
t=2026-04-23T12:38:15+0530 lvl=eror msg="failed to reconnect session" obj=tunnels.session err="failed to dial ngrok server with address \"connect.ngrok-agent.com:443\": dial tcp: lookup connect.ngrok-agent.com: no such host"
t=2026-04-23T12:38:19+0530 lvl=eror msg="failed to reconnect session" obj=tunnels.session err="failed to dial ngrok server with address \"connect.ngrok-agent.com:443\": dial tcp: lookup connect.ngrok-agent.com: no such host"
t=2026-04-23T12:38:32+0530 lvl=eror msg="failed to reconnect session" obj=tunnels.session err="failed to dial ngrok server with address \"connect.ngrok-agent.com:443\": dial tcp: lookup connect.ngrok-agent.com: no such host"
t=2026-04-23T12:40:12+0530 lvl=eror msg="failed to reconnect session" obj=tunnels.session err="failed to dial ngrok server with address \"connect.ngrok-agent.com:443\": dial tcp: lookup connect.ngrok-agent.com: no such host"
t=2026-04-23T12:44:41+0530 lvl=eror msg="failed to reconnect session" obj=tunnels.session err="failed to dial ngrok server with address \"connect.ngrok-agent.com:443\": dial tcp: lookup connect.ngrok-agent.com: no such host"
t=2026-04-23T12:45:16+0530 lvl=eror msg="failed to reconnect session" obj=tunnels.session err="failed to dial ngrok server with address \"connect.ngrok-agent.com:443\": dial tcp: lookup connect.ngrok-agent.com: no such host"
t=2026-04-23T12:45:49+0530 lvl=info msg="client session established" obj=tunnels.session
t=2026-04-23T12:45:49+0530 lvl=info msg="tunnel session started" obj=tunnels.session
t=2026-04-23T12:47:05+0530 lvl=eror msg="heartbeat timeout, terminating session" obj=tunnels.session obj=csess id=76409fa33f91 clientid=56322deaaab94c7a65b4f7a1c7b54fda
t=2026-04-23T12:47:05+0530 lvl=eror msg="session closed, starting reconnect loop" obj=tunnels.session obj=csess id=bdf794c71f57 err="session closed"
t=2026-04-23T12:47:05+0530 lvl=eror msg="failed to reconnect session" obj=tunnels.session err="failed to dial ngrok server with address \"connect.ngrok-agent.com:443\": dial tcp: lookup connect.ngrok-agent.com: no such host"
t=2026-04-23T12:47:06+0530 lvl=eror msg="failed to reconnect session" obj=tunnels.session err="failed to dial ngrok server with address \"connect.ngrok-agent.com:443\": dial tcp: lookup connect.ngrok-agent.com: no such host"
t=2026-04-23T12:47:07+0530 lvl=eror msg="failed to reconnect session" obj=tunnels.session err="failed to dial ngrok server with address \"connect.ngrok-agent.com:443\": dial tcp: lookup connect.ngrok-agent.com: no such host"
t=2026-04-23T12:47:09+0530 lvl=eror msg="failed to reconnect session" obj=tunnels.session err="failed to dial ngrok server with address \"connect.ngrok-agent.com:443\": dial tcp: lookup connect.ngrok-agent.com: no such host"
t=2026-04-23T12:49:22+0530 lvl=info msg="client session established" obj=tunnels.session
t=2026-04-23T12:49:22+0530 lvl=info msg="tunnel session started" obj=tunnels.session
t=2026-04-23T14:25:26+0530 lvl=eror msg="heartbeat timeout, terminating session" obj=tunnels.session obj=csess id=3f13ff269ee0 clientid=56322deaaab94c7a65b4f7a1c7b54fda
t=2026-04-23T14:25:26+0530 lvl=eror msg="session closed, starting reconnect loop" obj=tunnels.session obj=csess id=bdf794c71f57 err="session closed"
t=2026-04-23T14:25:26+0530 lvl=eror msg="failed to reconnect session" obj=tunnels.session err="failed to dial ngrok server with address \"connect.ngrok-agent.com:443\": dial tcp: lookup connect.ngrok-agent.com: no such host"
t=2026-04-23T14:25:26+0530 lvl=eror msg="failed to reconnect session" obj=tunnels.session err="failed to dial ngrok server with address \"connect.ngrok-agent.com:443\": dial tcp: lookup connect.ngrok-agent.com: no such host"
t=2026-04-23T14:25:27+0530 lvl=eror msg="failed to reconnect session" obj=tunnels.session err="failed to dial ngrok server with address \"connect.ngrok-agent.com:443\": dial tcp: lookup connect.ngrok-agent.com: no such host"
t=2026-04-23T14:25:29+0530 lvl=eror msg="failed to reconnect session" obj=tunnels.session err="failed to dial ngrok server with address \"connect.ngrok-agent.com:443\": dial tcp: lookup connect.ngrok-agent.com: no such host"
t=2026-04-23T14:25:33+0530 lvl=eror msg="failed to reconnect session" obj=tunnels.session err="failed to dial ngrok server with address \"connect.ngrok-agent.com:443\": dial tcp: lookup connect.ngrok-agent.com: no such host"
t=2026-04-23T14:41:53+0530 lvl=eror msg="failed to reconnect session" obj=tunnels.session err="failed to dial ngrok server with address \"connect.ngrok-agent.com:443\": dial tcp: lookup connect.ngrok-agent.com: no such host"
t=2026-04-23T14:42:12+0530 lvl=info msg="client session established" obj=tunnels.session
t=2026-04-23T14:42:12+0530 lvl=info msg="tunnel session started" obj=tunnels.session
t=2026-04-23T14:47:13+0530 lvl=eror msg="heartbeat timeout, terminating session" obj=tunnels.session obj=csess id=83e6427a913b clientid=56322deaaab94c7a65b4f7a1c7b54fda
t=2026-04-23T14:47:13+0530 lvl=eror msg="session closed, starting reconnect loop" obj=tunnels.session obj=csess id=bdf794c71f57 err="session closed"
t=2026-04-23T14:49:22+0530 lvl=info msg="client session established" obj=tunnels.session
t=2026-04-23T14:49:22+0530 lvl=info msg="tunnel session started" obj=tunnels.session
t=2026-04-23T15:09:26+0530 lvl=eror msg="session closed, starting reconnect loop" obj=tunnels.session obj=csess id=bdf794c71f57 err="read tcp [2400:1f00:2:1de0:8c3:c471:f338:2888]:55186->[2406:da1a:e91:9300:403a:a280:b69a:91cf]:443: read: connection reset by peer"
t=2026-04-23T15:09:26+0530 lvl=info msg="client session established" obj=tunnels.session
t=2026-04-23T15:09:26+0530 lvl=info msg="tunnel session started" obj=tunnels.session
t=2026-04-23T15:26:36+0530 lvl=eror msg="session closed, starting reconnect loop" obj=tunnels.session obj=csess id=bdf794c71f57 err="read tcp [2400:1f00:2:1de0:8c3:c471:f338:2888]:55271->[2406:da1a:e91:9300:d4f4:8948:9d02:5408]:443: read: connection reset by peer"
t=2026-04-23T15:43:36+0530 lvl=eror msg="failed to reconnect session" obj=tunnels.session err="session closed"
t=2026-04-23T15:43:38+0530 lvl=info msg="client session established" obj=tunnels.session
t=2026-04-23T15:43:38+0530 lvl=info msg="tunnel session started" obj=tunnels.session
t=2026-04-23T15:43:40+0530 lvl=eror msg="heartbeat timeout, terminating session" obj=tunnels.session obj=csess id=691b4140533a clientid=56322deaaab94c7a65b4f7a1c7b54fda
t=2026-04-23T16:03:25+0530 lvl=eror msg="heartbeat timeout, terminating session" obj=tunnels.session obj=csess id=6ac60a2756cc clientid=56322deaaab94c7a65b4f7a1c7b54fda
t=2026-04-23T16:35:47+0530 lvl=eror msg="heartbeat timeout, terminating session" obj=tunnels.session obj=csess id=ac9128eff6d1 clientid=56322deaaab94c7a65b4f7a1c7b54fda
t=2026-04-23T16:35:47+0530 lvl=eror msg="session closed, starting reconnect loop" obj=tunnels.session obj=csess id=bdf794c71f57 err="session closed"
t=2026-04-23T16:43:43+0530 lvl=eror msg="failed to reconnect session" obj=tunnels.session err="session closed"
t=2026-04-23T16:43:45+0530 lvl=info msg="client session established" obj=tunnels.session
t=2026-04-23T16:43:45+0530 lvl=info msg="tunnel session started" obj=tunnels.session
t=2026-04-23T17:07:01+0530 lvl=eror msg="heartbeat timeout, terminating session" obj=tunnels.session obj=csess id=9a62e51dd54d clientid=56322deaaab94c7a65b4f7a1c7b54fda
t=2026-04-23T17:07:01+0530 lvl=eror msg="session closed, starting reconnect loop" obj=tunnels.session obj=csess id=bdf794c71f57 err="session closed"
t=2026-04-23T17:23:38+0530 lvl=eror msg="failed to reconnect session" obj=tunnels.session err="session closed"
t=2026-04-23T17:23:40+0530 lvl=info msg="client session established" obj=tunnels.session
t=2026-04-23T17:23:40+0530 lvl=info msg="tunnel session started" obj=tunnels.session
t=2026-04-23T17:49:54+0530 lvl=eror msg="session closed, starting reconnect loop" obj=tunnels.session obj=csess id=bdf794c71f57 err="read tcp [2400:1f00:2:1de0:8c3:c471:f338:2888]:55547->[2406:da1a:e91:9300:403a:a280:b69a:91cf]:443: read: connection reset by peer"
t=2026-04-23T17:49:55+0530 lvl=info msg="client session established" obj=tunnels.session
t=2026-04-23T17:49:55+0530 lvl=info msg="tunnel session started" obj=tunnels.session
t=2026-04-23T18:06:57+0530 lvl=eror msg="session closed, starting reconnect loop" obj=tunnels.session obj=csess id=bdf794c71f57 err="read tcp [2400:1f00:2:1de0:8c3:c471:f338:2888]:55583->[2406:da1a:e91:9301:f1a3:66ed:d097:b95c]:443: read: connection reset by peer"
t=2026-04-23T18:06:57+0530 lvl=info msg="client session established" obj=tunnels.session
t=2026-04-23T18:06:57+0530 lvl=info msg="tunnel session started" obj=tunnels.session
t=2026-04-23T18:24:30+0530 lvl=eror msg="heartbeat timeout, terminating session" obj=tunnels.session obj=csess id=8637e8ba8bac clientid=56322deaaab94c7a65b4f7a1c7b54fda
t=2026-04-23T18:41:48+0530 lvl=eror msg="session closed, starting reconnect loop" obj=tunnels.session obj=csess id=bdf794c71f57 err="read tcp [2400:1f00:2:1de0:8c3:c471:f338:2888]:55622->[2406:da1a:e91:9301:f1a3:66ed:d097:b95c]:443: read: connection reset by peer"
t=2026-04-23T18:41:49+0530 lvl=info msg="client session established" obj=tunnels.session
t=2026-04-23T18:41:49+0530 lvl=info msg="tunnel session started" obj=tunnels.session
t=2026-04-23T18:50:56+0530 lvl=eror msg="heartbeat timeout, terminating session" obj=tunnels.session obj=csess id=272c3d08da00 clientid=56322deaaab94c7a65b4f7a1c7b54fda
t=2026-04-23T19:08:19+0530 lvl=eror msg="session closed, starting reconnect loop" obj=tunnels.session obj=csess id=bdf794c71f57 err="read tcp [2400:1f00:2:1de0:8c3:c471:f338:2888]:55664->[2406:da1a:e91:9300:d4f4:8948:9d02:5408]:443: read: connection reset by peer"
t=2026-04-23T19:08:21+0530 lvl=info msg="client session established" obj=tunnels.session
t=2026-04-23T19:08:21+0530 lvl=info msg="tunnel session started" obj=tunnels.session
t=2026-04-23T19:08:24+0530 lvl=eror msg="heartbeat timeout, terminating session" obj=tunnels.session obj=csess id=45355919477c clientid=56322deaaab94c7a65b4f7a1c7b54fda
t=2026-04-23T19:17:32+0530 lvl=eror msg="heartbeat timeout, terminating session" obj=tunnels.session obj=csess id=5dd0e7250589 clientid=56322deaaab94c7a65b4f7a1c7b54fda
t=2026-04-23T19:17:43+0530 lvl=eror msg="heartbeat timeout, terminating session" obj=tunnels.session obj=csess id=41b786551df3 clientid=56322deaaab94c7a65b4f7a1c7b54fda
t=2026-04-23T19:17:43+0530 lvl=eror msg="session closed, starting reconnect loop" obj=tunnels.session obj=csess id=bdf794c71f57 err="session closed"
t=2026-04-23T19:17:44+0530 lvl=info msg="client session established" obj=tunnels.session
t=2026-04-23T19:17:44+0530 lvl=info msg="tunnel session started" obj=tunnels.session
t=2026-04-23T19:36:08+0530 lvl=eror msg="session closed, starting reconnect loop" obj=tunnels.session obj=csess id=bdf794c71f57 err="read tcp [2400:1f00:2:1de0:8c3:c471:f338:2888]:55784->[2406:da1a:e91:9300:403a:a280:b69a:91cf]:443: read: connection reset by peer"
t=2026-04-23T19:36:09+0530 lvl=info msg="client session established" obj=tunnels.session
t=2026-04-23T19:36:09+0530 lvl=info msg="tunnel session started" obj=tunnels.session
t=2026-04-23T20:01:33+0530 lvl=eror msg="heartbeat timeout, terminating session" obj=tunnels.session obj=csess id=2b5a5be506d3 clientid=56322deaaab94c7a65b4f7a1c7b54fda
t=2026-04-23T20:01:53+0530 lvl=eror msg="heartbeat timeout, terminating session" obj=tunnels.session obj=csess id=b67907caa856 clientid=56322deaaab94c7a65b4f7a1c7b54fda
t=2026-04-23T20:01:53+0530 lvl=eror msg="session closed, starting reconnect loop" obj=tunnels.session obj=csess id=bdf794c71f57 err="session closed"
t=2026-04-23T20:01:54+0530 lvl=info msg="client session established" obj=tunnels.session
t=2026-04-23T20:01:54+0530 lvl=info msg="tunnel session started" obj=tunnels.session
t=2026-04-23T20:19:52+0530 lvl=eror msg="session closed, starting reconnect loop" obj=tunnels.session obj=csess id=bdf794c71f57 err="read tcp 192.168.0.90:55911->3.108.166.207:443: read: operation timed out"
t=2026-04-23T20:19:53+0530 lvl=info msg="client session established" obj=tunnels.session
t=2026-04-23T20:19:53+0530 lvl=info msg="tunnel session started" obj=tunnels.session
t=2026-04-23T20:23:02+0530 lvl=eror msg="heartbeat timeout, terminating session" obj=tunnels.session obj=csess id=3b71e44dc2cb clientid=56322deaaab94c7a65b4f7a1c7b54fda
t=2026-04-23T20:23:38+0530 lvl=eror msg="heartbeat timeout, terminating session" obj=tunnels.session obj=csess id=2388d60b84fc clientid=56322deaaab94c7a65b4f7a1c7b54fda
t=2026-04-23T20:23:38+0530 lvl=eror msg="session closed, starting reconnect loop" obj=tunnels.session obj=csess id=bdf794c71f57 err="session closed"
t=2026-04-23T20:23:39+0530 lvl=info msg="client session established" obj=tunnels.session
t=2026-04-23T20:23:39+0530 lvl=info msg="tunnel session started" obj=tunnels.session
t=2026-04-23T20:39:36+0530 lvl=eror msg="session closed, starting reconnect loop" obj=tunnels.session obj=csess id=bdf794c71f57 err="read tcp [2400:1f00:2:1de0:8c3:c471:f338:2888]:56014->[2406:da1a:e91:9302:5f2c:118e:bcf2:c8bb]:443: read: connection reset by peer"
t=2026-04-23T20:39:37+0530 lvl=info msg="client session established" obj=tunnels.session
t=2026-04-23T20:39:37+0530 lvl=info msg="tunnel session started" obj=tunnels.session
t=2026-04-23T20:52:49+0530 lvl=eror msg="session closed, starting reconnect loop" obj=tunnels.session obj=csess id=bdf794c71f57 err="read tcp [2400:1f00:2:1de0:8c3:c471:f338:2888]:56034->[2406:da1a:e91:9300:403a:a280:b69a:91cf]:443: read: connection reset by peer"
t=2026-04-23T20:52:50+0530 lvl=info msg="client session established" obj=tunnels.session
t=2026-04-23T20:52:50+0530 lvl=info msg="tunnel session started" obj=tunnels.session
t=2026-04-23T20:52:59+0530 lvl=eror msg="heartbeat timeout, terminating session" obj=tunnels.session obj=csess id=f6210a7e7245 clientid=56322deaaab94c7a65b4f7a1c7b54fda
t=2026-04-23T20:54:53+0530 lvl=eror msg="heartbeat timeout, terminating session" obj=tunnels.session obj=csess id=4bd504886deb clientid=56322deaaab94c7a65b4f7a1c7b54fda
t=2026-04-23T20:55:13+0530 lvl=eror msg="heartbeat timeout, terminating session" obj=tunnels.session obj=csess id=58ae010cdeae clientid=56322deaaab94c7a65b4f7a1c7b54fda
t=2026-04-23T20:55:13+0530 lvl=eror msg="session closed, starting reconnect loop" obj=tunnels.session obj=csess id=bdf794c71f57 err="session closed"
t=2026-04-23T20:55:14+0530 lvl=info msg="client session established" obj=tunnels.session
t=2026-04-23T20:55:14+0530 lvl=info msg="tunnel session started" obj=tunnels.session
t=2026-04-23T22:55:09+0530 lvl=eror msg="heartbeat timeout, terminating session" obj=tunnels.session obj=csess id=e547f2edaaf6 clientid=56322deaaab94c7a65b4f7a1c7b54fda
t=2026-04-23T22:55:09+0530 lvl=eror msg="session closed, starting reconnect loop" obj=tunnels.session obj=csess id=bdf794c71f57 err="session closed"
t=2026-04-23T22:55:09+0530 lvl=eror msg="failed to reconnect session" obj=tunnels.session err="failed to dial ngrok server with address \"connect.ngrok-agent.com:443\": dial tcp: lookup connect.ngrok-agent.com: no such host"
t=2026-04-23T22:55:09+0530 lvl=eror msg="failed to reconnect session" obj=tunnels.session err="failed to dial ngrok server with address \"connect.ngrok-agent.com:443\": dial tcp: lookup connect.ngrok-agent.com: no such host"
t=2026-04-23T22:55:10+0530 lvl=eror msg="failed to reconnect session" obj=tunnels.session err="failed to dial ngrok server with address \"connect.ngrok-agent.com:443\": dial tcp: lookup connect.ngrok-agent.com: no such host"
t=2026-04-23T22:55:12+0530 lvl=eror msg="failed to reconnect session" obj=tunnels.session err="failed to dial ngrok server with address \"connect.ngrok-agent.com:443\": dial tcp: lookup connect.ngrok-agent.com: no such host"
t=2026-04-23T22:55:16+0530 lvl=eror msg="failed to reconnect session" obj=tunnels.session err="failed to dial ngrok server with address \"connect.ngrok-agent.com:443\": dial tcp: lookup connect.ngrok-agent.com: no such host"
t=2026-04-23T22:55:24+0530 lvl=eror msg="failed to reconnect session" obj=tunnels.session err="failed to dial ngrok server with address \"connect.ngrok-agent.com:443\": dial tcp: lookup connect.ngrok-agent.com: no such host"
t=2026-04-23T22:55:40+0530 lvl=eror msg="failed to reconnect session" obj=tunnels.session err="failed to dial ngrok server with address \"connect.ngrok-agent.com:443\": dial tcp: lookup connect.ngrok-agent.com: no such host"
t=2026-04-23T22:56:10+0530 lvl=eror msg="failed to reconnect session" obj=tunnels.session err="failed to dial ngrok server with address \"connect.ngrok-agent.com:443\": dial tcp: lookup connect.ngrok-agent.com: no such host"
t=2026-04-23T22:56:40+0530 lvl=eror msg="failed to reconnect session" obj=tunnels.session err="failed to dial ngrok server with address \"connect.ngrok-agent.com:443\": dial tcp: lookup connect.ngrok-agent.com: no such host"
t=2026-04-23T22:57:10+0530 lvl=eror msg="failed to reconnect session" obj=tunnels.session err="failed to dial ngrok server with address \"connect.ngrok-agent.com:443\": dial tcp: lookup connect.ngrok-agent.com: no such host"
t=2026-04-23T22:57:40+0530 lvl=eror msg="failed to reconnect session" obj=tunnels.session err="failed to dial ngrok server with address \"connect.ngrok-agent.com:443\": dial tcp: lookup connect.ngrok-agent.com: no such host"
t=2026-04-23T22:58:10+0530 lvl=eror msg="failed to reconnect session" obj=tunnels.session err="failed to dial ngrok server with address \"connect.ngrok-agent.com:443\": dial tcp: lookup connect.ngrok-agent.com: no such host"
t=2026-04-23T22:58:40+0530 lvl=eror msg="failed to reconnect session" obj=tunnels.session err="failed to dial ngrok server with address \"connect.ngrok-agent.com:443\": dial tcp: lookup connect.ngrok-agent.com: no such host"
t=2026-04-23T22:59:10+0530 lvl=eror msg="failed to reconnect session" obj=tunnels.session err="failed to dial ngrok server with address \"connect.ngrok-agent.com:443\": dial tcp: lookup connect.ngrok-agent.com: no such host"
t=2026-04-23T22:59:40+0530 lvl=eror msg="failed to reconnect session" obj=tunnels.session err="failed to dial ngrok server with address \"connect.ngrok-agent.com:443\": dial tcp: lookup connect.ngrok-agent.com: no such host"
t=2026-04-23T23:00:10+0530 lvl=eror msg="failed to reconnect session" obj=tunnels.session err="failed to dial ngrok server with address \"connect.ngrok-agent.com:443\": dial tcp: lookup connect.ngrok-agent.com: no such host"
t=2026-04-23T23:00:40+0530 lvl=eror msg="failed to reconnect session" obj=tunnels.session err="failed to dial ngrok server with address \"connect.ngrok-agent.com:443\": dial tcp: lookup connect.ngrok-agent.com: no such host"
t=2026-04-23T23:01:10+0530 lvl=eror msg="failed to reconnect session" obj=tunnels.session err="failed to dial ngrok server with address \"connect.ngrok-agent.com:443\": dial tcp: lookup connect.ngrok-agent.com: no such host"
t=2026-04-23T23:01:40+0530 lvl=eror msg="failed to reconnect session" obj=tunnels.session err="failed to dial ngrok server with address \"connect.ngrok-agent.com:443\": dial tcp: lookup connect.ngrok-agent.com: no such host"
t=2026-04-23T23:02:10+0530 lvl=eror msg="failed to reconnect session" obj=tunnels.session err="failed to dial ngrok server with address \"connect.ngrok-agent.com:443\": dial tcp: lookup connect.ngrok-agent.com: no such host"
t=2026-04-23T23:02:40+0530 lvl=eror msg="failed to reconnect session" obj=tunnels.session err="failed to dial ngrok server with address \"connect.ngrok-agent.com:443\": dial tcp: lookup connect.ngrok-agent.com: no such host"
t=2026-04-23T23:03:10+0530 lvl=eror msg="failed to reconnect session" obj=tunnels.session err="failed to dial ngrok server with address \"connect.ngrok-agent.com:443\": dial tcp: lookup connect.ngrok-agent.com: no such host"
t=2026-04-23T23:03:40+0530 lvl=eror msg="failed to reconnect session" obj=tunnels.session err="failed to dial ngrok server with address \"connect.ngrok-agent.com:443\": dial tcp: lookup connect.ngrok-agent.com: no such host"
t=2026-04-23T23:04:10+0530 lvl=eror msg="failed to reconnect session" obj=tunnels.session err="failed to dial ngrok server with address \"connect.ngrok-agent.com:443\": dial tcp: lookup connect.ngrok-agent.com: no such host"
t=2026-04-23T23:04:40+0530 lvl=eror msg="failed to reconnect session" obj=tunnels.session err="failed to dial ngrok server with address \"connect.ngrok-agent.com:443\": dial tcp: lookup connect.ngrok-agent.com: no such host"
t=2026-04-23T23:05:10+0530 lvl=eror msg="failed to reconnect session" obj=tunnels.session err="failed to dial ngrok server with address \"connect.ngrok-agent.com:443\": dial tcp: lookup connect.ngrok-agent.com: no such host"
t=2026-04-23T23:05:40+0530 lvl=eror msg="failed to reconnect session" obj=tunnels.session err="failed to dial ngrok server with address \"connect.ngrok-agent.com:443\": dial tcp: lookup connect.ngrok-agent.com: no such host"
t=2026-04-23T23:06:10+0530 lvl=eror msg="failed to reconnect session" obj=tunnels.session err="failed to dial ngrok server with address \"connect.ngrok-agent.com:443\": dial tcp: lookup connect.ngrok-agent.com: no such host"
t=2026-04-23T23:06:40+0530 lvl=eror msg="failed to reconnect session" obj=tunnels.session err="failed to dial ngrok server with address \"connect.ngrok-agent.com:443\": dial tcp: lookup connect.ngrok-agent.com: no such host"
t=2026-04-23T23:07:10+0530 lvl=eror msg="failed to reconnect session" obj=tunnels.session err="failed to dial ngrok server with address \"connect.ngrok-agent.com:443\": dial tcp: lookup connect.ngrok-agent.com: no such host"
t=2026-04-23T23:07:40+0530 lvl=eror msg="failed to reconnect session" obj=tunnels.session err="failed to dial ngrok server with address \"connect.ngrok-agent.com:443\": dial tcp: lookup connect.ngrok-agent.com: no such host"
t=2026-04-23T23:08:10+0530 lvl=eror msg="failed to reconnect session" obj=tunnels.session err="failed to dial ngrok server with address \"connect.ngrok-agent.com:443\": dial tcp: lookup connect.ngrok-agent.com: no such host"
t=2026-04-23T23:08:42+0530 lvl=info msg="client session established" obj=tunnels.session
t=2026-04-23T23:08:42+0530 lvl=info msg="tunnel session started" obj=tunnels.session
t=2026-04-23T23:33:26+0530 lvl=eror msg="heartbeat timeout, terminating session" obj=tunnels.session obj=csess id=56a6083d2844 clientid=56322deaaab94c7a65b4f7a1c7b54fda
t=2026-04-23T23:33:26+0530 lvl=eror msg="session closed, starting reconnect loop" obj=tunnels.session obj=csess id=bdf794c71f57 err="session closed"
t=2026-04-23T23:33:26+0530 lvl=eror msg="failed to reconnect session" obj=tunnels.session err="failed to dial ngrok server with address \"connect.ngrok-agent.com:443\": dial tcp: lookup connect.ngrok-agent.com: no such host"
t=2026-04-23T23:33:27+0530 lvl=eror msg="failed to reconnect session" obj=tunnels.session err="failed to dial ngrok server with address \"connect.ngrok-agent.com:443\": dial tcp: lookup connect.ngrok-agent.com: no such host"
t=2026-04-23T23:33:28+0530 lvl=eror msg="failed to reconnect session" obj=tunnels.session err="failed to dial ngrok server with address \"connect.ngrok-agent.com:443\": dial tcp: lookup connect.ngrok-agent.com: no such host"
t=2026-04-23T23:33:30+0530 lvl=eror msg="failed to reconnect session" obj=tunnels.session err="failed to dial ngrok server with address \"connect.ngrok-agent.com:443\": dial tcp: lookup connect.ngrok-agent.com: no such host"
t=2026-04-23T23:33:34+0530 lvl=eror msg="failed to reconnect session" obj=tunnels.session err="failed to dial ngrok server with address \"connect.ngrok-agent.com:443\": dial tcp: lookup connect.ngrok-agent.com: no such host"
t=2026-04-23T23:33:42+0530 lvl=eror msg="failed to reconnect session" obj=tunnels.session err="failed to dial ngrok server with address \"connect.ngrok-agent.com:443\": dial tcp: lookup connect.ngrok-agent.com: no such host"
t=2026-04-23T23:33:58+0530 lvl=eror msg="failed to reconnect session" obj=tunnels.session err="failed to dial ngrok server with address \"connect.ngrok-agent.com:443\": dial tcp: lookup connect.ngrok-agent.com: no such host"
t=2026-04-23T23:34:28+0530 lvl=eror msg="failed to reconnect session" obj=tunnels.session err="failed to dial ngrok server with address \"connect.ngrok-agent.com:443\": dial tcp: lookup connect.ngrok-agent.com: no such host"
t=2026-04-23T23:34:58+0530 lvl=eror msg="failed to reconnect session" obj=tunnels.session err="failed to dial ngrok server with address \"connect.ngrok-agent.com:443\": dial tcp: lookup connect.ngrok-agent.com: no such host"
t=2026-04-23T23:35:28+0530 lvl=eror msg="failed to reconnect session" obj=tunnels.session err="failed to dial ngrok server with address \"connect.ngrok-agent.com:443\": dial tcp: lookup connect.ngrok-agent.com: no such host"
t=2026-04-23T23:35:58+0530 lvl=eror msg="failed to reconnect session" obj=tunnels.session err="failed to dial ngrok server with address \"connect.ngrok-agent.com:443\": dial tcp: lookup connect.ngrok-agent.com: no such host"
t=2026-04-23T23:36:19+0530 lvl=warn msg="failed to check for update" obj=updater err="Post \"https://update.ngrok-agent.com/check\": dial tcp: lookup update.ngrok-agent.com: no such host"
t=2026-04-23T23:36:28+0530 lvl=eror msg="failed to reconnect session" obj=tunnels.session err="failed to dial ngrok server with address \"connect.ngrok-agent.com:443\": dial tcp: lookup connect.ngrok-agent.com: no such host"
t=2026-04-23T23:36:58+0530 lvl=eror msg="failed to reconnect session" obj=tunnels.session err="failed to dial ngrok server with address \"connect.ngrok-agent.com:443\": dial tcp: lookup connect.ngrok-agent.com: no such host"
t=2026-04-23T23:37:28+0530 lvl=eror msg="failed to reconnect session" obj=tunnels.session err="failed to dial ngrok server with address \"connect.ngrok-agent.com:443\": dial tcp: lookup connect.ngrok-agent.com: no such host"
t=2026-04-23T23:37:58+0530 lvl=eror msg="failed to reconnect session" obj=tunnels.session err="failed to dial ngrok server with address \"connect.ngrok-agent.com:443\": dial tcp: lookup connect.ngrok-agent.com: no such host"
t=2026-04-23T23:38:28+0530 lvl=eror msg="failed to reconnect session" obj=tunnels.session err="failed to dial ngrok server with address \"connect.ngrok-agent.com:443\": dial tcp: lookup connect.ngrok-agent.com: no such host"
t=2026-04-23T23:38:58+0530 lvl=eror msg="failed to reconnect session" obj=tunnels.session err="failed to dial ngrok server with address \"connect.ngrok-agent.com:443\": dial tcp: lookup connect.ngrok-agent.com: no such host"
t=2026-04-23T23:39:28+0530 lvl=eror msg="failed to reconnect session" obj=tunnels.session err="failed to dial ngrok server with address \"connect.ngrok-agent.com:443\": dial tcp: lookup connect.ngrok-agent.com: no such host"
t=2026-04-23T23:39:58+0530 lvl=eror msg="failed to reconnect session" obj=tunnels.session err="failed to dial ngrok server with address \"connect.ngrok-agent.com:443\": dial tcp: lookup connect.ngrok-agent.com: no such host"
t=2026-04-23T23:40:28+0530 lvl=eror msg="failed to reconnect session" obj=tunnels.session err="failed to dial ngrok server with address \"connect.ngrok-agent.com:443\": dial tcp: lookup connect.ngrok-agent.com: no such host"
t=2026-04-23T23:40:58+0530 lvl=eror msg="failed to reconnect session" obj=tunnels.session err="failed to dial ngrok server with address \"connect.ngrok-agent.com:443\": dial tcp: lookup connect.ngrok-agent.com: no such host"
t=2026-04-23T23:41:28+0530 lvl=eror msg="failed to reconnect session" obj=tunnels.session err="failed to dial ngrok server with address \"connect.ngrok-agent.com:443\": dial tcp: lookup connect.ngrok-agent.com: no such host"
t=2026-04-23T23:41:58+0530 lvl=eror msg="failed to reconnect session" obj=tunnels.session err="failed to dial ngrok server with address \"connect.ngrok-agent.com:443\": dial tcp: lookup connect.ngrok-agent.com: no such host"
t=2026-04-23T23:42:28+0530 lvl=eror msg="failed to reconnect session" obj=tunnels.session err="failed to dial ngrok server with address \"connect.ngrok-agent.com:443\": dial tcp: lookup connect.ngrok-agent.com: no such host"
t=2026-04-23T23:42:59+0530 lvl=info msg="client session established" obj=tunnels.session
t=2026-04-23T23:42:59+0530 lvl=info msg="tunnel session started" obj=tunnels.session
t=2026-04-23T23:43:23+0530 lvl=eror msg="heartbeat timeout, terminating session" obj=tunnels.session obj=csess id=d59e742111b2 clientid=56322deaaab94c7a65b4f7a1c7b54fda
t=2026-04-23T23:43:23+0530 lvl=eror msg="session closed, starting reconnect loop" obj=tunnels.session obj=csess id=bdf794c71f57 err="session closed"
t=2026-04-23T23:43:33+0530 lvl=eror msg="failed to reconnect session" obj=tunnels.session err="failed to send authentication request: failed to fetch CRL. errors encountered: timed out fetching CRL"
t=2026-04-23T23:43:34+0530 lvl=info msg="client session established" obj=tunnels.session
t=2026-04-23T23:43:34+0530 lvl=info msg="tunnel session started" obj=tunnels.session
t=2026-04-24T00:12:00+0530 lvl=eror msg="heartbeat timeout, terminating session" obj=tunnels.session obj=csess id=fb9a926c29d3 clientid=56322deaaab94c7a65b4f7a1c7b54fda
t=2026-04-24T00:12:00+0530 lvl=eror msg="session closed, starting reconnect loop" obj=tunnels.session obj=csess id=bdf794c71f57 err="session closed"
t=2026-04-24T00:12:00+0530 lvl=eror msg="failed to reconnect session" obj=tunnels.session err="failed to dial ngrok server with address \"connect.ngrok-agent.com:443\": dial tcp: lookup connect.ngrok-agent.com: no such host"
t=2026-04-24T00:12:00+0530 lvl=eror msg="failed to reconnect session" obj=tunnels.session err="failed to dial ngrok server with address \"connect.ngrok-agent.com:443\": dial tcp: lookup connect.ngrok-agent.com: no such host"
t=2026-04-24T00:12:01+0530 lvl=eror msg="failed to reconnect session" obj=tunnels.session err="failed to dial ngrok server with address \"connect.ngrok-agent.com:443\": dial tcp: lookup connect.ngrok-agent.com: no such host"
t=2026-04-24T00:12:03+0530 lvl=eror msg="failed to reconnect session" obj=tunnels.session err="failed to dial ngrok server with address \"connect.ngrok-agent.com:443\": dial tcp: lookup connect.ngrok-agent.com: no such host"
t=2026-04-24T00:12:08+0530 lvl=info msg="client session established" obj=tunnels.session
t=2026-04-24T00:12:08+0530 lvl=info msg="tunnel session started" obj=tunnels.session
t=2026-04-24T00:14:23+0530 lvl=eror msg="heartbeat timeout, terminating session" obj=tunnels.session obj=csess id=10e30d06c062 clientid=56322deaaab94c7a65b4f7a1c7b54fda
t=2026-04-24T00:14:23+0530 lvl=eror msg="session closed, starting reconnect loop" obj=tunnels.session obj=csess id=bdf794c71f57 err="session closed"
t=2026-04-24T00:14:23+0530 lvl=eror msg="failed to reconnect session" obj=tunnels.session err="failed to dial ngrok server with address \"connect.ngrok-agent.com:443\": dial tcp: lookup connect.ngrok-agent.com: no such host"
t=2026-04-24T00:14:23+0530 lvl=eror msg="failed to reconnect session" obj=tunnels.session err="failed to dial ngrok server with address \"connect.ngrok-agent.com:443\": dial tcp: lookup connect.ngrok-agent.com: no such host"
t=2026-04-24T00:14:24+0530 lvl=eror msg="failed to reconnect session" obj=tunnels.session err="failed to dial ngrok server with address \"connect.ngrok-agent.com:443\": dial tcp: lookup connect.ngrok-agent.com: no such host"
t=2026-04-24T00:14:26+0530 lvl=eror msg="failed to reconnect session" obj=tunnels.session err="failed to dial ngrok server with address \"connect.ngrok-agent.com:443\": dial tcp: lookup connect.ngrok-agent.com: no such host"
t=2026-04-24T00:14:30+0530 lvl=eror msg="failed to reconnect session" obj=tunnels.session err="failed to dial ngrok server with address \"connect.ngrok-agent.com:443\": dial tcp: lookup connect.ngrok-agent.com: no such host"
t=2026-04-24T00:14:38+0530 lvl=eror msg="failed to reconnect session" obj=tunnels.session err="failed to dial ngrok server with address \"connect.ngrok-agent.com:443\": dial tcp: lookup connect.ngrok-agent.com: no such host"
t=2026-04-24T00:18:14+0530 lvl=eror msg="failed to reconnect session" obj=tunnels.session err="failed to dial ngrok server with address \"connect.ngrok-agent.com:443\": dial tcp: lookup connect.ngrok-agent.com: no such host"
t=2026-04-24T00:19:10+0530 lvl=eror msg="failed to reconnect session" obj=tunnels.session err="failed to dial ngrok server with address \"connect.ngrok-agent.com:443\": dial tcp: lookup connect.ngrok-agent.com: no such host"
t=2026-04-24T00:19:50+0530 lvl=eror msg="failed to reconnect session" obj=tunnels.session err="failed to dial ngrok server with address \"connect.ngrok-agent.com:443\": dial tcp: lookup connect.ngrok-agent.com: i/o timeout"
t=2026-04-24T00:20:30+0530 lvl=eror msg="failed to reconnect session" obj=tunnels.session err="failed to dial ngrok server with address \"connect.ngrok-agent.com:443\": dial tcp: lookup connect.ngrok-agent.com: i/o timeout"
t=2026-04-24T00:21:00+0530 lvl=info msg="client session established" obj=tunnels.session
t=2026-04-24T00:21:00+0530 lvl=info msg="tunnel session started" obj=tunnels.session
t=2026-04-24T04:06:20+0530 lvl=eror msg="heartbeat timeout, terminating session" obj=tunnels.session obj=csess id=b10c48a3bfd3 clientid=56322deaaab94c7a65b4f7a1c7b54fda
t=2026-04-24T04:06:20+0530 lvl=eror msg="session closed, starting reconnect loop" obj=tunnels.session obj=csess id=bdf794c71f57 err="session closed"
t=2026-04-24T04:06:21+0530 lvl=info msg="client session established" obj=tunnels.session
t=2026-04-24T04:06:21+0530 lvl=info msg="tunnel session started" obj=tunnels.session
t=2026-04-24T04:41:04+0530 lvl=eror msg="session closed, starting reconnect loop" obj=tunnels.session obj=csess id=bdf794c71f57 err="read tcp [2400:1f00:2:76f2:a999:5161:8ea2:7729]:64585->[2406:da1a:e91:9300:403a:a280:b69a:91cf]:443: read: connection reset by peer"
t=2026-04-24T04:41:05+0530 lvl=info msg="client session established" obj=tunnels.session
t=2026-04-24T04:41:05+0530 lvl=info msg="tunnel session started" obj=tunnels.session
t=2026-04-24T04:43:41+0530 lvl=eror msg="heartbeat timeout, terminating session" obj=tunnels.session obj=csess id=05971e9a22cb clientid=56322deaaab94c7a65b4f7a1c7b54fda
t=2026-04-24T04:43:52+0530 lvl=eror msg="heartbeat timeout, terminating session" obj=tunnels.session obj=csess id=e70715fbd41b clientid=56322deaaab94c7a65b4f7a1c7b54fda
t=2026-04-24T04:43:52+0530 lvl=eror msg="session closed, starting reconnect loop" obj=tunnels.session obj=csess id=bdf794c71f57 err="session closed"
t=2026-04-24T04:43:53+0530 lvl=info msg="client session established" obj=tunnels.session
t=2026-04-24T04:43:53+0530 lvl=info msg="tunnel session started" obj=tunnels.session
t=2026-04-24T05:16:40+0530 lvl=eror msg="session closed, starting reconnect loop" obj=tunnels.session obj=csess id=bdf794c71f57 err="read tcp [2400:1f00:2:76f2:a999:5161:8ea2:7729]:64710->[2406:da1a:e91:9301:f1a3:66ed:d097:b95c]:443: read: connection reset by peer"
t=2026-04-24T05:16:41+0530 lvl=info msg="client session established" obj=tunnels.session
t=2026-04-24T05:16:41+0530 lvl=info msg="tunnel session started" obj=tunnels.session
t=2026-04-24T05:44:30+0530 lvl=eror msg="session closed, starting reconnect loop" obj=tunnels.session obj=csess id=bdf794c71f57 err="read tcp [2400:1f00:2:76f2:a999:5161:8ea2:7729]:64783->[2406:da1a:e91:9300:d4f4:8948:9d02:5408]:443: read: connection reset by peer"
t=2026-04-24T05:44:34+0530 lvl=eror msg="heartbeat timeout, terminating session" obj=tunnels.session obj=csess id=904b94467506 clientid=56322deaaab94c7a65b4f7a1c7b54fda
t=2026-04-24T05:44:35+0530 lvl=info msg="client session established" obj=tunnels.session
t=2026-04-24T05:44:35+0530 lvl=info msg="tunnel session started" obj=tunnels.session
t=2026-04-24T05:44:45+0530 lvl=eror msg="heartbeat timeout, terminating session" obj=tunnels.session obj=csess id=9deeec9e486c clientid=56322deaaab94c7a65b4f7a1c7b54fda
t=2026-04-24T06:45:32+0530 lvl=eror msg="session closed, starting reconnect loop" obj=tunnels.session obj=csess id=bdf794c71f57 err="read tcp 192.168.0.90:64844->3.108.208.206:443: read: operation timed out"
t=2026-04-24T06:45:33+0530 lvl=info msg="client session established" obj=tunnels.session
t=2026-04-24T06:45:33+0530 lvl=info msg="tunnel session started" obj=tunnels.session
t=2026-04-24T06:45:37+0530 lvl=eror msg="heartbeat timeout, terminating session" obj=tunnels.session obj=csess id=7e6eb5a9d063 clientid=56322deaaab94c7a65b4f7a1c7b54fda
t=2026-04-24T07:19:27+0530 lvl=eror msg="session closed, starting reconnect loop" obj=tunnels.session obj=csess id=bdf794c71f57 err="read tcp [2400:1f00:2:76f2:a999:5161:8ea2:7729]:65012->[2406:da1a:e91:9302:5f2c:118e:bcf2:c8bb]:443: read: connection reset by peer"
t=2026-04-24T07:19:28+0530 lvl=info msg="client session established" obj=tunnels.session
t=2026-04-24T07:19:28+0530 lvl=info msg="tunnel session started" obj=tunnels.session
t=2026-04-24T07:46:34+0530 lvl=eror msg="heartbeat timeout, terminating session" obj=tunnels.session obj=csess id=dd3755348e45 clientid=56322deaaab94c7a65b4f7a1c7b54fda
t=2026-04-24T07:46:45+0530 lvl=eror msg="heartbeat timeout, terminating session" obj=tunnels.session obj=csess id=c7a7b48f2474 clientid=56322deaaab94c7a65b4f7a1c7b54fda
t=2026-04-24T07:46:45+0530 lvl=eror msg="session closed, starting reconnect loop" obj=tunnels.session obj=csess id=bdf794c71f57 err="session closed"
t=2026-04-24T07:46:45+0530 lvl=info msg="client session established" obj=tunnels.session
t=2026-04-24T07:46:45+0530 lvl=info msg="tunnel session started" obj=tunnels.session
t=2026-04-24T08:22:45+0530 lvl=eror msg="session closed, starting reconnect loop" obj=tunnels.session obj=csess id=bdf794c71f57 err="read tcp [2400:1f00:2:76f2:a999:5161:8ea2:7729]:65169->[2406:da1a:e91:9300:d4f4:8948:9d02:5408]:443: read: connection reset by peer"
t=2026-04-24T08:22:45+0530 lvl=info msg="client session established" obj=tunnels.session
t=2026-04-24T08:22:45+0530 lvl=info msg="tunnel session started" obj=tunnels.session
t=2026-04-24T08:47:32+0530 lvl=eror msg="session closed, starting reconnect loop" obj=tunnels.session obj=csess id=bdf794c71f57 err="read tcp [2400:1f00:2:76f2:a999:5161:8ea2:7729]:65254->[2406:da1a:e91:9302:5f2c:118e:bcf2:c8bb]:443: read: connection reset by peer"
t=2026-04-24T08:47:36+0530 lvl=info msg="client session established" obj=tunnels.session
t=2026-04-24T08:47:36+0530 lvl=info msg="tunnel session started" obj=tunnels.session
t=2026-04-24T08:47:37+0530 lvl=eror msg="heartbeat timeout, terminating session" obj=tunnels.session obj=csess id=cce2f5347578 clientid=56322deaaab94c7a65b4f7a1c7b54fda
t=2026-04-24T08:47:47+0530 lvl=eror msg="heartbeat timeout, terminating session" obj=tunnels.session obj=csess id=d42536063236 clientid=56322deaaab94c7a65b4f7a1c7b54fda
t=2026-04-24T09:15:58+0530 lvl=eror msg="heartbeat timeout, terminating session" obj=tunnels.session obj=csess id=dae8f9c2359c clientid=56322deaaab94c7a65b4f7a1c7b54fda
t=2026-04-24T09:15:58+0530 lvl=eror msg="session closed, starting reconnect loop" obj=tunnels.session obj=csess id=bdf794c71f57 err="session closed"
t=2026-04-24T09:15:58+0530 lvl=eror msg="failed to reconnect session" obj=tunnels.session err="failed to dial ngrok server with address \"connect.ngrok-agent.com:443\": dial tcp: lookup connect.ngrok-agent.com: no such host"
t=2026-04-24T09:15:59+0530 lvl=eror msg="failed to reconnect session" obj=tunnels.session err="failed to dial ngrok server with address \"connect.ngrok-agent.com:443\": dial tcp: lookup connect.ngrok-agent.com: no such host"
t=2026-04-24T09:16:00+0530 lvl=eror msg="failed to reconnect session" obj=tunnels.session err="failed to dial ngrok server with address \"connect.ngrok-agent.com:443\": dial tcp: lookup connect.ngrok-agent.com: no such host"
t=2026-04-24T09:16:02+0530 lvl=eror msg="failed to reconnect session" obj=tunnels.session err="failed to dial ngrok server with address \"connect.ngrok-agent.com:443\": dial tcp: lookup connect.ngrok-agent.com: no such host"
t=2026-04-24T09:16:06+0530 lvl=eror msg="failed to reconnect session" obj=tunnels.session err="failed to dial ngrok server with address \"connect.ngrok-agent.com:443\": dial tcp: lookup connect.ngrok-agent.com: no such host"
t=2026-04-24T09:16:14+0530 lvl=eror msg="failed to reconnect session" obj=tunnels.session err="failed to dial ngrok server with address \"connect.ngrok-agent.com:443\": dial tcp: lookup connect.ngrok-agent.com: no such host"
t=2026-04-24T09:32:53+0530 lvl=eror msg="failed to reconnect session" obj=tunnels.session err="failed to dial ngrok server with address \"connect.ngrok-agent.com:443\": dial tcp: lookup connect.ngrok-agent.com: no such host"
t=2026-04-24T09:48:57+0530 lvl=eror msg="failed to reconnect session" obj=tunnels.session err="failed to dial ngrok server with address \"connect.ngrok-agent.com:443\": dial tcp: lookup connect.ngrok-agent.com: no such host"
t=2026-04-24T10:01:11+0530 lvl=eror msg="failed to reconnect session" obj=tunnels.session err="failed to dial ngrok server with address \"connect.ngrok-agent.com:443\": dial tcp: lookup connect.ngrok-agent.com: no such host"
t=2026-04-24T10:01:41+0530 lvl=eror msg="failed to reconnect session" obj=tunnels.session err="failed to dial ngrok server with address \"connect.ngrok-agent.com:443\": dial tcp: lookup connect.ngrok-agent.com: no such host"
t=2026-04-24T10:15:15+0530 lvl=eror msg="failed to reconnect session" obj=tunnels.session err="failed to dial ngrok server with address \"connect.ngrok-agent.com:443\": dial tcp: lookup connect.ngrok-agent.com: i/o timeout"
t=2026-04-24T10:32:07+0530 lvl=info msg="client session established" obj=tunnels.session
t=2026-04-24T10:32:07+0530 lvl=info msg="tunnel session started" obj=tunnels.session
t=2026-04-24T10:49:04+0530 lvl=eror msg="session closed, starting reconnect loop" obj=tunnels.session obj=csess id=bdf794c71f57 err="read tcp [2400:1f00:2:e210:c80a:7a7b:3517:e796]:49166->[2406:da1a:e91:9300:d4f4:8948:9d02:5408]:443: read: connection reset by peer"
t=2026-04-24T10:49:05+0530 lvl=info msg="client session established" obj=tunnels.session
t=2026-04-24T10:49:05+0530 lvl=info msg="tunnel session started" obj=tunnels.session
t=2026-04-24T11:06:51+0530 lvl=eror msg="session closed, starting reconnect loop" obj=tunnels.session obj=csess id=bdf794c71f57 err="read tcp [2400:1f00:2:e210:c80a:7a7b:3517:e796]:49198->[2406:da1a:e91:9300:403a:a280:b69a:91cf]:443: read: connection reset by peer"
t=2026-04-24T11:06:52+0530 lvl=info msg="client session established" obj=tunnels.session
t=2026-04-24T11:06:52+0530 lvl=info msg="tunnel session started" obj=tunnels.session
t=2026-04-24T11:27:37+0530 lvl=eror msg="heartbeat timeout, terminating session" obj=tunnels.session obj=csess id=eaaa10b42b9b clientid=56322deaaab94c7a65b4f7a1c7b54fda
t=2026-04-24T11:27:47+0530 lvl=eror msg="heartbeat timeout, terminating session" obj=tunnels.session obj=csess id=7fdce493e6fe clientid=56322deaaab94c7a65b4f7a1c7b54fda
t=2026-04-24T11:27:51+0530 lvl=eror msg="heartbeat timeout, terminating session" obj=tunnels.session obj=csess id=dd19b0bccd54 clientid=56322deaaab94c7a65b4f7a1c7b54fda
t=2026-04-24T11:27:51+0530 lvl=eror msg="session closed, starting reconnect loop" obj=tunnels.session obj=csess id=bdf794c71f57 err="session closed"
t=2026-04-24T11:27:51+0530 lvl=eror msg="failed to reconnect session" obj=tunnels.session err="failed to dial ngrok server with address \"connect.ngrok-agent.com:443\": dial tcp: lookup connect.ngrok-agent.com: no such host"
t=2026-04-24T11:27:52+0530 lvl=eror msg="failed to reconnect session" obj=tunnels.session err="failed to dial ngrok server with address \"connect.ngrok-agent.com:443\": dial tcp: lookup connect.ngrok-agent.com: no such host"
t=2026-04-24T11:27:53+0530 lvl=eror msg="failed to reconnect session" obj=tunnels.session err="failed to dial ngrok server with address \"connect.ngrok-agent.com:443\": dial tcp: lookup connect.ngrok-agent.com: no such host"
t=2026-04-24T11:27:55+0530 lvl=eror msg="failed to reconnect session" obj=tunnels.session err="failed to dial ngrok server with address \"connect.ngrok-agent.com:443\": dial tcp: lookup connect.ngrok-agent.com: no such host"
t=2026-04-24T11:27:59+0530 lvl=eror msg="failed to reconnect session" obj=tunnels.session err="failed to dial ngrok server with address \"connect.ngrok-agent.com:443\": dial tcp: lookup connect.ngrok-agent.com: no such host"
t=2026-04-24T11:28:07+0530 lvl=eror msg="failed to reconnect session" obj=tunnels.session err="failed to dial ngrok server with address \"connect.ngrok-agent.com:443\": dial tcp: lookup connect.ngrok-agent.com: no such host"
t=2026-04-24T11:32:02+0530 lvl=eror msg="failed to reconnect session" obj=tunnels.session err="failed to dial ngrok server with address \"connect.ngrok-agent.com:443\": dial tcp: lookup connect.ngrok-agent.com: no such host"
t=2026-04-24T11:48:13+0530 lvl=eror msg="failed to reconnect session" obj=tunnels.session err="failed to dial ngrok server with address \"connect.ngrok-agent.com:443\": dial tcp: lookup connect.ngrok-agent.com: no such host"
t=2026-04-24T11:50:11+0530 lvl=info msg="client session established" obj=tunnels.session
t=2026-04-24T11:50:11+0530 lvl=info msg="tunnel session started" obj=tunnels.session
t=2026-04-24T12:05:59+0530 lvl=eror msg="session closed, starting reconnect loop" obj=tunnels.session obj=csess id=bdf794c71f57 err="read tcp [2400:1f00:2:1dba:447:8079:4239:3acb]:49322->[2406:da1a:e91:9300:403a:a280:b69a:91cf]:443: read: connection reset by peer"
t=2026-04-24T12:05:59+0530 lvl=info msg="client session established" obj=tunnels.session
t=2026-04-24T12:05:59+0530 lvl=info msg="tunnel session started" obj=tunnels.session
t=2026-04-24T12:37:41+0530 lvl=eror msg="session closed, starting reconnect loop" obj=tunnels.session obj=csess id=bdf794c71f57 err="read tcp [2400:1f00:2:1dba:447:8079:4239:3acb]:49385->[2406:da1a:e91:9302:5f2c:118e:bcf2:c8bb]:443: read: connection reset by peer"
t=2026-04-24T12:37:42+0530 lvl=info msg="client session established" obj=tunnels.session
t=2026-04-24T12:37:42+0530 lvl=info msg="tunnel session started" obj=tunnels.session
t=2026-04-24T12:51:02+0530 lvl=eror msg="heartbeat timeout, terminating session" obj=tunnels.session obj=csess id=ea8004f6a84b clientid=56322deaaab94c7a65b4f7a1c7b54fda
t=2026-04-24T12:51:08+0530 lvl=eror msg="session closed, starting reconnect loop" obj=tunnels.session obj=csess id=bdf794c71f57 err="read tcp [2400:1f00:2:1dba:447:8079:4239:3acb]:49411->[2406:da1a:e91:9302:6bbc:cc3d:8e60:4a99]:443: read: connection reset by peer"
t=2026-04-24T12:51:09+0530 lvl=info msg="client session established" obj=tunnels.session
t=2026-04-24T12:51:09+0530 lvl=info msg="tunnel session started" obj=tunnels.session
t=2026-04-24T12:51:12+0530 lvl=eror msg="heartbeat timeout, terminating session" obj=tunnels.session obj=csess id=639cffb25635 clientid=56322deaaab94c7a65b4f7a1c7b54fda
t=2026-04-24T12:51:23+0530 lvl=eror msg="heartbeat timeout, terminating session" obj=tunnels.session obj=csess id=84ffbec97050 clientid=56322deaaab94c7a65b4f7a1c7b54fda
t=2026-04-24T13:07:22+0530 lvl=eror msg="session closed, starting reconnect loop" obj=tunnels.session obj=csess id=bdf794c71f57 err="read tcp [2400:1f00:2:1dba:447:8079:4239:3acb]:49443->[2406:da1a:e91:9302:5f2c:118e:bcf2:c8bb]:443: read: connection reset by peer"
t=2026-04-24T13:07:23+0530 lvl=info msg="client session established" obj=tunnels.session
t=2026-04-24T13:07:23+0530 lvl=info msg="tunnel session started" obj=tunnels.session
t=2026-04-24T13:28:28+0530 lvl=eror msg="heartbeat timeout, terminating session" obj=tunnels.session obj=csess id=f1f23eeca47c clientid=56322deaaab94c7a65b4f7a1c7b54fda
t=2026-04-24T13:28:39+0530 lvl=eror msg="heartbeat timeout, terminating session" obj=tunnels.session obj=csess id=afd508b15ba0 clientid=56322deaaab94c7a65b4f7a1c7b54fda
t=2026-04-24T13:28:39+0530 lvl=eror msg="session closed, starting reconnect loop" obj=tunnels.session obj=csess id=bdf794c71f57 err="session closed"
t=2026-04-24T13:28:39+0530 lvl=info msg="client session established" obj=tunnels.session
t=2026-04-24T13:28:39+0530 lvl=info msg="tunnel session started" obj=tunnels.session
t=2026-04-24T14:05:30+0530 lvl=eror msg="heartbeat timeout, terminating session" obj=tunnels.session obj=csess id=cda6822a9821 clientid=56322deaaab94c7a65b4f7a1c7b54fda
t=2026-04-24T14:05:30+0530 lvl=eror msg="session closed, starting reconnect loop" obj=tunnels.session obj=csess id=bdf794c71f57 err="session closed"
t=2026-04-24T14:05:31+0530 lvl=info msg="client session established" obj=tunnels.session
t=2026-04-24T14:05:31+0530 lvl=info msg="tunnel session started" obj=tunnels.session
t=2026-04-24T14:26:24+0530 lvl=eror msg="heartbeat timeout, terminating session" obj=tunnels.session obj=csess id=4d957ed1bbdf clientid=56322deaaab94c7a65b4f7a1c7b54fda
t=2026-04-24T14:26:24+0530 lvl=eror msg="session closed, starting reconnect loop" obj=tunnels.session obj=csess id=bdf794c71f57 err="session closed"
t=2026-04-24T14:26:25+0530 lvl=info msg="client session established" obj=tunnels.session
t=2026-04-24T14:26:25+0530 lvl=info msg="tunnel session started" obj=tunnels.session
t=2026-04-24T15:00:30+0530 lvl=eror msg="session closed, starting reconnect loop" obj=tunnels.session obj=csess id=bdf794c71f57 err="read tcp [2400:1f00:2:1dba:447:8079:4239:3acb]:50384->[2406:da1a:e91:9302:6bbc:cc3d:8e60:4a99]:443: read: connection reset by peer"
t=2026-04-24T15:00:31+0530 lvl=info msg="client session established" obj=tunnels.session
t=2026-04-24T15:00:31+0530 lvl=info msg="tunnel session started" obj=tunnels.session
t=2026-04-24T15:05:33+0530 lvl=eror msg="heartbeat timeout, terminating session" obj=tunnels.session obj=csess id=261eca26cd57 clientid=56322deaaab94c7a65b4f7a1c7b54fda
t=2026-04-24T15:14:48+0530 lvl=eror msg="heartbeat timeout, terminating session" obj=tunnels.session obj=csess id=a5ece6d07934 clientid=56322deaaab94c7a65b4f7a1c7b54fda
t=2026-04-24T15:14:48+0530 lvl=eror msg="session closed, starting reconnect loop" obj=tunnels.session obj=csess id=bdf794c71f57 err="session closed"
t=2026-04-24T15:14:49+0530 lvl=info msg="client session established" obj=tunnels.session
t=2026-04-24T15:14:49+0530 lvl=info msg="tunnel session started" obj=tunnels.session
t=2026-04-24T15:33:56+0530 lvl=eror msg="heartbeat timeout, terminating session" obj=tunnels.session obj=csess id=37f6c2875d7c clientid=56322deaaab94c7a65b4f7a1c7b54fda
t=2026-04-24T15:33:56+0530 lvl=eror msg="session closed, starting reconnect loop" obj=tunnels.session obj=csess id=bdf794c71f57 err="session closed"
t=2026-04-24T15:33:57+0530 lvl=info msg="client session established" obj=tunnels.session
t=2026-04-24T15:33:57+0530 lvl=info msg="tunnel session started" obj=tunnels.session
t=2026-04-24T15:42:31+0530 lvl=eror msg="session closed, starting reconnect loop" obj=tunnels.session obj=csess id=bdf794c71f57 err="read tcp [2400:1f00:2:1dba:447:8079:4239:3acb]:50483->[2406:da1a:e91:9301:f1a3:66ed:d097:b95c]:443: read: connection reset by peer"
t=2026-04-24T15:42:32+0530 lvl=info msg="client session established" obj=tunnels.session
t=2026-04-24T15:42:32+0530 lvl=info msg="tunnel session started" obj=tunnels.session
t=2026-04-24T15:57:49+0530 lvl=eror msg="heartbeat timeout, terminating session" obj=tunnels.session obj=csess id=56515496ac96 clientid=56322deaaab94c7a65b4f7a1c7b54fda
t=2026-04-24T16:02:41+0530 lvl=eror msg="session closed, starting reconnect loop" obj=tunnels.session obj=csess id=bdf794c71f57 err="read tcp [2400:1f00:2:1dba:447:8079:4239:3acb]:50504->[2406:da1a:e91:9301:f1a3:66ed:d097:b95c]:443: read: connection reset by peer"
t=2026-04-24T16:02:41+0530 lvl=info msg="client session established" obj=tunnels.session
t=2026-04-24T16:02:41+0530 lvl=info msg="tunnel session started" obj=tunnels.session
t=2026-04-24T16:06:48+0530 lvl=eror msg="heartbeat timeout, terminating session" obj=tunnels.session obj=csess id=40625d542f3e clientid=56322deaaab94c7a65b4f7a1c7b54fda
t=2026-04-24T16:06:59+0530 lvl=eror msg="heartbeat timeout, terminating session" obj=tunnels.session obj=csess id=e244a1a5c1aa clientid=56322deaaab94c7a65b4f7a1c7b54fda
t=2026-04-24T16:06:59+0530 lvl=eror msg="session closed, starting reconnect loop" obj=tunnels.session obj=csess id=bdf794c71f57 err="session closed"
t=2026-04-24T16:07:00+0530 lvl=info msg="client session established" obj=tunnels.session
t=2026-04-24T16:07:00+0530 lvl=info msg="tunnel session started" obj=tunnels.session
t=2026-04-24T16:30:37+0530 lvl=eror msg="session closed, starting reconnect loop" obj=tunnels.session obj=csess id=bdf794c71f57 err="read EOF from remote peer"
t=2026-04-24T16:30:38+0530 lvl=info msg="client session established" obj=tunnels.session
t=2026-04-24T16:30:38+0530 lvl=info msg="tunnel session started" obj=tunnels.session
t=2026-04-24T16:30:43+0530 lvl=eror msg="heartbeat timeout, terminating session" obj=tunnels.session obj=csess id=94553dfb9d72 clientid=56322deaaab94c7a65b4f7a1c7b54fda
t=2026-04-24T17:01:26+0530 lvl=eror msg="session closed, starting reconnect loop" obj=tunnels.session obj=csess id=bdf794c71f57 err="read EOF from remote peer"
t=2026-04-24T17:01:27+0530 lvl=info msg="client session established" obj=tunnels.session
t=2026-04-24T17:01:27+0530 lvl=info msg="tunnel session started" obj=tunnels.session
t=2026-04-24T17:01:42+0530 lvl=eror msg="heartbeat timeout, terminating session" obj=tunnels.session obj=csess id=b9ec81d70130 clientid=56322deaaab94c7a65b4f7a1c7b54fda
t=2026-04-24T17:03:06+0530 lvl=eror msg="session closed, starting reconnect loop" obj=tunnels.session obj=csess id=bdf794c71f57 err="read EOF from remote peer"
t=2026-04-24T17:03:07+0530 lvl=info msg="client session established" obj=tunnels.session
t=2026-04-24T17:03:07+0530 lvl=info msg="tunnel session started" obj=tunnels.session
t=2026-04-24T17:03:18+0530 lvl=eror msg="heartbeat timeout, terminating session" obj=tunnels.session obj=csess id=b2dc0bad90e8 clientid=56322deaaab94c7a65b4f7a1c7b54fda
t=2026-04-24T17:11:40+0530 lvl=eror msg="session closed, starting reconnect loop" obj=tunnels.session obj=csess id=bdf794c71f57 err="read tcp [2400:1f00:2:1dba:447:8079:4239:3acb]:51849->[2406:da1a:e91:9300:d4f4:8948:9d02:5408]:443: read: connection reset by peer"
t=2026-04-24T17:11:40+0530 lvl=info msg="client session established" obj=tunnels.session
t=2026-04-24T17:11:40+0530 lvl=info msg="tunnel session started" obj=tunnels.session
t=2026-04-24T17:11:52+0530 lvl=eror msg="heartbeat timeout, terminating session" obj=tunnels.session obj=csess id=417f31846eb8 clientid=56322deaaab94c7a65b4f7a1c7b54fda
t=2026-04-24T18:13:06+0530 lvl=eror msg="session closed, starting reconnect loop" obj=tunnels.session obj=csess id=bdf794c71f57 err="read tcp [2400:1f00:2:1dba:447:8079:4239:3acb]:51868->[2406:da1a:e91:9302:6bbc:cc3d:8e60:4a99]:443: read: connection reset by peer"
t=2026-04-24T18:13:07+0530 lvl=info msg="client session established" obj=tunnels.session
t=2026-04-24T18:13:07+0530 lvl=info msg="tunnel session started" obj=tunnels.session
t=2026-04-24T18:13:24+0530 lvl=eror msg="heartbeat timeout, terminating session" obj=tunnels.session obj=csess id=5d2957491504 clientid=56322deaaab94c7a65b4f7a1c7b54fda
t=2026-04-24T18:53:14+0530 lvl=info msg="update available" obj=updater
t=2026-04-24T19:50:05+0530 lvl=eror msg="session closed, starting reconnect loop" obj=tunnels.session obj=csess id=bdf794c71f57 err="read EOF from remote peer"
t=2026-04-24T19:50:06+0530 lvl=info msg="client session established" obj=tunnels.session
t=2026-04-24T19:50:06+0530 lvl=info msg="tunnel session started" obj=tunnels.session
t=2026-04-24T19:50:20+0530 lvl=eror msg="heartbeat timeout, terminating session" obj=tunnels.session obj=csess id=dc7c1f2c2ab3 clientid=56322deaaab94c7a65b4f7a1c7b54fda
t=2026-04-24T19:55:08+0530 lvl=eror msg="heartbeat timeout, terminating session" obj=tunnels.session obj=csess id=38c95ba5d355 clientid=56322deaaab94c7a65b4f7a1c7b54fda
t=2026-04-24T19:55:08+0530 lvl=eror msg="session closed, starting reconnect loop" obj=tunnels.session obj=csess id=bdf794c71f57 err="session closed"
t=2026-04-24T19:55:09+0530 lvl=info msg="client session established" obj=tunnels.session
t=2026-04-24T19:55:09+0530 lvl=info msg="tunnel session started" obj=tunnels.session
t=2026-04-24T20:16:52+0530 lvl=eror msg="session closed, starting reconnect loop" obj=tunnels.session obj=csess id=bdf794c71f57 err="read tcp [2400:1f00:2:1dba:447:8079:4239:3acb]:54346->[2406:da1a:e91:9301:f1a3:66ed:d097:b95c]:443: read: connection reset by peer"
t=2026-04-24T20:16:53+0530 lvl=info msg="client session established" obj=tunnels.session
t=2026-04-24T20:16:53+0530 lvl=info msg="tunnel session started" obj=tunnels.session
t=2026-04-24T20:17:07+0530 lvl=eror msg="heartbeat timeout, terminating session" obj=tunnels.session obj=csess id=052fbe67e7e6 clientid=56322deaaab94c7a65b4f7a1c7b54fda
t=2026-04-24T20:48:21+0530 lvl=eror msg="session closed, starting reconnect loop" obj=tunnels.session obj=csess id=bdf794c71f57 err="read tcp 192.168.0.90:54390->3.108.166.207:443: read: operation timed out"
t=2026-04-24T20:48:28+0530 lvl=info msg="client session established" obj=tunnels.session
t=2026-04-24T20:48:28+0530 lvl=info msg="tunnel session started" obj=tunnels.session
t=2026-04-24T20:48:31+0530 lvl=eror msg="heartbeat timeout, terminating session" obj=tunnels.session obj=csess id=d2241979d265 clientid=56322deaaab94c7a65b4f7a1c7b54fda
t=2026-04-24T20:55:29+0530 lvl=eror msg="session closed, starting reconnect loop" obj=tunnels.session obj=csess id=bdf794c71f57 err="read tcp [2400:1f00:2:1dba:447:8079:4239:3acb]:54502->[2406:da1a:e91:9302:5f2c:118e:bcf2:c8bb]:443: read: connection reset by peer"
t=2026-04-24T20:55:30+0530 lvl=info msg="client session established" obj=tunnels.session
t=2026-04-24T20:55:30+0530 lvl=info msg="tunnel session started" obj=tunnels.session
t=2026-04-24T20:55:44+0530 lvl=eror msg="heartbeat timeout, terminating session" obj=tunnels.session obj=csess id=1d8e433ef8e4 clientid=56322deaaab94c7a65b4f7a1c7b54fda
t=2026-04-24T21:14:03+0530 lvl=eror msg="session closed, starting reconnect loop" obj=tunnels.session obj=csess id=bdf794c71f57 err="read tcp [2400:1f00:2:1dba:447:8079:4239:3acb]:54558->[2406:da1a:e91:9300:d4f4:8948:9d02:5408]:443: read: connection reset by peer"
t=2026-04-24T21:14:04+0530 lvl=info msg="client session established" obj=tunnels.session
t=2026-04-24T21:14:04+0530 lvl=info msg="tunnel session started" obj=tunnels.session
t=2026-04-24T21:47:27+0530 lvl=eror msg="session closed, starting reconnect loop" obj=tunnels.session obj=csess id=bdf794c71f57 err="read tcp [2400:1f00:2:1dba:447:8079:4239:3acb]:54596->[2406:da1a:e91:9302:5f2c:118e:bcf2:c8bb]:443: read: connection reset by peer"
t=2026-04-24T21:47:28+0530 lvl=info msg="client session established" obj=tunnels.session
t=2026-04-24T21:47:28+0530 lvl=info msg="tunnel session started" obj=tunnels.session
t=2026-04-24T21:50:01+0530 lvl=eror msg="heartbeat timeout, terminating session" obj=tunnels.session obj=csess id=24882ba3676c clientid=56322deaaab94c7a65b4f7a1c7b54fda
t=2026-04-24T21:50:11+0530 lvl=eror msg="heartbeat timeout, terminating session" obj=tunnels.session obj=csess id=80f0c6abfa7f clientid=56322deaaab94c7a65b4f7a1c7b54fda
t=2026-04-24T21:50:22+0530 lvl=eror msg="heartbeat timeout, terminating session" obj=tunnels.session obj=csess id=d2be7d57035f clientid=56322deaaab94c7a65b4f7a1c7b54fda
t=2026-04-24T21:50:22+0530 lvl=eror msg="session closed, starting reconnect loop" obj=tunnels.session obj=csess id=bdf794c71f57 err="session closed"
t=2026-04-24T21:50:23+0530 lvl=info msg="client session established" obj=tunnels.session
t=2026-04-24T21:50:23+0530 lvl=info msg="tunnel session started" obj=tunnels.session
t=2026-04-24T22:18:13+0530 lvl=eror msg="session closed, starting reconnect loop" obj=tunnels.session obj=csess id=bdf794c71f57 err="read tcp [2400:1f00:2:1dba:447:8079:4239:3acb]:54706->[2406:da1a:e91:9300:d4f4:8948:9d02:5408]:443: read: connection reset by peer"
t=2026-04-24T22:18:14+0530 lvl=info msg="client session established" obj=tunnels.session
t=2026-04-24T22:18:14+0530 lvl=info msg="tunnel session started" obj=tunnels.session
t=2026-04-24T22:18:27+0530 lvl=eror msg="heartbeat timeout, terminating session" obj=tunnels.session obj=csess id=9ef43ce04047 clientid=56322deaaab94c7a65b4f7a1c7b54fda
t=2026-04-24T22:35:53+0530 lvl=eror msg="session closed, starting reconnect loop" obj=tunnels.session obj=csess id=bdf794c71f57 err="read tcp [2400:1f00:2:1dba:447:8079:4239:3acb]:54773->[2406:da1a:e91:9302:6bbc:cc3d:8e60:4a99]:443: read: connection reset by peer"
t=2026-04-24T22:35:54+0530 lvl=info msg="client session established" obj=tunnels.session
t=2026-04-24T22:35:54+0530 lvl=info msg="tunnel session started" obj=tunnels.session
t=2026-04-24T23:08:09+0530 lvl=eror msg="session closed, starting reconnect loop" obj=tunnels.session obj=csess id=bdf794c71f57 err="read tcp [2400:1f00:2:1dba:447:8079:4239:3acb]:54825->[2406:da1a:e91:9302:6bbc:cc3d:8e60:4a99]:443: read: connection reset by peer"
t=2026-04-24T23:08:14+0530 lvl=eror msg="heartbeat timeout, terminating session" obj=tunnels.session obj=csess id=ea1d065630b2 clientid=56322deaaab94c7a65b4f7a1c7b54fda
t=2026-04-24T23:08:16+0530 lvl=info msg="client session established" obj=tunnels.session
t=2026-04-24T23:08:16+0530 lvl=info msg="tunnel session started" obj=tunnels.session
t=2026-04-24T23:08:24+0530 lvl=eror msg="heartbeat timeout, terminating session" obj=tunnels.session obj=csess id=efe881d5f430 clientid=56322deaaab94c7a65b4f7a1c7b54fda
t=2026-04-24T23:13:33+0530 lvl=eror msg="heartbeat timeout, terminating session" obj=tunnels.session obj=csess id=b66f5cdbf44a clientid=56322deaaab94c7a65b4f7a1c7b54fda
t=2026-04-24T23:13:33+0530 lvl=eror msg="session closed, starting reconnect loop" obj=tunnels.session obj=csess id=bdf794c71f57 err="session closed"
t=2026-04-24T23:13:34+0530 lvl=info msg="client session established" obj=tunnels.session
t=2026-04-24T23:13:34+0530 lvl=info msg="tunnel session started" obj=tunnels.session
t=2026-04-25T04:09:24+0530 lvl=info msg="update available" obj=updater
t=2026-04-25T05:13:55+0530 lvl=eror msg="session closed, starting reconnect loop" obj=tunnels.session obj=csess id=bdf794c71f57 err="read tcp [2400:1f00:2:1dba:447:8079:4239:3acb]:55026->[2406:da1a:e91:9300:403a:a280:b69a:91cf]:443: read: connection reset by peer"
t=2026-04-25T05:13:55+0530 lvl=info msg="client session established" obj=tunnels.session
t=2026-04-25T05:13:55+0530 lvl=info msg="tunnel session started" obj=tunnels.session
t=2026-04-25T05:29:29+0530 lvl=eror msg="session closed, starting reconnect loop" obj=tunnels.session obj=csess id=bdf794c71f57 err="read tcp [2400:1f00:2:1dba:447:8079:4239:3acb]:64895->[2406:da1a:e91:9302:6bbc:cc3d:8e60:4a99]:443: read: connection reset by peer"
t=2026-04-25T05:29:30+0530 lvl=info msg="client session established" obj=tunnels.session
t=2026-04-25T05:29:30+0530 lvl=info msg="tunnel session started" obj=tunnels.session
t=2026-04-25T05:29:33+0530 lvl=eror msg="heartbeat timeout, terminating session" obj=tunnels.session obj=csess id=b13e7eab08e0 clientid=56322deaaab94c7a65b4f7a1c7b54fda
t=2026-04-25T05:45:50+0530 lvl=eror msg="session closed, starting reconnect loop" obj=tunnels.session obj=csess id=bdf794c71f57 err="read tcp [2400:1f00:2:1dba:447:8079:4239:3acb]:64967->[2406:da1a:e91:9300:d4f4:8948:9d02:5408]:443: read: connection reset by peer"
t=2026-04-25T05:45:51+0530 lvl=info msg="client session established" obj=tunnels.session
t=2026-04-25T05:45:51+0530 lvl=info msg="tunnel session started" obj=tunnels.session
t=2026-04-25T06:02:51+0530 lvl=eror msg="heartbeat timeout, terminating session" obj=tunnels.session obj=csess id=b875bdecfcc1 clientid=56322deaaab94c7a65b4f7a1c7b54fda
t=2026-04-25T06:18:09+0530 lvl=eror msg="session closed, starting reconnect loop" obj=tunnels.session obj=csess id=bdf794c71f57 err="read tcp [2400:1f00:2:1dba:447:8079:4239:3acb]:65024->[2406:da1a:e91:9301:f1a3:66ed:d097:b95c]:443: read: connection reset by peer"
t=2026-04-25T06:34:45+0530 lvl=info msg="client session established" obj=tunnels.session
t=2026-04-25T06:34:45+0530 lvl=info msg="tunnel session started" obj=tunnels.session
t=2026-04-25T06:34:49+0530 lvl=eror msg="heartbeat timeout, terminating session" obj=tunnels.session obj=csess id=f52c9a3261c5 clientid=56322deaaab94c7a65b4f7a1c7b54fda
t=2026-04-25T06:39:44+0530 lvl=eror msg="heartbeat timeout, terminating session" obj=tunnels.session obj=csess id=15470ab46ad3 clientid=56322deaaab94c7a65b4f7a1c7b54fda
t=2026-04-25T07:02:37+0530 lvl=eror msg="heartbeat timeout, terminating session" obj=tunnels.session obj=csess id=c1899180e623 clientid=56322deaaab94c7a65b4f7a1c7b54fda
t=2026-04-25T07:02:37+0530 lvl=eror msg="session closed, starting reconnect loop" obj=tunnels.session obj=csess id=bdf794c71f57 err="session closed"
t=2026-04-25T07:19:12+0530 lvl=eror msg="failed to reconnect session" obj=tunnels.session err="session closed"
t=2026-04-25T07:19:13+0530 lvl=info msg="client session established" obj=tunnels.session
t=2026-04-25T07:19:13+0530 lvl=info msg="tunnel session started" obj=tunnels.session
t=2026-04-25T07:40:38+0530 lvl=eror msg="session closed, starting reconnect loop" obj=tunnels.session obj=csess id=bdf794c71f57 err="read tcp [2400:1f00:2:1dba:447:8079:4239:3acb]:65333->[2406:da1a:e91:9301:f1a3:66ed:d097:b95c]:443: read: connection reset by peer"
t=2026-04-25T07:40:42+0530 lvl=info msg="client session established" obj=tunnels.session
t=2026-04-25T07:40:42+0530 lvl=info msg="tunnel session started" obj=tunnels.session
t=2026-04-25T07:56:11+0530 lvl=eror msg="session closed, starting reconnect loop" obj=tunnels.session obj=csess id=bdf794c71f57 err="read tcp [2400:1f00:2:1dba:447:8079:4239:3acb]:65414->[2406:da1a:e91:9302:5f2c:118e:bcf2:c8bb]:443: read: connection reset by peer"
t=2026-04-25T07:56:12+0530 lvl=info msg="client session established" obj=tunnels.session
t=2026-04-25T07:56:12+0530 lvl=info msg="tunnel session started" obj=tunnels.session
t=2026-04-25T07:56:12+0530 lvl=eror msg="heartbeat timeout, terminating session" obj=tunnels.session obj=csess id=fdc3a98dea14 clientid=56322deaaab94c7a65b4f7a1c7b54fda
t=2026-04-25T08:29:06+0530 lvl=eror msg="session closed, starting reconnect loop" obj=tunnels.session obj=csess id=bdf794c71f57 err="read tcp [2400:1f00:2:1dba:447:8079:4239:3acb]:65480->[2406:da1a:e91:9302:6bbc:cc3d:8e60:4a99]:443: read: connection reset by peer"
t=2026-04-25T08:29:08+0530 lvl=info msg="client session established" obj=tunnels.session
t=2026-04-25T08:29:08+0530 lvl=info msg="tunnel session started" obj=tunnels.session
t=2026-04-25T08:41:38+0530 lvl=eror msg="heartbeat timeout, terminating session" obj=tunnels.session obj=csess id=fd843f4ca8c2 clientid=56322deaaab94c7a65b4f7a1c7b54fda
t=2026-04-25T08:59:24+0530 lvl=eror msg="session closed, starting reconnect loop" obj=tunnels.session obj=csess id=bdf794c71f57 err="read tcp [2400:1f00:2:1dba:447:8079:4239:3acb]:49186->[2600:1f16:d83:1200:6d30:5f74:cb2a:101]:443: read: connection reset by peer"
t=2026-04-25T08:59:25+0530 lvl=info msg="client session established" obj=tunnels.session
t=2026-04-25T08:59:25+0530 lvl=info msg="tunnel session started" obj=tunnels.session
t=2026-04-25T08:59:26+0530 lvl=eror msg="heartbeat timeout, terminating session" obj=tunnels.session obj=csess id=865d2fd97adc clientid=56322deaaab94c7a65b4f7a1c7b54fda
t=2026-04-25T09:32:03+0530 lvl=eror msg="session closed, starting reconnect loop" obj=tunnels.session obj=csess id=bdf794c71f57 err="read tcp [2400:1f00:2:1dba:447:8079:4239:3acb]:49283->[2406:da1a:e91:9302:6bbc:cc3d:8e60:4a99]:443: read: connection reset by peer"
t=2026-04-25T09:32:04+0530 lvl=info msg="client session established" obj=tunnels.session
t=2026-04-25T09:32:04+0530 lvl=info msg="tunnel session started" obj=tunnels.session
t=2026-04-25T09:32:06+0530 lvl=eror msg="heartbeat timeout, terminating session" obj=tunnels.session obj=csess id=0ddd3ce9a5b3 clientid=56322deaaab94c7a65b4f7a1c7b54fda
t=2026-04-25T09:42:42+0530 lvl=eror msg="session closed, starting reconnect loop" obj=tunnels.session obj=csess id=bdf794c71f57 err="read tcp [2400:1f00:2:1dba:447:8079:4239:3acb]:49384->[2406:da1a:e91:9301:f1a3:66ed:d097:b95c]:443: read: connection reset by peer"
t=2026-04-25T10:00:09+0530 lvl=eror msg="heartbeat timeout, terminating session" obj=tunnels.session obj=csess id=532cfe070798 clientid=56322deaaab94c7a65b4f7a1c7b54fda
t=2026-04-25T10:16:24+0530 lvl=eror msg="heartbeat timeout, terminating session" obj=tunnels.session obj=csess id=c851f6539c7e clientid=56322deaaab94c7a65b4f7a1c7b54fda
t=2026-04-25T10:16:43+0530 lvl=eror msg="heartbeat timeout, terminating session" obj=tunnels.session obj=csess id=3c6a6f808901 clientid=56322deaaab94c7a65b4f7a1c7b54fda
t=2026-04-25T10:16:43+0530 lvl=eror msg="failed to reconnect session" obj=tunnels.session err="session closed"
t=2026-04-25T10:16:44+0530 lvl=info msg="client session established" obj=tunnels.session
t=2026-04-25T10:16:44+0530 lvl=info msg="tunnel session started" obj=tunnels.session
t=2026-04-25T10:43:41+0530 lvl=eror msg="session closed, starting reconnect loop" obj=tunnels.session obj=csess id=bdf794c71f57 err="read tcp [2400:1f00:2:1dba:447:8079:4239:3acb]:49535->[2406:da1a:e91:9301:f1a3:66ed:d097:b95c]:443: read: connection reset by peer"
t=2026-04-25T10:43:43+0530 lvl=info msg="client session established" obj=tunnels.session
t=2026-04-25T10:43:43+0530 lvl=info msg="tunnel session started" obj=tunnels.session
t=2026-04-25T10:49:41+0530 lvl=eror msg="session closed, starting reconnect loop" obj=tunnels.session obj=csess id=bdf794c71f57 err="read tcp [2400:1f00:2:1dba:447:8079:4239:3acb]:49616->[2406:da1a:e91:9302:6bbc:cc3d:8e60:4a99]:443: read: connection reset by peer"
t=2026-04-25T10:49:43+0530 lvl=info msg="client session established" obj=tunnels.session
t=2026-04-25T10:49:43+0530 lvl=info msg="tunnel session started" obj=tunnels.session
t=2026-04-25T10:49:44+0530 lvl=eror msg="heartbeat timeout, terminating session" obj=tunnels.session obj=csess id=84b50e338572 clientid=56322deaaab94c7a65b4f7a1c7b54fda
t=2026-04-25T10:49:55+0530 lvl=eror msg="heartbeat timeout, terminating session" obj=tunnels.session obj=csess id=2e7cb75004c9 clientid=56322deaaab94c7a65b4f7a1c7b54fda
t=2026-04-25T12:31:49+0530 lvl=eror msg="session closed, starting reconnect loop" obj=tunnels.session obj=csess id=bdf794c71f57 err="read tcp [2400:1f00:2:1dba:447:8079:4239:3acb]:49694->[2600:1f16:d83:1202:91bb:8f00:b395:914e]:443: read: connection reset by peer"
t=2026-04-25T12:31:50+0530 lvl=info msg="client session established" obj=tunnels.session
t=2026-04-25T12:31:50+0530 lvl=info msg="tunnel session started" obj=tunnels.session
t=2026-04-25T12:32:04+0530 lvl=eror msg="heartbeat timeout, terminating session" obj=tunnels.session obj=csess id=c78fa3863f0c clientid=56322deaaab94c7a65b4f7a1c7b54fda
t=2026-04-25T12:40:23+0530 lvl=eror msg="heartbeat timeout, terminating session" obj=tunnels.session obj=csess id=bfe9b26f2c3e clientid=56322deaaab94c7a65b4f7a1c7b54fda
t=2026-04-25T12:40:23+0530 lvl=eror msg="session closed, starting reconnect loop" obj=tunnels.session obj=csess id=bdf794c71f57 err="session closed"
t=2026-04-25T12:40:24+0530 lvl=info msg="client session established" obj=tunnels.session
t=2026-04-25T12:40:24+0530 lvl=info msg="tunnel session started" obj=tunnels.session
t=2026-04-25T12:44:14+0530 lvl=eror msg="heartbeat timeout, terminating session" obj=tunnels.session obj=csess id=2d6602928f04 clientid=56322deaaab94c7a65b4f7a1c7b54fda
t=2026-04-25T12:44:14+0530 lvl=eror msg="session closed, starting reconnect loop" obj=tunnels.session obj=csess id=bdf794c71f57 err="session closed"
t=2026-04-25T12:44:15+0530 lvl=info msg="client session established" obj=tunnels.session
t=2026-04-25T12:44:15+0530 lvl=info msg="tunnel session started" obj=tunnels.session
t=2026-04-25T13:01:04+0530 lvl=eror msg="session closed, starting reconnect loop" obj=tunnels.session obj=csess id=bdf794c71f57 err="read tcp [2400:1f00:2:1dba:447:8079:4239:3acb]:52634->[2406:da1a:e91:9302:6bbc:cc3d:8e60:4a99]:443: read: connection reset by peer"
t=2026-04-25T13:17:12+0530 lvl=eror msg="failed to reconnect session" obj=tunnels.session err="session closed"
t=2026-04-25T13:17:13+0530 lvl=info msg="client session established" obj=tunnels.session
t=2026-04-25T13:17:13+0530 lvl=info msg="tunnel session started" obj=tunnels.session
t=2026-04-25T13:25:19+0530 lvl=eror msg="session closed, starting reconnect loop" obj=tunnels.session obj=csess id=bdf794c71f57 err="read tcp [2400:1f00:2:1dba:447:8079:4239:3acb]:52703->[2406:da1a:e91:9302:6bbc:cc3d:8e60:4a99]:443: read: connection reset by peer"
t=2026-04-25T13:25:20+0530 lvl=info msg="client session established" obj=tunnels.session
t=2026-04-25T13:25:20+0530 lvl=info msg="tunnel session started" obj=tunnels.session
t=2026-04-25T13:25:22+0530 lvl=eror msg="heartbeat timeout, terminating session" obj=tunnels.session obj=csess id=6440258ccae1 clientid=56322deaaab94c7a65b4f7a1c7b54fda
t=2026-04-25T13:25:34+0530 lvl=eror msg="heartbeat timeout, terminating session" obj=tunnels.session obj=csess id=41a4cb67d293 clientid=56322deaaab94c7a65b4f7a1c7b54fda
t=2026-04-25T13:53:04+0530 lvl=info msg="received stop request" obj=app stopReq="{err:<nil> restart:false}"
t=2026-04-25T13:53:04+0530 lvl=info msg="session closing" obj=tunnels.session err=nil
t=2026-04-25T13:53:04+0530 lvl=info msg="accept failed" obj=tunnels.session obj=csess id=bdf794c71f57 err="reconnecting session closed"
