Starting project at /Users/roshanajith/Documents/Products/DarpanAI/mobile
Starting Metro Bundler
warning: Bundler cache is empty, rebuilding (this may take a minute)
Waiting on http://localhost:8081
Logs for your project will appear below.
iOS ./index.js ░░░░░░░░░░░░░░░░  0.0% (0/1)
iOS ./index.js ▓▓▓▓▓▓▓▓▓▓▓▓░░░░ 81.2% (746/828)
iOS Bundled 5193ms index.js (1082 modules)
 WARN  The app is running using the Legacy Architecture. The Legacy Architecture is deprecated and will be removed in a future version of React Native. Please consider migrating to the New Architecture. For more information, please see https://reactnative.dev/blog/2024/10/23/the-new-architecture-is-here
iOS ./index.js ░░░░░░░░░░░░░░░░  0.0% (0/1)
iOS Bundled 54ms index.js (1 module)
 WARN  The app is running using the Legacy Architecture. The Legacy Architecture is deprecated and will be removed in a future version of React Native. Please consider migrating to the New Architecture. For more information, please see https://reactnative.dev/blog/2024/10/23/the-new-architecture-is-here
iOS ./index.js ░░░░░░░░░░░░░░░░  0.0% (0/1)
iOS Bundled 69ms index.js (1 module)
 WARN  The app is running using the Legacy Architecture. The Legacy Architecture is deprecated and will be removed in a future version of React Native. Please consider migrating to the New Architecture. For more information, please see https://reactnative.dev/blog/2024/10/23/the-new-architecture-is-here
iOS ./index.js ░░░░░░░░░░░░░░░░  0.0% (0/1)
iOS Bundled 107ms index.js (1 module)
 WARN  The app is running using the Legacy Architecture. The Legacy Architecture is deprecated and will be removed in a future version of React Native. Please consider migrating to the New Architecture. For more information, please see https://reactnative.dev/blog/2024/10/23/the-new-architecture-is-here
iOS ./index.js ░░░░░░░░░░░░░░░░  0.0% (0/1)
iOS Bundled 96ms index.js (1 module)
 WARN  The app is running using the Legacy Architecture. The Legacy Architecture is deprecated and will be removed in a future version of React Native. Please consider migrating to the New Architecture. For more information, please see https://reactnative.dev/blog/2024/10/23/the-new-architecture-is-here
iOS ./index.js ░░░░░░░░░░░░░░░░  0.0% (0/1)
iOS Bundled 41ms index.js (1 module)
 ERROR  [TypeError: NativeJSLogger.default.addListener is not a function (it is undefined)]
 ERROR  [Invariant Violation: "main" has not been registered. This can happen if:
* Metro (the local dev server) is run from the wrong folder. Check if Metro is running, stop it and restart it in the current project.
* A module failed to load due to an error and `AppRegistry.registerComponent` wasn't called.]
 WARN  The app is running using the Legacy Architecture. The Legacy Architecture is deprecated and will be removed in a future version of React Native. Please consider migrating to the New Architecture. For more information, please see https://reactnative.dev/blog/2024/10/23/the-new-architecture-is-here
iOS ./index.js ░░░░░░░░░░░░░░░░  0.0% (0/1)
iOS Bundled 48ms index.js (1 module)
 WARN  The app is running using the Legacy Architecture. The Legacy Architecture is deprecated and will be removed in a future version of React Native. Please consider migrating to the New Architecture. For more information, please see https://reactnative.dev/blog/2024/10/23/the-new-architecture-is-here
iOS ./index.js ░░░░░░░░░░░░░░░░  0.0% (0/1)
iOS Bundled 44ms index.js (1 module)
 ERROR  [TypeError: NativeJSLogger.default.addListener is not a function (it is undefined)]
 ERROR  [Invariant Violation: "main" has not been registered. This can happen if:
* Metro (the local dev server) is run from the wrong folder. Check if Metro is running, stop it and restart it in the current project.
* A module failed to load due to an error and `AppRegistry.registerComponent` wasn't called.]
 WARN  The app is running using the Legacy Architecture. The Legacy Architecture is deprecated and will be removed in a future version of React Native. Please consider migrating to the New Architecture. For more information, please see https://reactnative.dev/blog/2024/10/23/the-new-architecture-is-here
iOS ./index.js ░░░░░░░░░░░░░░░░  0.0% (0/1)
iOS Bundled 48ms index.js (1 module)
 WARN  The app is running using the Legacy Architecture. The Legacy Architecture is deprecated and will be removed in a future version of React Native. Please consider migrating to the New Architecture. For more information, please see https://reactnative.dev/blog/2024/10/23/the-new-architecture-is-here
iOS ./index.js ░░░░░░░░░░░░░░░░  0.0% (0/1)
iOS Bundled 56ms index.js (1 module)
 WARN  The app is running using the Legacy Architecture. The Legacy Architecture is deprecated and will be removed in a future version of React Native. Please consider migrating to the New Architecture. For more information, please see https://reactnative.dev/blog/2024/10/23/the-new-architecture-is-here
iOS ./index.js ░░░░░░░░░░░░░░░░  0.0% (0/1)
iOS Bundled 156ms index.js (1 module)
 WARN  The app is running using the Legacy Architecture. The Legacy Architecture is deprecated and will be removed in a future version of React Native. Please consider migrating to the New Architecture. For more information, please see https://reactnative.dev/blog/2024/10/23/the-new-architecture-is-here
iOS ./index.js ░░░░░░░░░░░░░░░░  0.0% (0/1)
iOS Bundled 94ms index.js (1 module)
 ERROR  [TypeError: NativeJSLogger.default.addListener is not a function (it is undefined)]
 ERROR  [Invariant Violation: "main" has not been registered. This can happen if:
* Metro (the local dev server) is run from the wrong folder. Check if Metro is running, stop it and restart it in the current project.
* A module failed to load due to an error and `AppRegistry.registerComponent` wasn't called.]
 WARN  The app is running using the Legacy Architecture. The Legacy Architecture is deprecated and will be removed in a future version of React Native. Please consider migrating to the New Architecture. For more information, please see https://reactnative.dev/blog/2024/10/23/the-new-architecture-is-here
iOS Bundled 69ms index.js (1 module)
 WARN  The app is running using the Legacy Architecture. The Legacy Architecture is deprecated and will be removed in a future version of React Native. Please consider migrating to the New Architecture. For more information, please see https://reactnative.dev/blog/2024/10/23/the-new-architecture-is-here
iOS ./index.js ░░░░░░░░░░░░░░░░  0.0% (0/1)
iOS Bundled 355ms index.js (1 module)
 ERROR  [TypeError: NativeJSLogger.default.addListener is not a function (it is undefined)]
 ERROR  [Invariant Violation: "main" has not been registered. This can happen if:
* Metro (the local dev server) is run from the wrong folder. Check if Metro is running, stop it and restart it in the current project.
* A module failed to load due to an error and `AppRegistry.registerComponent` wasn't called.]
 WARN  The app is running using the Legacy Architecture. The Legacy Architecture is deprecated and will be removed in a future version of React Native. Please consider migrating to the New Architecture. For more information, please see https://reactnative.dev/blog/2024/10/23/the-new-architecture-is-here
iOS ./index.js ░░░░░░░░░░░░░░░░  0.0% (0/1)
iOS Bundled 76ms index.js (1 module)
 WARN  The app is running using the Legacy Architecture. The Legacy Architecture is deprecated and will be removed in a future version of React Native. Please consider migrating to the New Architecture. For more information, please see https://reactnative.dev/blog/2024/10/23/the-new-architecture-is-here
iOS ./index.js ░░░░░░░░░░░░░░░░  0.0% (0/1)
iOS Bundled 93ms index.js (1 module)
 WARN  The app is running using the Legacy Architecture. The Legacy Architecture is deprecated and will be removed in a future version of React Native. Please consider migrating to the New Architecture. For more information, please see https://reactnative.dev/blog/2024/10/23/the-new-architecture-is-here
iOS ./index.js ░░░░░░░░░░░░░░░░  0.0% (0/1)
iOS Bundling failed 215ms index.js (1 module)
 ERROR  SyntaxError: /Users/roshanajith/Documents/Products/DarpanAI/mobile/src/services/healthKitCore.ts: Unexpected token (120:13)

  118 |                 heightM: heightM ? Number(heightM.toFixed(2)) : null,
  119 |               });
> 120 |             });
      |              ^
  121 |           });
  122 |         });
  123 |       });
    at constructor (/Users/roshanajith/Documents/Products/DarpanAI/mobile/node_modules/@babel/parser/lib/index.js:365:19)
    at TypeScriptParserMixin.raise (/Users/roshanajith/Documents/Products/DarpanAI/mobile/node_modules/@babel/parser/lib/index.js:6599:19)
    at TypeScriptParserMixin.unexpected (/Users/roshanajith/Documents/Products/DarpanAI/mobile/node_modules/@babel/parser/lib/index.js:6619:16)
    at TypeScriptParserMixin.parseExprAtom (/Users/roshanajith/Documents/Products/DarpanAI/mobile/node_modules/@babel/parser/lib/index.js:11442:22)
    at TypeScriptParserMixin.parseExprSubscripts (/Users/roshanajith/Documents/Products/DarpanAI/mobile/node_modules/@babel/parser/lib/index.js:11081:23)
    at TypeScriptParserMixin.parseUpdate (/Users/roshanajith/Documents/Products/DarpanAI/mobile/node_modules/@babel/parser/lib/index.js:11066:21)
    at TypeScriptParserMixin.parseMaybeUnary (/Users/roshanajith/Documents/Products/DarpanAI/mobile/node_modules/@babel/parser/lib/index.js:11046:23)
    at TypeScriptParserMixin.parseMaybeUnary (/Users/roshanajith/Documents/Products/DarpanAI/mobile/node_modules/@babel/parser/lib/index.js:9837:18)
    at TypeScriptParserMixin.parseMaybeUnaryOrPrivate (/Users/roshanajith/Documents/Products/DarpanAI/mobile/node_modules/@babel/parser/lib/index.js:10899:61)
    at TypeScriptParserMixin.parseExprOps (/Users/roshanajith/Documents/Products/DarpanAI/mobile/node_modules/@babel/parser/lib/index.js:10904:23)
    at TypeScriptParserMixin.parseMaybeConditional (/Users/roshanajith/Documents/Products/DarpanAI/mobile/node_modules/@babel/parser/lib/index.js:10881:23)
    at TypeScriptParserMixin.parseMaybeAssign (/Users/roshanajith/Documents/Products/DarpanAI/mobile/node_modules/@babel/parser/lib/index.js:10831:21)
    at TypeScriptParserMixin.parseMaybeAssign (/Users/roshanajith/Documents/Products/DarpanAI/mobile/node_modules/@babel/parser/lib/index.js:9786:20)
    at TypeScriptParserMixin.parseExpressionBase (/Users/roshanajith/Documents/Products/DarpanAI/mobile/node_modules/@babel/parser/lib/index.js:10784:23)
    at /Users/roshanajith/Documents/Products/DarpanAI/mobile/node_modules/@babel/parser/lib/index.js:10780:39
    at TypeScriptParserMixin.allowInAnd (/Users/roshanajith/Documents/Products/DarpanAI/mobile/node_modules/@babel/parser/lib/index.js:12421:16)
    at TypeScriptParserMixin.parseExpression (/Users/roshanajith/Documents/Products/DarpanAI/mobile/node_modules/@babel/parser/lib/index.js:10780:17)
    at TypeScriptParserMixin.parseStatementContent (/Users/roshanajith/Documents/Products/DarpanAI/mobile/node_modules/@babel/parser/lib/index.js:12895:23)
    at TypeScriptParserMixin.parseStatementContent (/Users/roshanajith/Documents/Products/DarpanAI/mobile/node_modules/@babel/parser/lib/index.js:9508:18)
    at TypeScriptParserMixin.parseStatementLike (/Users/roshanajith/Documents/Products/DarpanAI/mobile/node_modules/@babel/parser/lib/index.js:12767:17)
    at TypeScriptParserMixin.parseStatementListItem (/Users/roshanajith/Documents/Products/DarpanAI/mobile/node_modules/@babel/parser/lib/index.js:12747:17)
    at TypeScriptParserMixin.parseBlockOrModuleBlockBody (/Users/roshanajith/Documents/Products/DarpanAI/mobile/node_modules/@babel/parser/lib/index.js:13316:61)
    at TypeScriptParserMixin.parseBlockBody (/Users/roshanajith/Documents/Products/DarpanAI/mobile/node_modules/@babel/parser/lib/index.js:13309:10)
    at TypeScriptParserMixin.parseBlock (/Users/roshanajith/Documents/Products/DarpanAI/mobile/node_modules/@babel/parser/lib/index.js:13297:10)
    at TypeScriptParserMixin.parseFunctionBody (/Users/roshanajith/Documents/Products/DarpanAI/mobile/node_modules/@babel/parser/lib/index.js:12100:24)
    at TypeScriptParserMixin.parseArrowExpression (/Users/roshanajith/Documents/Products/DarpanAI/mobile/node_modules/@babel/parser/lib/index.js:12075:10)
    at TypeScriptParserMixin.parseParenAndDistinguishExpression (/Users/roshanajith/Documents/Products/DarpanAI/mobile/node_modules/@babel/parser/lib/index.js:11687:12)
    at TypeScriptParserMixin.parseExprAtom (/Users/roshanajith/Documents/Products/DarpanAI/mobile/node_modules/@babel/parser/lib/index.js:11331:23)
    at TypeScriptParserMixin.parseExprSubscripts (/Users/roshanajith/Documents/Products/DarpanAI/mobile/node_modules/@babel/parser/lib/index.js:11081:23)
    at TypeScriptParserMixin.parseUpdate (/Users/roshanajith/Documents/Products/DarpanAI/mobile/node_modules/@babel/parser/lib/index.js:11066:21)
    at TypeScriptParserMixin.parseMaybeUnary (/Users/roshanajith/Documents/Products/DarpanAI/mobile/node_modules/@babel/parser/lib/index.js:11046:23)
    at TypeScriptParserMixin.parseMaybeUnary (/Users/roshanajith/Documents/Products/DarpanAI/mobile/node_modules/@babel/parser/lib/index.js:9837:18)
    at TypeScriptParserMixin.parseMaybeUnaryOrPrivate (/Users/roshanajith/Documents/Products/DarpanAI/mobile/node_modules/@babel/parser/lib/index.js:10899:61)
    at TypeScriptParserMixin.parseExprOps (/Users/roshanajith/Documents/Products/DarpanAI/mobile/node_modules/@babel/parser/lib/index.js:10904:23)
    at TypeScriptParserMixin.parseMaybeConditional (/Users/roshanajith/Documents/Products/DarpanAI/mobile/node_modules/@babel/parser/lib/index.js:10881:23)
    at TypeScriptParserMixin.parseMaybeAssign (/Users/roshanajith/Documents/Products/DarpanAI/mobile/node_modules/@babel/parser/lib/index.js:10831:21)
    at TypeScriptParserMixin.parseMaybeAssign (/Users/roshanajith/Documents/Products/DarpanAI/mobile/node_modules/@babel/parser/lib/index.js:9786:20)
    at /Users/roshanajith/Documents/Products/DarpanAI/mobile/node_modules/@babel/parser/lib/index.js:10800:39
    at TypeScriptParserMixin.allowInAnd (/Users/roshanajith/Documents/Products/DarpanAI/mobile/node_modules/@babel/parser/lib/index.js:12426:12)
    at TypeScriptParserMixin.parseMaybeAssignAllowIn (/Users/roshanajith/Documents/Products/DarpanAI/mobile/node_modules/@babel/parser/lib/index.js:10800:17)
    at TypeScriptParserMixin.parseMaybeAssignAllowInOrVoidPattern (/Users/roshanajith/Documents/Products/DarpanAI/mobile/node_modules/@babel/parser/lib/index.js:12493:17)
    at TypeScriptParserMixin.parseExprListItem (/Users/roshanajith/Documents/Products/DarpanAI/mobile/node_modules/@babel/parser/lib/index.js:12175:18)
    at TypeScriptParserMixin.parseCallExpressionArguments (/Users/roshanajith/Documents/Products/DarpanAI/mobile/node_modules/@babel/parser/lib/index.js:11252:22)
    at TypeScriptParserMixin.parseCoverCallAndAsyncArrowHead (/Users/roshanajith/Documents/Products/DarpanAI/mobile/node_modules/@babel/parser/lib/index.js:11186:29)
    at TypeScriptParserMixin.parseSubscript (/Users/roshanajith/Documents/Products/DarpanAI/mobile/node_modules/@babel/parser/lib/index.js:11120:19)
    at TypeScriptParserMixin.parseSubscript (/Users/roshanajith/Documents/Products/DarpanAI/mobile/node_modules/@babel/parser/lib/index.js:9272:18)
    at TypeScriptParserMixin.parseSubscripts (/Users/roshanajith/Documents/Products/DarpanAI/mobile/node_modules/@babel/parser/lib/index.js:11094:19)
    at TypeScriptParserMixin.parseExprSubscripts (/Users/roshanajith/Documents/Products/DarpanAI/mobile/node_modules/@babel/parser/lib/index.js:11085:17)
    at TypeScriptParserMixin.parseUpdate (/Users/roshanajith/Documents/Products/DarpanAI/mobile/node_modules/@babel/parser/lib/index.js:11066:21)
    at TypeScriptParserMixin.parseMaybeUnary (/Users/roshanajith/Documents/Products/DarpanAI/mobile/node_modules/@babel/parser/lib/index.js:11046:23)
iOS ./index.js ░░░░░░░░░░░░░░░░  0.0% (0/1)
iOS Bundling failed 15ms index.js (1 module)
 ERROR  SyntaxError: /Users/roshanajith/Documents/Products/DarpanAI/mobile/src/services/healthKitCore.ts: Unexpected token (120:13)

  118 |                 heightM: heightM ? Number(heightM.toFixed(2)) : null,
  119 |               });
> 120 |             });
      |              ^
  121 |           });
  122 |         });
  123 |       });
    at constructor (/Users/roshanajith/Documents/Products/DarpanAI/mobile/node_modules/@babel/parser/lib/index.js:365:19)
    at TypeScriptParserMixin.raise (/Users/roshanajith/Documents/Products/DarpanAI/mobile/node_modules/@babel/parser/lib/index.js:6599:19)
    at TypeScriptParserMixin.unexpected (/Users/roshanajith/Documents/Products/DarpanAI/mobile/node_modules/@babel/parser/lib/index.js:6619:16)
    at TypeScriptParserMixin.parseExprAtom (/Users/roshanajith/Documents/Products/DarpanAI/mobile/node_modules/@babel/parser/lib/index.js:11442:22)
    at TypeScriptParserMixin.parseExprSubscripts (/Users/roshanajith/Documents/Products/DarpanAI/mobile/node_modules/@babel/parser/lib/index.js:11081:23)
    at TypeScriptParserMixin.parseUpdate (/Users/roshanajith/Documents/Products/DarpanAI/mobile/node_modules/@babel/parser/lib/index.js:11066:21)
    at TypeScriptParserMixin.parseMaybeUnary (/Users/roshanajith/Documents/Products/DarpanAI/mobile/node_modules/@babel/parser/lib/index.js:11046:23)
    at TypeScriptParserMixin.parseMaybeUnary (/Users/roshanajith/Documents/Products/DarpanAI/mobile/node_modules/@babel/parser/lib/index.js:9837:18)
    at TypeScriptParserMixin.parseMaybeUnaryOrPrivate (/Users/roshanajith/Documents/Products/DarpanAI/mobile/node_modules/@babel/parser/lib/index.js:10899:61)
    at TypeScriptParserMixin.parseExprOps (/Users/roshanajith/Documents/Products/DarpanAI/mobile/node_modules/@babel/parser/lib/index.js:10904:23)
    at TypeScriptParserMixin.parseMaybeConditional (/Users/roshanajith/Documents/Products/DarpanAI/mobile/node_modules/@babel/parser/lib/index.js:10881:23)
    at TypeScriptParserMixin.parseMaybeAssign (/Users/roshanajith/Documents/Products/DarpanAI/mobile/node_modules/@babel/parser/lib/index.js:10831:21)
    at TypeScriptParserMixin.parseMaybeAssign (/Users/roshanajith/Documents/Products/DarpanAI/mobile/node_modules/@babel/parser/lib/index.js:9786:20)
    at TypeScriptParserMixin.parseExpressionBase (/Users/roshanajith/Documents/Products/DarpanAI/mobile/node_modules/@babel/parser/lib/index.js:10784:23)
    at /Users/roshanajith/Documents/Products/DarpanAI/mobile/node_modules/@babel/parser/lib/index.js:10780:39
    at TypeScriptParserMixin.allowInAnd (/Users/roshanajith/Documents/Products/DarpanAI/mobile/node_modules/@babel/parser/lib/index.js:12421:16)
    at TypeScriptParserMixin.parseExpression (/Users/roshanajith/Documents/Products/DarpanAI/mobile/node_modules/@babel/parser/lib/index.js:10780:17)
    at TypeScriptParserMixin.parseStatementContent (/Users/roshanajith/Documents/Products/DarpanAI/mobile/node_modules/@babel/parser/lib/index.js:12895:23)
    at TypeScriptParserMixin.parseStatementContent (/Users/roshanajith/Documents/Products/DarpanAI/mobile/node_modules/@babel/parser/lib/index.js:9508:18)
    at TypeScriptParserMixin.parseStatementLike (/Users/roshanajith/Documents/Products/DarpanAI/mobile/node_modules/@babel/parser/lib/index.js:12767:17)
    at TypeScriptParserMixin.parseStatementListItem (/Users/roshanajith/Documents/Products/DarpanAI/mobile/node_modules/@babel/parser/lib/index.js:12747:17)
    at TypeScriptParserMixin.parseBlockOrModuleBlockBody (/Users/roshanajith/Documents/Products/DarpanAI/mobile/node_modules/@babel/parser/lib/index.js:13316:61)
    at TypeScriptParserMixin.parseBlockBody (/Users/roshanajith/Documents/Products/DarpanAI/mobile/node_modules/@babel/parser/lib/index.js:13309:10)
    at TypeScriptParserMixin.parseBlock (/Users/roshanajith/Documents/Products/DarpanAI/mobile/node_modules/@babel/parser/lib/index.js:13297:10)
    at TypeScriptParserMixin.parseFunctionBody (/Users/roshanajith/Documents/Products/DarpanAI/mobile/node_modules/@babel/parser/lib/index.js:12100:24)
    at TypeScriptParserMixin.parseArrowExpression (/Users/roshanajith/Documents/Products/DarpanAI/mobile/node_modules/@babel/parser/lib/index.js:12075:10)
    at TypeScriptParserMixin.parseParenAndDistinguishExpression (/Users/roshanajith/Documents/Products/DarpanAI/mobile/node_modules/@babel/parser/lib/index.js:11687:12)
    at TypeScriptParserMixin.parseExprAtom (/Users/roshanajith/Documents/Products/DarpanAI/mobile/node_modules/@babel/parser/lib/index.js:11331:23)
    at TypeScriptParserMixin.parseExprSubscripts (/Users/roshanajith/Documents/Products/DarpanAI/mobile/node_modules/@babel/parser/lib/index.js:11081:23)
    at TypeScriptParserMixin.parseUpdate (/Users/roshanajith/Documents/Products/DarpanAI/mobile/node_modules/@babel/parser/lib/index.js:11066:21)
    at TypeScriptParserMixin.parseMaybeUnary (/Users/roshanajith/Documents/Products/DarpanAI/mobile/node_modules/@babel/parser/lib/index.js:11046:23)
    at TypeScriptParserMixin.parseMaybeUnary (/Users/roshanajith/Documents/Products/DarpanAI/mobile/node_modules/@babel/parser/lib/index.js:9837:18)
    at TypeScriptParserMixin.parseMaybeUnaryOrPrivate (/Users/roshanajith/Documents/Products/DarpanAI/mobile/node_modules/@babel/parser/lib/index.js:10899:61)
    at TypeScriptParserMixin.parseExprOps (/Users/roshanajith/Documents/Products/DarpanAI/mobile/node_modules/@babel/parser/lib/index.js:10904:23)
    at TypeScriptParserMixin.parseMaybeConditional (/Users/roshanajith/Documents/Products/DarpanAI/mobile/node_modules/@babel/parser/lib/index.js:10881:23)
    at TypeScriptParserMixin.parseMaybeAssign (/Users/roshanajith/Documents/Products/DarpanAI/mobile/node_modules/@babel/parser/lib/index.js:10831:21)
    at TypeScriptParserMixin.parseMaybeAssign (/Users/roshanajith/Documents/Products/DarpanAI/mobile/node_modules/@babel/parser/lib/index.js:9786:20)
    at /Users/roshanajith/Documents/Products/DarpanAI/mobile/node_modules/@babel/parser/lib/index.js:10800:39
    at TypeScriptParserMixin.allowInAnd (/Users/roshanajith/Documents/Products/DarpanAI/mobile/node_modules/@babel/parser/lib/index.js:12426:12)
    at TypeScriptParserMixin.parseMaybeAssignAllowIn (/Users/roshanajith/Documents/Products/DarpanAI/mobile/node_modules/@babel/parser/lib/index.js:10800:17)
    at TypeScriptParserMixin.parseMaybeAssignAllowInOrVoidPattern (/Users/roshanajith/Documents/Products/DarpanAI/mobile/node_modules/@babel/parser/lib/index.js:12493:17)
    at TypeScriptParserMixin.parseExprListItem (/Users/roshanajith/Documents/Products/DarpanAI/mobile/node_modules/@babel/parser/lib/index.js:12175:18)
    at TypeScriptParserMixin.parseCallExpressionArguments (/Users/roshanajith/Documents/Products/DarpanAI/mobile/node_modules/@babel/parser/lib/index.js:11252:22)
    at TypeScriptParserMixin.parseCoverCallAndAsyncArrowHead (/Users/roshanajith/Documents/Products/DarpanAI/mobile/node_modules/@babel/parser/lib/index.js:11186:29)
    at TypeScriptParserMixin.parseSubscript (/Users/roshanajith/Documents/Products/DarpanAI/mobile/node_modules/@babel/parser/lib/index.js:11120:19)
    at TypeScriptParserMixin.parseSubscript (/Users/roshanajith/Documents/Products/DarpanAI/mobile/node_modules/@babel/parser/lib/index.js:9272:18)
    at TypeScriptParserMixin.parseSubscripts (/Users/roshanajith/Documents/Products/DarpanAI/mobile/node_modules/@babel/parser/lib/index.js:11094:19)
    at TypeScriptParserMixin.parseExprSubscripts (/Users/roshanajith/Documents/Products/DarpanAI/mobile/node_modules/@babel/parser/lib/index.js:11085:17)
    at TypeScriptParserMixin.parseUpdate (/Users/roshanajith/Documents/Products/DarpanAI/mobile/node_modules/@babel/parser/lib/index.js:11066:21)
    at TypeScriptParserMixin.parseMaybeUnary (/Users/roshanajith/Documents/Products/DarpanAI/mobile/node_modules/@babel/parser/lib/index.js:11046:23)
iOS Bundling failed 11ms index.js (1 module)
 ERROR  SyntaxError: /Users/roshanajith/Documents/Products/DarpanAI/mobile/src/services/healthKitCore.ts: Unexpected token (120:13)

  118 |                 heightM: heightM ? Number(heightM.toFixed(2)) : null,
  119 |               });
> 120 |             });
      |              ^
  121 |           });
  122 |         });
  123 |       });
    at constructor (/Users/roshanajith/Documents/Products/DarpanAI/mobile/node_modules/@babel/parser/lib/index.js:365:19)
    at TypeScriptParserMixin.raise (/Users/roshanajith/Documents/Products/DarpanAI/mobile/node_modules/@babel/parser/lib/index.js:6599:19)
    at TypeScriptParserMixin.unexpected (/Users/roshanajith/Documents/Products/DarpanAI/mobile/node_modules/@babel/parser/lib/index.js:6619:16)
    at TypeScriptParserMixin.parseExprAtom (/Users/roshanajith/Documents/Products/DarpanAI/mobile/node_modules/@babel/parser/lib/index.js:11442:22)
    at TypeScriptParserMixin.parseExprSubscripts (/Users/roshanajith/Documents/Products/DarpanAI/mobile/node_modules/@babel/parser/lib/index.js:11081:23)
    at TypeScriptParserMixin.parseUpdate (/Users/roshanajith/Documents/Products/DarpanAI/mobile/node_modules/@babel/parser/lib/index.js:11066:21)
    at TypeScriptParserMixin.parseMaybeUnary (/Users/roshanajith/Documents/Products/DarpanAI/mobile/node_modules/@babel/parser/lib/index.js:11046:23)
    at TypeScriptParserMixin.parseMaybeUnary (/Users/roshanajith/Documents/Products/DarpanAI/mobile/node_modules/@babel/parser/lib/index.js:9837:18)
    at TypeScriptParserMixin.parseMaybeUnaryOrPrivate (/Users/roshanajith/Documents/Products/DarpanAI/mobile/node_modules/@babel/parser/lib/index.js:10899:61)
    at TypeScriptParserMixin.parseExprOps (/Users/roshanajith/Documents/Products/DarpanAI/mobile/node_modules/@babel/parser/lib/index.js:10904:23)
    at TypeScriptParserMixin.parseMaybeConditional (/Users/roshanajith/Documents/Products/DarpanAI/mobile/node_modules/@babel/parser/lib/index.js:10881:23)
    at TypeScriptParserMixin.parseMaybeAssign (/Users/roshanajith/Documents/Products/DarpanAI/mobile/node_modules/@babel/parser/lib/index.js:10831:21)
    at TypeScriptParserMixin.parseMaybeAssign (/Users/roshanajith/Documents/Products/DarpanAI/mobile/node_modules/@babel/parser/lib/index.js:9786:20)
    at TypeScriptParserMixin.parseExpressionBase (/Users/roshanajith/Documents/Products/DarpanAI/mobile/node_modules/@babel/parser/lib/index.js:10784:23)
    at /Users/roshanajith/Documents/Products/DarpanAI/mobile/node_modules/@babel/parser/lib/index.js:10780:39
    at TypeScriptParserMixin.allowInAnd (/Users/roshanajith/Documents/Products/DarpanAI/mobile/node_modules/@babel/parser/lib/index.js:12421:16)
    at TypeScriptParserMixin.parseExpression (/Users/roshanajith/Documents/Products/DarpanAI/mobile/node_modules/@babel/parser/lib/index.js:10780:17)
    at TypeScriptParserMixin.parseStatementContent (/Users/roshanajith/Documents/Products/DarpanAI/mobile/node_modules/@babel/parser/lib/index.js:12895:23)
    at TypeScriptParserMixin.parseStatementContent (/Users/roshanajith/Documents/Products/DarpanAI/mobile/node_modules/@babel/parser/lib/index.js:9508:18)
    at TypeScriptParserMixin.parseStatementLike (/Users/roshanajith/Documents/Products/DarpanAI/mobile/node_modules/@babel/parser/lib/index.js:12767:17)
    at TypeScriptParserMixin.parseStatementListItem (/Users/roshanajith/Documents/Products/DarpanAI/mobile/node_modules/@babel/parser/lib/index.js:12747:17)
    at TypeScriptParserMixin.parseBlockOrModuleBlockBody (/Users/roshanajith/Documents/Products/DarpanAI/mobile/node_modules/@babel/parser/lib/index.js:13316:61)
    at TypeScriptParserMixin.parseBlockBody (/Users/roshanajith/Documents/Products/DarpanAI/mobile/node_modules/@babel/parser/lib/index.js:13309:10)
    at TypeScriptParserMixin.parseBlock (/Users/roshanajith/Documents/Products/DarpanAI/mobile/node_modules/@babel/parser/lib/index.js:13297:10)
    at TypeScriptParserMixin.parseFunctionBody (/Users/roshanajith/Documents/Products/DarpanAI/mobile/node_modules/@babel/parser/lib/index.js:12100:24)
    at TypeScriptParserMixin.parseArrowExpression (/Users/roshanajith/Documents/Products/DarpanAI/mobile/node_modules/@babel/parser/lib/index.js:12075:10)
    at TypeScriptParserMixin.parseParenAndDistinguishExpression (/Users/roshanajith/Documents/Products/DarpanAI/mobile/node_modules/@babel/parser/lib/index.js:11687:12)
    at TypeScriptParserMixin.parseExprAtom (/Users/roshanajith/Documents/Products/DarpanAI/mobile/node_modules/@babel/parser/lib/index.js:11331:23)
    at TypeScriptParserMixin.parseExprSubscripts (/Users/roshanajith/Documents/Products/DarpanAI/mobile/node_modules/@babel/parser/lib/index.js:11081:23)
    at TypeScriptParserMixin.parseUpdate (/Users/roshanajith/Documents/Products/DarpanAI/mobile/node_modules/@babel/parser/lib/index.js:11066:21)
    at TypeScriptParserMixin.parseMaybeUnary (/Users/roshanajith/Documents/Products/DarpanAI/mobile/node_modules/@babel/parser/lib/index.js:11046:23)
    at TypeScriptParserMixin.parseMaybeUnary (/Users/roshanajith/Documents/Products/DarpanAI/mobile/node_modules/@babel/parser/lib/index.js:9837:18)
    at TypeScriptParserMixin.parseMaybeUnaryOrPrivate (/Users/roshanajith/Documents/Products/DarpanAI/mobile/node_modules/@babel/parser/lib/index.js:10899:61)
    at TypeScriptParserMixin.parseExprOps (/Users/roshanajith/Documents/Products/DarpanAI/mobile/node_modules/@babel/parser/lib/index.js:10904:23)
    at TypeScriptParserMixin.parseMaybeConditional (/Users/roshanajith/Documents/Products/DarpanAI/mobile/node_modules/@babel/parser/lib/index.js:10881:23)
    at TypeScriptParserMixin.parseMaybeAssign (/Users/roshanajith/Documents/Products/DarpanAI/mobile/node_modules/@babel/parser/lib/index.js:10831:21)
    at TypeScriptParserMixin.parseMaybeAssign (/Users/roshanajith/Documents/Products/DarpanAI/mobile/node_modules/@babel/parser/lib/index.js:9786:20)
    at /Users/roshanajith/Documents/Products/DarpanAI/mobile/node_modules/@babel/parser/lib/index.js:10800:39
    at TypeScriptParserMixin.allowInAnd (/Users/roshanajith/Documents/Products/DarpanAI/mobile/node_modules/@babel/parser/lib/index.js:12426:12)
    at TypeScriptParserMixin.parseMaybeAssignAllowIn (/Users/roshanajith/Documents/Products/DarpanAI/mobile/node_modules/@babel/parser/lib/index.js:10800:17)
    at TypeScriptParserMixin.parseMaybeAssignAllowInOrVoidPattern (/Users/roshanajith/Documents/Products/DarpanAI/mobile/node_modules/@babel/parser/lib/index.js:12493:17)
    at TypeScriptParserMixin.parseExprListItem (/Users/roshanajith/Documents/Products/DarpanAI/mobile/node_modules/@babel/parser/lib/index.js:12175:18)
    at TypeScriptParserMixin.parseCallExpressionArguments (/Users/roshanajith/Documents/Products/DarpanAI/mobile/node_modules/@babel/parser/lib/index.js:11252:22)
    at TypeScriptParserMixin.parseCoverCallAndAsyncArrowHead (/Users/roshanajith/Documents/Products/DarpanAI/mobile/node_modules/@babel/parser/lib/index.js:11186:29)
    at TypeScriptParserMixin.parseSubscript (/Users/roshanajith/Documents/Products/DarpanAI/mobile/node_modules/@babel/parser/lib/index.js:11120:19)
    at TypeScriptParserMixin.parseSubscript (/Users/roshanajith/Documents/Products/DarpanAI/mobile/node_modules/@babel/parser/lib/index.js:9272:18)
    at TypeScriptParserMixin.parseSubscripts (/Users/roshanajith/Documents/Products/DarpanAI/mobile/node_modules/@babel/parser/lib/index.js:11094:19)
    at TypeScriptParserMixin.parseExprSubscripts (/Users/roshanajith/Documents/Products/DarpanAI/mobile/node_modules/@babel/parser/lib/index.js:11085:17)
    at TypeScriptParserMixin.parseUpdate (/Users/roshanajith/Documents/Products/DarpanAI/mobile/node_modules/@babel/parser/lib/index.js:11066:21)
    at TypeScriptParserMixin.parseMaybeUnary (/Users/roshanajith/Documents/Products/DarpanAI/mobile/node_modules/@babel/parser/lib/index.js:11046:23)
iOS Bundling failed 8ms index.js (1 module)
 ERROR  SyntaxError: /Users/roshanajith/Documents/Products/DarpanAI/mobile/src/services/healthKitCore.ts: Unexpected token (120:13)

  118 |                 heightM: heightM ? Number(heightM.toFixed(2)) : null,
  119 |               });
> 120 |             });
      |              ^
  121 |           });
  122 |         });
  123 |       });
    at constructor (/Users/roshanajith/Documents/Products/DarpanAI/mobile/node_modules/@babel/parser/lib/index.js:365:19)
    at TypeScriptParserMixin.raise (/Users/roshanajith/Documents/Products/DarpanAI/mobile/node_modules/@babel/parser/lib/index.js:6599:19)
    at TypeScriptParserMixin.unexpected (/Users/roshanajith/Documents/Products/DarpanAI/mobile/node_modules/@babel/parser/lib/index.js:6619:16)
    at TypeScriptParserMixin.parseExprAtom (/Users/roshanajith/Documents/Products/DarpanAI/mobile/node_modules/@babel/parser/lib/index.js:11442:22)
    at TypeScriptParserMixin.parseExprSubscripts (/Users/roshanajith/Documents/Products/DarpanAI/mobile/node_modules/@babel/parser/lib/index.js:11081:23)
    at TypeScriptParserMixin.parseUpdate (/Users/roshanajith/Documents/Products/DarpanAI/mobile/node_modules/@babel/parser/lib/index.js:11066:21)
    at TypeScriptParserMixin.parseMaybeUnary (/Users/roshanajith/Documents/Products/DarpanAI/mobile/node_modules/@babel/parser/lib/index.js:11046:23)
    at TypeScriptParserMixin.parseMaybeUnary (/Users/roshanajith/Documents/Products/DarpanAI/mobile/node_modules/@babel/parser/lib/index.js:9837:18)
    at TypeScriptParserMixin.parseMaybeUnaryOrPrivate (/Users/roshanajith/Documents/Products/DarpanAI/mobile/node_modules/@babel/parser/lib/index.js:10899:61)
    at TypeScriptParserMixin.parseExprOps (/Users/roshanajith/Documents/Products/DarpanAI/mobile/node_modules/@babel/parser/lib/index.js:10904:23)
    at TypeScriptParserMixin.parseMaybeConditional (/Users/roshanajith/Documents/Products/DarpanAI/mobile/node_modules/@babel/parser/lib/index.js:10881:23)
    at TypeScriptParserMixin.parseMaybeAssign (/Users/roshanajith/Documents/Products/DarpanAI/mobile/node_modules/@babel/parser/lib/index.js:10831:21)
    at TypeScriptParserMixin.parseMaybeAssign (/Users/roshanajith/Documents/Products/DarpanAI/mobile/node_modules/@babel/parser/lib/index.js:9786:20)
    at TypeScriptParserMixin.parseExpressionBase (/Users/roshanajith/Documents/Products/DarpanAI/mobile/node_modules/@babel/parser/lib/index.js:10784:23)
    at /Users/roshanajith/Documents/Products/DarpanAI/mobile/node_modules/@babel/parser/lib/index.js:10780:39
    at TypeScriptParserMixin.allowInAnd (/Users/roshanajith/Documents/Products/DarpanAI/mobile/node_modules/@babel/parser/lib/index.js:12421:16)
    at TypeScriptParserMixin.parseExpression (/Users/roshanajith/Documents/Products/DarpanAI/mobile/node_modules/@babel/parser/lib/index.js:10780:17)
    at TypeScriptParserMixin.parseStatementContent (/Users/roshanajith/Documents/Products/DarpanAI/mobile/node_modules/@babel/parser/lib/index.js:12895:23)
    at TypeScriptParserMixin.parseStatementContent (/Users/roshanajith/Documents/Products/DarpanAI/mobile/node_modules/@babel/parser/lib/index.js:9508:18)
    at TypeScriptParserMixin.parseStatementLike (/Users/roshanajith/Documents/Products/DarpanAI/mobile/node_modules/@babel/parser/lib/index.js:12767:17)
    at TypeScriptParserMixin.parseStatementListItem (/Users/roshanajith/Documents/Products/DarpanAI/mobile/node_modules/@babel/parser/lib/index.js:12747:17)
    at TypeScriptParserMixin.parseBlockOrModuleBlockBody (/Users/roshanajith/Documents/Products/DarpanAI/mobile/node_modules/@babel/parser/lib/index.js:13316:61)
    at TypeScriptParserMixin.parseBlockBody (/Users/roshanajith/Documents/Products/DarpanAI/mobile/node_modules/@babel/parser/lib/index.js:13309:10)
    at TypeScriptParserMixin.parseBlock (/Users/roshanajith/Documents/Products/DarpanAI/mobile/node_modules/@babel/parser/lib/index.js:13297:10)
    at TypeScriptParserMixin.parseFunctionBody (/Users/roshanajith/Documents/Products/DarpanAI/mobile/node_modules/@babel/parser/lib/index.js:12100:24)
    at TypeScriptParserMixin.parseArrowExpression (/Users/roshanajith/Documents/Products/DarpanAI/mobile/node_modules/@babel/parser/lib/index.js:12075:10)
    at TypeScriptParserMixin.parseParenAndDistinguishExpression (/Users/roshanajith/Documents/Products/DarpanAI/mobile/node_modules/@babel/parser/lib/index.js:11687:12)
    at TypeScriptParserMixin.parseExprAtom (/Users/roshanajith/Documents/Products/DarpanAI/mobile/node_modules/@babel/parser/lib/index.js:11331:23)
    at TypeScriptParserMixin.parseExprSubscripts (/Users/roshanajith/Documents/Products/DarpanAI/mobile/node_modules/@babel/parser/lib/index.js:11081:23)
    at TypeScriptParserMixin.parseUpdate (/Users/roshanajith/Documents/Products/DarpanAI/mobile/node_modules/@babel/parser/lib/index.js:11066:21)
    at TypeScriptParserMixin.parseMaybeUnary (/Users/roshanajith/Documents/Products/DarpanAI/mobile/node_modules/@babel/parser/lib/index.js:11046:23)
    at TypeScriptParserMixin.parseMaybeUnary (/Users/roshanajith/Documents/Products/DarpanAI/mobile/node_modules/@babel/parser/lib/index.js:9837:18)
    at TypeScriptParserMixin.parseMaybeUnaryOrPrivate (/Users/roshanajith/Documents/Products/DarpanAI/mobile/node_modules/@babel/parser/lib/index.js:10899:61)
    at TypeScriptParserMixin.parseExprOps (/Users/roshanajith/Documents/Products/DarpanAI/mobile/node_modules/@babel/parser/lib/index.js:10904:23)
    at TypeScriptParserMixin.parseMaybeConditional (/Users/roshanajith/Documents/Products/DarpanAI/mobile/node_modules/@babel/parser/lib/index.js:10881:23)
    at TypeScriptParserMixin.parseMaybeAssign (/Users/roshanajith/Documents/Products/DarpanAI/mobile/node_modules/@babel/parser/lib/index.js:10831:21)
    at TypeScriptParserMixin.parseMaybeAssign (/Users/roshanajith/Documents/Products/DarpanAI/mobile/node_modules/@babel/parser/lib/index.js:9786:20)
    at /Users/roshanajith/Documents/Products/DarpanAI/mobile/node_modules/@babel/parser/lib/index.js:10800:39
    at TypeScriptParserMixin.allowInAnd (/Users/roshanajith/Documents/Products/DarpanAI/mobile/node_modules/@babel/parser/lib/index.js:12426:12)
    at TypeScriptParserMixin.parseMaybeAssignAllowIn (/Users/roshanajith/Documents/Products/DarpanAI/mobile/node_modules/@babel/parser/lib/index.js:10800:17)
    at TypeScriptParserMixin.parseMaybeAssignAllowInOrVoidPattern (/Users/roshanajith/Documents/Products/DarpanAI/mobile/node_modules/@babel/parser/lib/index.js:12493:17)
    at TypeScriptParserMixin.parseExprListItem (/Users/roshanajith/Documents/Products/DarpanAI/mobile/node_modules/@babel/parser/lib/index.js:12175:18)
    at TypeScriptParserMixin.parseCallExpressionArguments (/Users/roshanajith/Documents/Products/DarpanAI/mobile/node_modules/@babel/parser/lib/index.js:11252:22)
    at TypeScriptParserMixin.parseCoverCallAndAsyncArrowHead (/Users/roshanajith/Documents/Products/DarpanAI/mobile/node_modules/@babel/parser/lib/index.js:11186:29)
    at TypeScriptParserMixin.parseSubscript (/Users/roshanajith/Documents/Products/DarpanAI/mobile/node_modules/@babel/parser/lib/index.js:11120:19)
    at TypeScriptParserMixin.parseSubscript (/Users/roshanajith/Documents/Products/DarpanAI/mobile/node_modules/@babel/parser/lib/index.js:9272:18)
    at TypeScriptParserMixin.parseSubscripts (/Users/roshanajith/Documents/Products/DarpanAI/mobile/node_modules/@babel/parser/lib/index.js:11094:19)
    at TypeScriptParserMixin.parseExprSubscripts (/Users/roshanajith/Documents/Products/DarpanAI/mobile/node_modules/@babel/parser/lib/index.js:11085:17)
    at TypeScriptParserMixin.parseUpdate (/Users/roshanajith/Documents/Products/DarpanAI/mobile/node_modules/@babel/parser/lib/index.js:11066:21)
    at TypeScriptParserMixin.parseMaybeUnary (/Users/roshanajith/Documents/Products/DarpanAI/mobile/node_modules/@babel/parser/lib/index.js:11046:23)
iOS ./index.js ░░░░░░░░░░░░░░░░  0.0% (0/1)
iOS Bundling failed 12ms index.js (1 module)
 ERROR  SyntaxError: /Users/roshanajith/Documents/Products/DarpanAI/mobile/src/services/healthKitCore.ts: Unexpected token (120:13)

  118 |                 heightM: heightM ? Number(heightM.toFixed(2)) : null,
  119 |               });
> 120 |             });
      |              ^
  121 |           });
  122 |         });
  123 |       });
    at constructor (/Users/roshanajith/Documents/Products/DarpanAI/mobile/node_modules/@babel/parser/lib/index.js:365:19)
    at TypeScriptParserMixin.raise (/Users/roshanajith/Documents/Products/DarpanAI/mobile/node_modules/@babel/parser/lib/index.js:6599:19)
    at TypeScriptParserMixin.unexpected (/Users/roshanajith/Documents/Products/DarpanAI/mobile/node_modules/@babel/parser/lib/index.js:6619:16)
    at TypeScriptParserMixin.parseExprAtom (/Users/roshanajith/Documents/Products/DarpanAI/mobile/node_modules/@babel/parser/lib/index.js:11442:22)
    at TypeScriptParserMixin.parseExprSubscripts (/Users/roshanajith/Documents/Products/DarpanAI/mobile/node_modules/@babel/parser/lib/index.js:11081:23)
    at TypeScriptParserMixin.parseUpdate (/Users/roshanajith/Documents/Products/DarpanAI/mobile/node_modules/@babel/parser/lib/index.js:11066:21)
    at TypeScriptParserMixin.parseMaybeUnary (/Users/roshanajith/Documents/Products/DarpanAI/mobile/node_modules/@babel/parser/lib/index.js:11046:23)
    at TypeScriptParserMixin.parseMaybeUnary (/Users/roshanajith/Documents/Products/DarpanAI/mobile/node_modules/@babel/parser/lib/index.js:9837:18)
    at TypeScriptParserMixin.parseMaybeUnaryOrPrivate (/Users/roshanajith/Documents/Products/DarpanAI/mobile/node_modules/@babel/parser/lib/index.js:10899:61)
    at TypeScriptParserMixin.parseExprOps (/Users/roshanajith/Documents/Products/DarpanAI/mobile/node_modules/@babel/parser/lib/index.js:10904:23)
    at TypeScriptParserMixin.parseMaybeConditional (/Users/roshanajith/Documents/Products/DarpanAI/mobile/node_modules/@babel/parser/lib/index.js:10881:23)
    at TypeScriptParserMixin.parseMaybeAssign (/Users/roshanajith/Documents/Products/DarpanAI/mobile/node_modules/@babel/parser/lib/index.js:10831:21)
    at TypeScriptParserMixin.parseMaybeAssign (/Users/roshanajith/Documents/Products/DarpanAI/mobile/node_modules/@babel/parser/lib/index.js:9786:20)
    at TypeScriptParserMixin.parseExpressionBase (/Users/roshanajith/Documents/Products/DarpanAI/mobile/node_modules/@babel/parser/lib/index.js:10784:23)
    at /Users/roshanajith/Documents/Products/DarpanAI/mobile/node_modules/@babel/parser/lib/index.js:10780:39
    at TypeScriptParserMixin.allowInAnd (/Users/roshanajith/Documents/Products/DarpanAI/mobile/node_modules/@babel/parser/lib/index.js:12421:16)
    at TypeScriptParserMixin.parseExpression (/Users/roshanajith/Documents/Products/DarpanAI/mobile/node_modules/@babel/parser/lib/index.js:10780:17)
    at TypeScriptParserMixin.parseStatementContent (/Users/roshanajith/Documents/Products/DarpanAI/mobile/node_modules/@babel/parser/lib/index.js:12895:23)
    at TypeScriptParserMixin.parseStatementContent (/Users/roshanajith/Documents/Products/DarpanAI/mobile/node_modules/@babel/parser/lib/index.js:9508:18)
    at TypeScriptParserMixin.parseStatementLike (/Users/roshanajith/Documents/Products/DarpanAI/mobile/node_modules/@babel/parser/lib/index.js:12767:17)
    at TypeScriptParserMixin.parseStatementListItem (/Users/roshanajith/Documents/Products/DarpanAI/mobile/node_modules/@babel/parser/lib/index.js:12747:17)
    at TypeScriptParserMixin.parseBlockOrModuleBlockBody (/Users/roshanajith/Documents/Products/DarpanAI/mobile/node_modules/@babel/parser/lib/index.js:13316:61)
    at TypeScriptParserMixin.parseBlockBody (/Users/roshanajith/Documents/Products/DarpanAI/mobile/node_modules/@babel/parser/lib/index.js:13309:10)
    at TypeScriptParserMixin.parseBlock (/Users/roshanajith/Documents/Products/DarpanAI/mobile/node_modules/@babel/parser/lib/index.js:13297:10)
    at TypeScriptParserMixin.parseFunctionBody (/Users/roshanajith/Documents/Products/DarpanAI/mobile/node_modules/@babel/parser/lib/index.js:12100:24)
    at TypeScriptParserMixin.parseArrowExpression (/Users/roshanajith/Documents/Products/DarpanAI/mobile/node_modules/@babel/parser/lib/index.js:12075:10)
    at TypeScriptParserMixin.parseParenAndDistinguishExpression (/Users/roshanajith/Documents/Products/DarpanAI/mobile/node_modules/@babel/parser/lib/index.js:11687:12)
    at TypeScriptParserMixin.parseExprAtom (/Users/roshanajith/Documents/Products/DarpanAI/mobile/node_modules/@babel/parser/lib/index.js:11331:23)
    at TypeScriptParserMixin.parseExprSubscripts (/Users/roshanajith/Documents/Products/DarpanAI/mobile/node_modules/@babel/parser/lib/index.js:11081:23)
    at TypeScriptParserMixin.parseUpdate (/Users/roshanajith/Documents/Products/DarpanAI/mobile/node_modules/@babel/parser/lib/index.js:11066:21)
    at TypeScriptParserMixin.parseMaybeUnary (/Users/roshanajith/Documents/Products/DarpanAI/mobile/node_modules/@babel/parser/lib/index.js:11046:23)
    at TypeScriptParserMixin.parseMaybeUnary (/Users/roshanajith/Documents/Products/DarpanAI/mobile/node_modules/@babel/parser/lib/index.js:9837:18)
    at TypeScriptParserMixin.parseMaybeUnaryOrPrivate (/Users/roshanajith/Documents/Products/DarpanAI/mobile/node_modules/@babel/parser/lib/index.js:10899:61)
    at TypeScriptParserMixin.parseExprOps (/Users/roshanajith/Documents/Products/DarpanAI/mobile/node_modules/@babel/parser/lib/index.js:10904:23)
    at TypeScriptParserMixin.parseMaybeConditional (/Users/roshanajith/Documents/Products/DarpanAI/mobile/node_modules/@babel/parser/lib/index.js:10881:23)
    at TypeScriptParserMixin.parseMaybeAssign (/Users/roshanajith/Documents/Products/DarpanAI/mobile/node_modules/@babel/parser/lib/index.js:10831:21)
    at TypeScriptParserMixin.parseMaybeAssign (/Users/roshanajith/Documents/Products/DarpanAI/mobile/node_modules/@babel/parser/lib/index.js:9786:20)
    at /Users/roshanajith/Documents/Products/DarpanAI/mobile/node_modules/@babel/parser/lib/index.js:10800:39
    at TypeScriptParserMixin.allowInAnd (/Users/roshanajith/Documents/Products/DarpanAI/mobile/node_modules/@babel/parser/lib/index.js:12426:12)
    at TypeScriptParserMixin.parseMaybeAssignAllowIn (/Users/roshanajith/Documents/Products/DarpanAI/mobile/node_modules/@babel/parser/lib/index.js:10800:17)
    at TypeScriptParserMixin.parseMaybeAssignAllowInOrVoidPattern (/Users/roshanajith/Documents/Products/DarpanAI/mobile/node_modules/@babel/parser/lib/index.js:12493:17)
    at TypeScriptParserMixin.parseExprListItem (/Users/roshanajith/Documents/Products/DarpanAI/mobile/node_modules/@babel/parser/lib/index.js:12175:18)
    at TypeScriptParserMixin.parseCallExpressionArguments (/Users/roshanajith/Documents/Products/DarpanAI/mobile/node_modules/@babel/parser/lib/index.js:11252:22)
    at TypeScriptParserMixin.parseCoverCallAndAsyncArrowHead (/Users/roshanajith/Documents/Products/DarpanAI/mobile/node_modules/@babel/parser/lib/index.js:11186:29)
    at TypeScriptParserMixin.parseSubscript (/Users/roshanajith/Documents/Products/DarpanAI/mobile/node_modules/@babel/parser/lib/index.js:11120:19)
    at TypeScriptParserMixin.parseSubscript (/Users/roshanajith/Documents/Products/DarpanAI/mobile/node_modules/@babel/parser/lib/index.js:9272:18)
    at TypeScriptParserMixin.parseSubscripts (/Users/roshanajith/Documents/Products/DarpanAI/mobile/node_modules/@babel/parser/lib/index.js:11094:19)
    at TypeScriptParserMixin.parseExprSubscripts (/Users/roshanajith/Documents/Products/DarpanAI/mobile/node_modules/@babel/parser/lib/index.js:11085:17)
    at TypeScriptParserMixin.parseUpdate (/Users/roshanajith/Documents/Products/DarpanAI/mobile/node_modules/@babel/parser/lib/index.js:11066:21)
    at TypeScriptParserMixin.parseMaybeUnary (/Users/roshanajith/Documents/Products/DarpanAI/mobile/node_modules/@babel/parser/lib/index.js:11046:23)
iOS ./index.js ░░░░░░░░░░░░░░░░  0.0% (0/1)
iOS Bundling failed 20ms index.js (1 module)
 ERROR  SyntaxError: /Users/roshanajith/Documents/Products/DarpanAI/mobile/src/services/healthKitCore.ts: Unexpected token (120:13)

  118 |                 heightM: heightM ? Number(heightM.toFixed(2)) : null,
  119 |               });
> 120 |             });
      |              ^
  121 |           });
  122 |         });
  123 |       });
    at constructor (/Users/roshanajith/Documents/Products/DarpanAI/mobile/node_modules/@babel/parser/lib/index.js:365:19)
    at TypeScriptParserMixin.raise (/Users/roshanajith/Documents/Products/DarpanAI/mobile/node_modules/@babel/parser/lib/index.js:6599:19)
    at TypeScriptParserMixin.unexpected (/Users/roshanajith/Documents/Products/DarpanAI/mobile/node_modules/@babel/parser/lib/index.js:6619:16)
    at TypeScriptParserMixin.parseExprAtom (/Users/roshanajith/Documents/Products/DarpanAI/mobile/node_modules/@babel/parser/lib/index.js:11442:22)
    at TypeScriptParserMixin.parseExprSubscripts (/Users/roshanajith/Documents/Products/DarpanAI/mobile/node_modules/@babel/parser/lib/index.js:11081:23)
    at TypeScriptParserMixin.parseUpdate (/Users/roshanajith/Documents/Products/DarpanAI/mobile/node_modules/@babel/parser/lib/index.js:11066:21)
    at TypeScriptParserMixin.parseMaybeUnary (/Users/roshanajith/Documents/Products/DarpanAI/mobile/node_modules/@babel/parser/lib/index.js:11046:23)
    at TypeScriptParserMixin.parseMaybeUnary (/Users/roshanajith/Documents/Products/DarpanAI/mobile/node_modules/@babel/parser/lib/index.js:9837:18)
    at TypeScriptParserMixin.parseMaybeUnaryOrPrivate (/Users/roshanajith/Documents/Products/DarpanAI/mobile/node_modules/@babel/parser/lib/index.js:10899:61)
    at TypeScriptParserMixin.parseExprOps (/Users/roshanajith/Documents/Products/DarpanAI/mobile/node_modules/@babel/parser/lib/index.js:10904:23)
    at TypeScriptParserMixin.parseMaybeConditional (/Users/roshanajith/Documents/Products/DarpanAI/mobile/node_modules/@babel/parser/lib/index.js:10881:23)
    at TypeScriptParserMixin.parseMaybeAssign (/Users/roshanajith/Documents/Products/DarpanAI/mobile/node_modules/@babel/parser/lib/index.js:10831:21)
    at TypeScriptParserMixin.parseMaybeAssign (/Users/roshanajith/Documents/Products/DarpanAI/mobile/node_modules/@babel/parser/lib/index.js:9786:20)
    at TypeScriptParserMixin.parseExpressionBase (/Users/roshanajith/Documents/Products/DarpanAI/mobile/node_modules/@babel/parser/lib/index.js:10784:23)
    at /Users/roshanajith/Documents/Products/DarpanAI/mobile/node_modules/@babel/parser/lib/index.js:10780:39
    at TypeScriptParserMixin.allowInAnd (/Users/roshanajith/Documents/Products/DarpanAI/mobile/node_modules/@babel/parser/lib/index.js:12421:16)
    at TypeScriptParserMixin.parseExpression (/Users/roshanajith/Documents/Products/DarpanAI/mobile/node_modules/@babel/parser/lib/index.js:10780:17)
    at TypeScriptParserMixin.parseStatementContent (/Users/roshanajith/Documents/Products/DarpanAI/mobile/node_modules/@babel/parser/lib/index.js:12895:23)
    at TypeScriptParserMixin.parseStatementContent (/Users/roshanajith/Documents/Products/DarpanAI/mobile/node_modules/@babel/parser/lib/index.js:9508:18)
    at TypeScriptParserMixin.parseStatementLike (/Users/roshanajith/Documents/Products/DarpanAI/mobile/node_modules/@babel/parser/lib/index.js:12767:17)
    at TypeScriptParserMixin.parseStatementListItem (/Users/roshanajith/Documents/Products/DarpanAI/mobile/node_modules/@babel/parser/lib/index.js:12747:17)
    at TypeScriptParserMixin.parseBlockOrModuleBlockBody (/Users/roshanajith/Documents/Products/DarpanAI/mobile/node_modules/@babel/parser/lib/index.js:13316:61)
    at TypeScriptParserMixin.parseBlockBody (/Users/roshanajith/Documents/Products/DarpanAI/mobile/node_modules/@babel/parser/lib/index.js:13309:10)
    at TypeScriptParserMixin.parseBlock (/Users/roshanajith/Documents/Products/DarpanAI/mobile/node_modules/@babel/parser/lib/index.js:13297:10)
    at TypeScriptParserMixin.parseFunctionBody (/Users/roshanajith/Documents/Products/DarpanAI/mobile/node_modules/@babel/parser/lib/index.js:12100:24)
    at TypeScriptParserMixin.parseArrowExpression (/Users/roshanajith/Documents/Products/DarpanAI/mobile/node_modules/@babel/parser/lib/index.js:12075:10)
    at TypeScriptParserMixin.parseParenAndDistinguishExpression (/Users/roshanajith/Documents/Products/DarpanAI/mobile/node_modules/@babel/parser/lib/index.js:11687:12)
    at TypeScriptParserMixin.parseExprAtom (/Users/roshanajith/Documents/Products/DarpanAI/mobile/node_modules/@babel/parser/lib/index.js:11331:23)
    at TypeScriptParserMixin.parseExprSubscripts (/Users/roshanajith/Documents/Products/DarpanAI/mobile/node_modules/@babel/parser/lib/index.js:11081:23)
    at TypeScriptParserMixin.parseUpdate (/Users/roshanajith/Documents/Products/DarpanAI/mobile/node_modules/@babel/parser/lib/index.js:11066:21)
    at TypeScriptParserMixin.parseMaybeUnary (/Users/roshanajith/Documents/Products/DarpanAI/mobile/node_modules/@babel/parser/lib/index.js:11046:23)
    at TypeScriptParserMixin.parseMaybeUnary (/Users/roshanajith/Documents/Products/DarpanAI/mobile/node_modules/@babel/parser/lib/index.js:9837:18)
    at TypeScriptParserMixin.parseMaybeUnaryOrPrivate (/Users/roshanajith/Documents/Products/DarpanAI/mobile/node_modules/@babel/parser/lib/index.js:10899:61)
    at TypeScriptParserMixin.parseExprOps (/Users/roshanajith/Documents/Products/DarpanAI/mobile/node_modules/@babel/parser/lib/index.js:10904:23)
    at TypeScriptParserMixin.parseMaybeConditional (/Users/roshanajith/Documents/Products/DarpanAI/mobile/node_modules/@babel/parser/lib/index.js:10881:23)
    at TypeScriptParserMixin.parseMaybeAssign (/Users/roshanajith/Documents/Products/DarpanAI/mobile/node_modules/@babel/parser/lib/index.js:10831:21)
    at TypeScriptParserMixin.parseMaybeAssign (/Users/roshanajith/Documents/Products/DarpanAI/mobile/node_modules/@babel/parser/lib/index.js:9786:20)
    at /Users/roshanajith/Documents/Products/DarpanAI/mobile/node_modules/@babel/parser/lib/index.js:10800:39
    at TypeScriptParserMixin.allowInAnd (/Users/roshanajith/Documents/Products/DarpanAI/mobile/node_modules/@babel/parser/lib/index.js:12426:12)
    at TypeScriptParserMixin.parseMaybeAssignAllowIn (/Users/roshanajith/Documents/Products/DarpanAI/mobile/node_modules/@babel/parser/lib/index.js:10800:17)
    at TypeScriptParserMixin.parseMaybeAssignAllowInOrVoidPattern (/Users/roshanajith/Documents/Products/DarpanAI/mobile/node_modules/@babel/parser/lib/index.js:12493:17)
    at TypeScriptParserMixin.parseExprListItem (/Users/roshanajith/Documents/Products/DarpanAI/mobile/node_modules/@babel/parser/lib/index.js:12175:18)
    at TypeScriptParserMixin.parseCallExpressionArguments (/Users/roshanajith/Documents/Products/DarpanAI/mobile/node_modules/@babel/parser/lib/index.js:11252:22)
    at TypeScriptParserMixin.parseCoverCallAndAsyncArrowHead (/Users/roshanajith/Documents/Products/DarpanAI/mobile/node_modules/@babel/parser/lib/index.js:11186:29)
    at TypeScriptParserMixin.parseSubscript (/Users/roshanajith/Documents/Products/DarpanAI/mobile/node_modules/@babel/parser/lib/index.js:11120:19)
    at TypeScriptParserMixin.parseSubscript (/Users/roshanajith/Documents/Products/DarpanAI/mobile/node_modules/@babel/parser/lib/index.js:9272:18)
    at TypeScriptParserMixin.parseSubscripts (/Users/roshanajith/Documents/Products/DarpanAI/mobile/node_modules/@babel/parser/lib/index.js:11094:19)
    at TypeScriptParserMixin.parseExprSubscripts (/Users/roshanajith/Documents/Products/DarpanAI/mobile/node_modules/@babel/parser/lib/index.js:11085:17)
    at TypeScriptParserMixin.parseUpdate (/Users/roshanajith/Documents/Products/DarpanAI/mobile/node_modules/@babel/parser/lib/index.js:11066:21)
    at TypeScriptParserMixin.parseMaybeUnary (/Users/roshanajith/Documents/Products/DarpanAI/mobile/node_modules/@babel/parser/lib/index.js:11046:23)
iOS Bundling failed 12ms index.js (1 module)
 ERROR  SyntaxError: /Users/roshanajith/Documents/Products/DarpanAI/mobile/src/services/healthKitCore.ts: Unexpected token (120:13)

  118 |                 heightM: heightM ? Number(heightM.toFixed(2)) : null,
  119 |               });
> 120 |             });
      |              ^
  121 |           });
  122 |         });
  123 |       });
    at constructor (/Users/roshanajith/Documents/Products/DarpanAI/mobile/node_modules/@babel/parser/lib/index.js:365:19)
    at TypeScriptParserMixin.raise (/Users/roshanajith/Documents/Products/DarpanAI/mobile/node_modules/@babel/parser/lib/index.js:6599:19)
    at TypeScriptParserMixin.unexpected (/Users/roshanajith/Documents/Products/DarpanAI/mobile/node_modules/@babel/parser/lib/index.js:6619:16)
    at TypeScriptParserMixin.parseExprAtom (/Users/roshanajith/Documents/Products/DarpanAI/mobile/node_modules/@babel/parser/lib/index.js:11442:22)
    at TypeScriptParserMixin.parseExprSubscripts (/Users/roshanajith/Documents/Products/DarpanAI/mobile/node_modules/@babel/parser/lib/index.js:11081:23)
    at TypeScriptParserMixin.parseUpdate (/Users/roshanajith/Documents/Products/DarpanAI/mobile/node_modules/@babel/parser/lib/index.js:11066:21)
    at TypeScriptParserMixin.parseMaybeUnary (/Users/roshanajith/Documents/Products/DarpanAI/mobile/node_modules/@babel/parser/lib/index.js:11046:23)
    at TypeScriptParserMixin.parseMaybeUnary (/Users/roshanajith/Documents/Products/DarpanAI/mobile/node_modules/@babel/parser/lib/index.js:9837:18)
    at TypeScriptParserMixin.parseMaybeUnaryOrPrivate (/Users/roshanajith/Documents/Products/DarpanAI/mobile/node_modules/@babel/parser/lib/index.js:10899:61)
    at TypeScriptParserMixin.parseExprOps (/Users/roshanajith/Documents/Products/DarpanAI/mobile/node_modules/@babel/parser/lib/index.js:10904:23)
    at TypeScriptParserMixin.parseMaybeConditional (/Users/roshanajith/Documents/Products/DarpanAI/mobile/node_modules/@babel/parser/lib/index.js:10881:23)
    at TypeScriptParserMixin.parseMaybeAssign (/Users/roshanajith/Documents/Products/DarpanAI/mobile/node_modules/@babel/parser/lib/index.js:10831:21)
    at TypeScriptParserMixin.parseMaybeAssign (/Users/roshanajith/Documents/Products/DarpanAI/mobile/node_modules/@babel/parser/lib/index.js:9786:20)
    at TypeScriptParserMixin.parseExpressionBase (/Users/roshanajith/Documents/Products/DarpanAI/mobile/node_modules/@babel/parser/lib/index.js:10784:23)
    at /Users/roshanajith/Documents/Products/DarpanAI/mobile/node_modules/@babel/parser/lib/index.js:10780:39
    at TypeScriptParserMixin.allowInAnd (/Users/roshanajith/Documents/Products/DarpanAI/mobile/node_modules/@babel/parser/lib/index.js:12421:16)
    at TypeScriptParserMixin.parseExpression (/Users/roshanajith/Documents/Products/DarpanAI/mobile/node_modules/@babel/parser/lib/index.js:10780:17)
    at TypeScriptParserMixin.parseStatementContent (/Users/roshanajith/Documents/Products/DarpanAI/mobile/node_modules/@babel/parser/lib/index.js:12895:23)
    at TypeScriptParserMixin.parseStatementContent (/Users/roshanajith/Documents/Products/DarpanAI/mobile/node_modules/@babel/parser/lib/index.js:9508:18)
    at TypeScriptParserMixin.parseStatementLike (/Users/roshanajith/Documents/Products/DarpanAI/mobile/node_modules/@babel/parser/lib/index.js:12767:17)
    at TypeScriptParserMixin.parseStatementListItem (/Users/roshanajith/Documents/Products/DarpanAI/mobile/node_modules/@babel/parser/lib/index.js:12747:17)
    at TypeScriptParserMixin.parseBlockOrModuleBlockBody (/Users/roshanajith/Documents/Products/DarpanAI/mobile/node_modules/@babel/parser/lib/index.js:13316:61)
    at TypeScriptParserMixin.parseBlockBody (/Users/roshanajith/Documents/Products/DarpanAI/mobile/node_modules/@babel/parser/lib/index.js:13309:10)
    at TypeScriptParserMixin.parseBlock (/Users/roshanajith/Documents/Products/DarpanAI/mobile/node_modules/@babel/parser/lib/index.js:13297:10)
    at TypeScriptParserMixin.parseFunctionBody (/Users/roshanajith/Documents/Products/DarpanAI/mobile/node_modules/@babel/parser/lib/index.js:12100:24)
    at TypeScriptParserMixin.parseArrowExpression (/Users/roshanajith/Documents/Products/DarpanAI/mobile/node_modules/@babel/parser/lib/index.js:12075:10)
    at TypeScriptParserMixin.parseParenAndDistinguishExpression (/Users/roshanajith/Documents/Products/DarpanAI/mobile/node_modules/@babel/parser/lib/index.js:11687:12)
    at TypeScriptParserMixin.parseExprAtom (/Users/roshanajith/Documents/Products/DarpanAI/mobile/node_modules/@babel/parser/lib/index.js:11331:23)
    at TypeScriptParserMixin.parseExprSubscripts (/Users/roshanajith/Documents/Products/DarpanAI/mobile/node_modules/@babel/parser/lib/index.js:11081:23)
    at TypeScriptParserMixin.parseUpdate (/Users/roshanajith/Documents/Products/DarpanAI/mobile/node_modules/@babel/parser/lib/index.js:11066:21)
    at TypeScriptParserMixin.parseMaybeUnary (/Users/roshanajith/Documents/Products/DarpanAI/mobile/node_modules/@babel/parser/lib/index.js:11046:23)
    at TypeScriptParserMixin.parseMaybeUnary (/Users/roshanajith/Documents/Products/DarpanAI/mobile/node_modules/@babel/parser/lib/index.js:9837:18)
    at TypeScriptParserMixin.parseMaybeUnaryOrPrivate (/Users/roshanajith/Documents/Products/DarpanAI/mobile/node_modules/@babel/parser/lib/index.js:10899:61)
    at TypeScriptParserMixin.parseExprOps (/Users/roshanajith/Documents/Products/DarpanAI/mobile/node_modules/@babel/parser/lib/index.js:10904:23)
    at TypeScriptParserMixin.parseMaybeConditional (/Users/roshanajith/Documents/Products/DarpanAI/mobile/node_modules/@babel/parser/lib/index.js:10881:23)
    at TypeScriptParserMixin.parseMaybeAssign (/Users/roshanajith/Documents/Products/DarpanAI/mobile/node_modules/@babel/parser/lib/index.js:10831:21)
    at TypeScriptParserMixin.parseMaybeAssign (/Users/roshanajith/Documents/Products/DarpanAI/mobile/node_modules/@babel/parser/lib/index.js:9786:20)
    at /Users/roshanajith/Documents/Products/DarpanAI/mobile/node_modules/@babel/parser/lib/index.js:10800:39
    at TypeScriptParserMixin.allowInAnd (/Users/roshanajith/Documents/Products/DarpanAI/mobile/node_modules/@babel/parser/lib/index.js:12426:12)
    at TypeScriptParserMixin.parseMaybeAssignAllowIn (/Users/roshanajith/Documents/Products/DarpanAI/mobile/node_modules/@babel/parser/lib/index.js:10800:17)
    at TypeScriptParserMixin.parseMaybeAssignAllowInOrVoidPattern (/Users/roshanajith/Documents/Products/DarpanAI/mobile/node_modules/@babel/parser/lib/index.js:12493:17)
    at TypeScriptParserMixin.parseExprListItem (/Users/roshanajith/Documents/Products/DarpanAI/mobile/node_modules/@babel/parser/lib/index.js:12175:18)
    at TypeScriptParserMixin.parseCallExpressionArguments (/Users/roshanajith/Documents/Products/DarpanAI/mobile/node_modules/@babel/parser/lib/index.js:11252:22)
    at TypeScriptParserMixin.parseCoverCallAndAsyncArrowHead (/Users/roshanajith/Documents/Products/DarpanAI/mobile/node_modules/@babel/parser/lib/index.js:11186:29)
    at TypeScriptParserMixin.parseSubscript (/Users/roshanajith/Documents/Products/DarpanAI/mobile/node_modules/@babel/parser/lib/index.js:11120:19)
    at TypeScriptParserMixin.parseSubscript (/Users/roshanajith/Documents/Products/DarpanAI/mobile/node_modules/@babel/parser/lib/index.js:9272:18)
    at TypeScriptParserMixin.parseSubscripts (/Users/roshanajith/Documents/Products/DarpanAI/mobile/node_modules/@babel/parser/lib/index.js:11094:19)
    at TypeScriptParserMixin.parseExprSubscripts (/Users/roshanajith/Documents/Products/DarpanAI/mobile/node_modules/@babel/parser/lib/index.js:11085:17)
    at TypeScriptParserMixin.parseUpdate (/Users/roshanajith/Documents/Products/DarpanAI/mobile/node_modules/@babel/parser/lib/index.js:11066:21)
    at TypeScriptParserMixin.parseMaybeUnary (/Users/roshanajith/Documents/Products/DarpanAI/mobile/node_modules/@babel/parser/lib/index.js:11046:23)
iOS Bundling failed 10ms index.js (1 module)
 ERROR  SyntaxError: /Users/roshanajith/Documents/Products/DarpanAI/mobile/src/services/healthKitCore.ts: Unexpected token (120:13)

  118 |                 heightM: heightM ? Number(heightM.toFixed(2)) : null,
  119 |               });
> 120 |             });
      |              ^
  121 |           });
  122 |         });
  123 |       });
    at constructor (/Users/roshanajith/Documents/Products/DarpanAI/mobile/node_modules/@babel/parser/lib/index.js:365:19)
    at TypeScriptParserMixin.raise (/Users/roshanajith/Documents/Products/DarpanAI/mobile/node_modules/@babel/parser/lib/index.js:6599:19)
    at TypeScriptParserMixin.unexpected (/Users/roshanajith/Documents/Products/DarpanAI/mobile/node_modules/@babel/parser/lib/index.js:6619:16)
    at TypeScriptParserMixin.parseExprAtom (/Users/roshanajith/Documents/Products/DarpanAI/mobile/node_modules/@babel/parser/lib/index.js:11442:22)
    at TypeScriptParserMixin.parseExprSubscripts (/Users/roshanajith/Documents/Products/DarpanAI/mobile/node_modules/@babel/parser/lib/index.js:11081:23)
    at TypeScriptParserMixin.parseUpdate (/Users/roshanajith/Documents/Products/DarpanAI/mobile/node_modules/@babel/parser/lib/index.js:11066:21)
    at TypeScriptParserMixin.parseMaybeUnary (/Users/roshanajith/Documents/Products/DarpanAI/mobile/node_modules/@babel/parser/lib/index.js:11046:23)
    at TypeScriptParserMixin.parseMaybeUnary (/Users/roshanajith/Documents/Products/DarpanAI/mobile/node_modules/@babel/parser/lib/index.js:9837:18)
    at TypeScriptParserMixin.parseMaybeUnaryOrPrivate (/Users/roshanajith/Documents/Products/DarpanAI/mobile/node_modules/@babel/parser/lib/index.js:10899:61)
    at TypeScriptParserMixin.parseExprOps (/Users/roshanajith/Documents/Products/DarpanAI/mobile/node_modules/@babel/parser/lib/index.js:10904:23)
    at TypeScriptParserMixin.parseMaybeConditional (/Users/roshanajith/Documents/Products/DarpanAI/mobile/node_modules/@babel/parser/lib/index.js:10881:23)
    at TypeScriptParserMixin.parseMaybeAssign (/Users/roshanajith/Documents/Products/DarpanAI/mobile/node_modules/@babel/parser/lib/index.js:10831:21)
    at TypeScriptParserMixin.parseMaybeAssign (/Users/roshanajith/Documents/Products/DarpanAI/mobile/node_modules/@babel/parser/lib/index.js:9786:20)
    at TypeScriptParserMixin.parseExpressionBase (/Users/roshanajith/Documents/Products/DarpanAI/mobile/node_modules/@babel/parser/lib/index.js:10784:23)
    at /Users/roshanajith/Documents/Products/DarpanAI/mobile/node_modules/@babel/parser/lib/index.js:10780:39
    at TypeScriptParserMixin.allowInAnd (/Users/roshanajith/Documents/Products/DarpanAI/mobile/node_modules/@babel/parser/lib/index.js:12421:16)
    at TypeScriptParserMixin.parseExpression (/Users/roshanajith/Documents/Products/DarpanAI/mobile/node_modules/@babel/parser/lib/index.js:10780:17)
    at TypeScriptParserMixin.parseStatementContent (/Users/roshanajith/Documents/Products/DarpanAI/mobile/node_modules/@babel/parser/lib/index.js:12895:23)
    at TypeScriptParserMixin.parseStatementContent (/Users/roshanajith/Documents/Products/DarpanAI/mobile/node_modules/@babel/parser/lib/index.js:9508:18)
    at TypeScriptParserMixin.parseStatementLike (/Users/roshanajith/Documents/Products/DarpanAI/mobile/node_modules/@babel/parser/lib/index.js:12767:17)
    at TypeScriptParserMixin.parseStatementListItem (/Users/roshanajith/Documents/Products/DarpanAI/mobile/node_modules/@babel/parser/lib/index.js:12747:17)
    at TypeScriptParserMixin.parseBlockOrModuleBlockBody (/Users/roshanajith/Documents/Products/DarpanAI/mobile/node_modules/@babel/parser/lib/index.js:13316:61)
    at TypeScriptParserMixin.parseBlockBody (/Users/roshanajith/Documents/Products/DarpanAI/mobile/node_modules/@babel/parser/lib/index.js:13309:10)
    at TypeScriptParserMixin.parseBlock (/Users/roshanajith/Documents/Products/DarpanAI/mobile/node_modules/@babel/parser/lib/index.js:13297:10)
    at TypeScriptParserMixin.parseFunctionBody (/Users/roshanajith/Documents/Products/DarpanAI/mobile/node_modules/@babel/parser/lib/index.js:12100:24)
    at TypeScriptParserMixin.parseArrowExpression (/Users/roshanajith/Documents/Products/DarpanAI/mobile/node_modules/@babel/parser/lib/index.js:12075:10)
    at TypeScriptParserMixin.parseParenAndDistinguishExpression (/Users/roshanajith/Documents/Products/DarpanAI/mobile/node_modules/@babel/parser/lib/index.js:11687:12)
    at TypeScriptParserMixin.parseExprAtom (/Users/roshanajith/Documents/Products/DarpanAI/mobile/node_modules/@babel/parser/lib/index.js:11331:23)
    at TypeScriptParserMixin.parseExprSubscripts (/Users/roshanajith/Documents/Products/DarpanAI/mobile/node_modules/@babel/parser/lib/index.js:11081:23)
    at TypeScriptParserMixin.parseUpdate (/Users/roshanajith/Documents/Products/DarpanAI/mobile/node_modules/@babel/parser/lib/index.js:11066:21)
    at TypeScriptParserMixin.parseMaybeUnary (/Users/roshanajith/Documents/Products/DarpanAI/mobile/node_modules/@babel/parser/lib/index.js:11046:23)
    at TypeScriptParserMixin.parseMaybeUnary (/Users/roshanajith/Documents/Products/DarpanAI/mobile/node_modules/@babel/parser/lib/index.js:9837:18)
    at TypeScriptParserMixin.parseMaybeUnaryOrPrivate (/Users/roshanajith/Documents/Products/DarpanAI/mobile/node_modules/@babel/parser/lib/index.js:10899:61)
    at TypeScriptParserMixin.parseExprOps (/Users/roshanajith/Documents/Products/DarpanAI/mobile/node_modules/@babel/parser/lib/index.js:10904:23)
    at TypeScriptParserMixin.parseMaybeConditional (/Users/roshanajith/Documents/Products/DarpanAI/mobile/node_modules/@babel/parser/lib/index.js:10881:23)
    at TypeScriptParserMixin.parseMaybeAssign (/Users/roshanajith/Documents/Products/DarpanAI/mobile/node_modules/@babel/parser/lib/index.js:10831:21)
    at TypeScriptParserMixin.parseMaybeAssign (/Users/roshanajith/Documents/Products/DarpanAI/mobile/node_modules/@babel/parser/lib/index.js:9786:20)
    at /Users/roshanajith/Documents/Products/DarpanAI/mobile/node_modules/@babel/parser/lib/index.js:10800:39
    at TypeScriptParserMixin.allowInAnd (/Users/roshanajith/Documents/Products/DarpanAI/mobile/node_modules/@babel/parser/lib/index.js:12426:12)
    at TypeScriptParserMixin.parseMaybeAssignAllowIn (/Users/roshanajith/Documents/Products/DarpanAI/mobile/node_modules/@babel/parser/lib/index.js:10800:17)
    at TypeScriptParserMixin.parseMaybeAssignAllowInOrVoidPattern (/Users/roshanajith/Documents/Products/DarpanAI/mobile/node_modules/@babel/parser/lib/index.js:12493:17)
    at TypeScriptParserMixin.parseExprListItem (/Users/roshanajith/Documents/Products/DarpanAI/mobile/node_modules/@babel/parser/lib/index.js:12175:18)
    at TypeScriptParserMixin.parseCallExpressionArguments (/Users/roshanajith/Documents/Products/DarpanAI/mobile/node_modules/@babel/parser/lib/index.js:11252:22)
    at TypeScriptParserMixin.parseCoverCallAndAsyncArrowHead (/Users/roshanajith/Documents/Products/DarpanAI/mobile/node_modules/@babel/parser/lib/index.js:11186:29)
    at TypeScriptParserMixin.parseSubscript (/Users/roshanajith/Documents/Products/DarpanAI/mobile/node_modules/@babel/parser/lib/index.js:11120:19)
    at TypeScriptParserMixin.parseSubscript (/Users/roshanajith/Documents/Products/DarpanAI/mobile/node_modules/@babel/parser/lib/index.js:9272:18)
    at TypeScriptParserMixin.parseSubscripts (/Users/roshanajith/Documents/Products/DarpanAI/mobile/node_modules/@babel/parser/lib/index.js:11094:19)
    at TypeScriptParserMixin.parseExprSubscripts (/Users/roshanajith/Documents/Products/DarpanAI/mobile/node_modules/@babel/parser/lib/index.js:11085:17)
    at TypeScriptParserMixin.parseUpdate (/Users/roshanajith/Documents/Products/DarpanAI/mobile/node_modules/@babel/parser/lib/index.js:11066:21)
    at TypeScriptParserMixin.parseMaybeUnary (/Users/roshanajith/Documents/Products/DarpanAI/mobile/node_modules/@babel/parser/lib/index.js:11046:23)
iOS ./index.js ░░░░░░░░░░░░░░░░  0.0% (0/1)
iOS Bundling failed 13ms index.js (1 module)
 ERROR  SyntaxError: /Users/roshanajith/Documents/Products/DarpanAI/mobile/src/services/healthKitCore.ts: Unexpected token (120:13)

  118 |                 heightM: heightM ? Number(heightM.toFixed(2)) : null,
  119 |               });
> 120 |             });
      |              ^
  121 |           });
  122 |         });
  123 |       });
    at constructor (/Users/roshanajith/Documents/Products/DarpanAI/mobile/node_modules/@babel/parser/lib/index.js:365:19)
    at TypeScriptParserMixin.raise (/Users/roshanajith/Documents/Products/DarpanAI/mobile/node_modules/@babel/parser/lib/index.js:6599:19)
    at TypeScriptParserMixin.unexpected (/Users/roshanajith/Documents/Products/DarpanAI/mobile/node_modules/@babel/parser/lib/index.js:6619:16)
    at TypeScriptParserMixin.parseExprAtom (/Users/roshanajith/Documents/Products/DarpanAI/mobile/node_modules/@babel/parser/lib/index.js:11442:22)
    at TypeScriptParserMixin.parseExprSubscripts (/Users/roshanajith/Documents/Products/DarpanAI/mobile/node_modules/@babel/parser/lib/index.js:11081:23)
    at TypeScriptParserMixin.parseUpdate (/Users/roshanajith/Documents/Products/DarpanAI/mobile/node_modules/@babel/parser/lib/index.js:11066:21)
    at TypeScriptParserMixin.parseMaybeUnary (/Users/roshanajith/Documents/Products/DarpanAI/mobile/node_modules/@babel/parser/lib/index.js:11046:23)
    at TypeScriptParserMixin.parseMaybeUnary (/Users/roshanajith/Documents/Products/DarpanAI/mobile/node_modules/@babel/parser/lib/index.js:9837:18)
    at TypeScriptParserMixin.parseMaybeUnaryOrPrivate (/Users/roshanajith/Documents/Products/DarpanAI/mobile/node_modules/@babel/parser/lib/index.js:10899:61)
    at TypeScriptParserMixin.parseExprOps (/Users/roshanajith/Documents/Products/DarpanAI/mobile/node_modules/@babel/parser/lib/index.js:10904:23)
    at TypeScriptParserMixin.parseMaybeConditional (/Users/roshanajith/Documents/Products/DarpanAI/mobile/node_modules/@babel/parser/lib/index.js:10881:23)
    at TypeScriptParserMixin.parseMaybeAssign (/Users/roshanajith/Documents/Products/DarpanAI/mobile/node_modules/@babel/parser/lib/index.js:10831:21)
    at TypeScriptParserMixin.parseMaybeAssign (/Users/roshanajith/Documents/Products/DarpanAI/mobile/node_modules/@babel/parser/lib/index.js:9786:20)
    at TypeScriptParserMixin.parseExpressionBase (/Users/roshanajith/Documents/Products/DarpanAI/mobile/node_modules/@babel/parser/lib/index.js:10784:23)
    at /Users/roshanajith/Documents/Products/DarpanAI/mobile/node_modules/@babel/parser/lib/index.js:10780:39
    at TypeScriptParserMixin.allowInAnd (/Users/roshanajith/Documents/Products/DarpanAI/mobile/node_modules/@babel/parser/lib/index.js:12421:16)
    at TypeScriptParserMixin.parseExpression (/Users/roshanajith/Documents/Products/DarpanAI/mobile/node_modules/@babel/parser/lib/index.js:10780:17)
    at TypeScriptParserMixin.parseStatementContent (/Users/roshanajith/Documents/Products/DarpanAI/mobile/node_modules/@babel/parser/lib/index.js:12895:23)
    at TypeScriptParserMixin.parseStatementContent (/Users/roshanajith/Documents/Products/DarpanAI/mobile/node_modules/@babel/parser/lib/index.js:9508:18)
    at TypeScriptParserMixin.parseStatementLike (/Users/roshanajith/Documents/Products/DarpanAI/mobile/node_modules/@babel/parser/lib/index.js:12767:17)
    at TypeScriptParserMixin.parseStatementListItem (/Users/roshanajith/Documents/Products/DarpanAI/mobile/node_modules/@babel/parser/lib/index.js:12747:17)
    at TypeScriptParserMixin.parseBlockOrModuleBlockBody (/Users/roshanajith/Documents/Products/DarpanAI/mobile/node_modules/@babel/parser/lib/index.js:13316:61)
    at TypeScriptParserMixin.parseBlockBody (/Users/roshanajith/Documents/Products/DarpanAI/mobile/node_modules/@babel/parser/lib/index.js:13309:10)
    at TypeScriptParserMixin.parseBlock (/Users/roshanajith/Documents/Products/DarpanAI/mobile/node_modules/@babel/parser/lib/index.js:13297:10)
    at TypeScriptParserMixin.parseFunctionBody (/Users/roshanajith/Documents/Products/DarpanAI/mobile/node_modules/@babel/parser/lib/index.js:12100:24)
    at TypeScriptParserMixin.parseArrowExpression (/Users/roshanajith/Documents/Products/DarpanAI/mobile/node_modules/@babel/parser/lib/index.js:12075:10)
    at TypeScriptParserMixin.parseParenAndDistinguishExpression (/Users/roshanajith/Documents/Products/DarpanAI/mobile/node_modules/@babel/parser/lib/index.js:11687:12)
    at TypeScriptParserMixin.parseExprAtom (/Users/roshanajith/Documents/Products/DarpanAI/mobile/node_modules/@babel/parser/lib/index.js:11331:23)
    at TypeScriptParserMixin.parseExprSubscripts (/Users/roshanajith/Documents/Products/DarpanAI/mobile/node_modules/@babel/parser/lib/index.js:11081:23)
    at TypeScriptParserMixin.parseUpdate (/Users/roshanajith/Documents/Products/DarpanAI/mobile/node_modules/@babel/parser/lib/index.js:11066:21)
    at TypeScriptParserMixin.parseMaybeUnary (/Users/roshanajith/Documents/Products/DarpanAI/mobile/node_modules/@babel/parser/lib/index.js:11046:23)
    at TypeScriptParserMixin.parseMaybeUnary (/Users/roshanajith/Documents/Products/DarpanAI/mobile/node_modules/@babel/parser/lib/index.js:9837:18)
    at TypeScriptParserMixin.parseMaybeUnaryOrPrivate (/Users/roshanajith/Documents/Products/DarpanAI/mobile/node_modules/@babel/parser/lib/index.js:10899:61)
    at TypeScriptParserMixin.parseExprOps (/Users/roshanajith/Documents/Products/DarpanAI/mobile/node_modules/@babel/parser/lib/index.js:10904:23)
    at TypeScriptParserMixin.parseMaybeConditional (/Users/roshanajith/Documents/Products/DarpanAI/mobile/node_modules/@babel/parser/lib/index.js:10881:23)
    at TypeScriptParserMixin.parseMaybeAssign (/Users/roshanajith/Documents/Products/DarpanAI/mobile/node_modules/@babel/parser/lib/index.js:10831:21)
    at TypeScriptParserMixin.parseMaybeAssign (/Users/roshanajith/Documents/Products/DarpanAI/mobile/node_modules/@babel/parser/lib/index.js:9786:20)
    at /Users/roshanajith/Documents/Products/DarpanAI/mobile/node_modules/@babel/parser/lib/index.js:10800:39
    at TypeScriptParserMixin.allowInAnd (/Users/roshanajith/Documents/Products/DarpanAI/mobile/node_modules/@babel/parser/lib/index.js:12426:12)
    at TypeScriptParserMixin.parseMaybeAssignAllowIn (/Users/roshanajith/Documents/Products/DarpanAI/mobile/node_modules/@babel/parser/lib/index.js:10800:17)
    at TypeScriptParserMixin.parseMaybeAssignAllowInOrVoidPattern (/Users/roshanajith/Documents/Products/DarpanAI/mobile/node_modules/@babel/parser/lib/index.js:12493:17)
    at TypeScriptParserMixin.parseExprListItem (/Users/roshanajith/Documents/Products/DarpanAI/mobile/node_modules/@babel/parser/lib/index.js:12175:18)
    at TypeScriptParserMixin.parseCallExpressionArguments (/Users/roshanajith/Documents/Products/DarpanAI/mobile/node_modules/@babel/parser/lib/index.js:11252:22)
    at TypeScriptParserMixin.parseCoverCallAndAsyncArrowHead (/Users/roshanajith/Documents/Products/DarpanAI/mobile/node_modules/@babel/parser/lib/index.js:11186:29)
    at TypeScriptParserMixin.parseSubscript (/Users/roshanajith/Documents/Products/DarpanAI/mobile/node_modules/@babel/parser/lib/index.js:11120:19)
    at TypeScriptParserMixin.parseSubscript (/Users/roshanajith/Documents/Products/DarpanAI/mobile/node_modules/@babel/parser/lib/index.js:9272:18)
    at TypeScriptParserMixin.parseSubscripts (/Users/roshanajith/Documents/Products/DarpanAI/mobile/node_modules/@babel/parser/lib/index.js:11094:19)
    at TypeScriptParserMixin.parseExprSubscripts (/Users/roshanajith/Documents/Products/DarpanAI/mobile/node_modules/@babel/parser/lib/index.js:11085:17)
    at TypeScriptParserMixin.parseUpdate (/Users/roshanajith/Documents/Products/DarpanAI/mobile/node_modules/@babel/parser/lib/index.js:11066:21)
    at TypeScriptParserMixin.parseMaybeUnary (/Users/roshanajith/Documents/Products/DarpanAI/mobile/node_modules/@babel/parser/lib/index.js:11046:23)
iOS Bundling failed 10ms index.js (1 module)
 ERROR  SyntaxError: /Users/roshanajith/Documents/Products/DarpanAI/mobile/src/services/healthKitCore.ts: Unexpected token (120:13)

  118 |                 heightM: heightM ? Number(heightM.toFixed(2)) : null,
  119 |               });
> 120 |             });
      |              ^
  121 |           });
  122 |         });
  123 |       });
    at constructor (/Users/roshanajith/Documents/Products/DarpanAI/mobile/node_modules/@babel/parser/lib/index.js:365:19)
    at TypeScriptParserMixin.raise (/Users/roshanajith/Documents/Products/DarpanAI/mobile/node_modules/@babel/parser/lib/index.js:6599:19)
    at TypeScriptParserMixin.unexpected (/Users/roshanajith/Documents/Products/DarpanAI/mobile/node_modules/@babel/parser/lib/index.js:6619:16)
    at TypeScriptParserMixin.parseExprAtom (/Users/roshanajith/Documents/Products/DarpanAI/mobile/node_modules/@babel/parser/lib/index.js:11442:22)
    at TypeScriptParserMixin.parseExprSubscripts (/Users/roshanajith/Documents/Products/DarpanAI/mobile/node_modules/@babel/parser/lib/index.js:11081:23)
    at TypeScriptParserMixin.parseUpdate (/Users/roshanajith/Documents/Products/DarpanAI/mobile/node_modules/@babel/parser/lib/index.js:11066:21)
    at TypeScriptParserMixin.parseMaybeUnary (/Users/roshanajith/Documents/Products/DarpanAI/mobile/node_modules/@babel/parser/lib/index.js:11046:23)
    at TypeScriptParserMixin.parseMaybeUnary (/Users/roshanajith/Documents/Products/DarpanAI/mobile/node_modules/@babel/parser/lib/index.js:9837:18)
    at TypeScriptParserMixin.parseMaybeUnaryOrPrivate (/Users/roshanajith/Documents/Products/DarpanAI/mobile/node_modules/@babel/parser/lib/index.js:10899:61)
    at TypeScriptParserMixin.parseExprOps (/Users/roshanajith/Documents/Products/DarpanAI/mobile/node_modules/@babel/parser/lib/index.js:10904:23)
    at TypeScriptParserMixin.parseMaybeConditional (/Users/roshanajith/Documents/Products/DarpanAI/mobile/node_modules/@babel/parser/lib/index.js:10881:23)
    at TypeScriptParserMixin.parseMaybeAssign (/Users/roshanajith/Documents/Products/DarpanAI/mobile/node_modules/@babel/parser/lib/index.js:10831:21)
    at TypeScriptParserMixin.parseMaybeAssign (/Users/roshanajith/Documents/Products/DarpanAI/mobile/node_modules/@babel/parser/lib/index.js:9786:20)
    at TypeScriptParserMixin.parseExpressionBase (/Users/roshanajith/Documents/Products/DarpanAI/mobile/node_modules/@babel/parser/lib/index.js:10784:23)
    at /Users/roshanajith/Documents/Products/DarpanAI/mobile/node_modules/@babel/parser/lib/index.js:10780:39
    at TypeScriptParserMixin.allowInAnd (/Users/roshanajith/Documents/Products/DarpanAI/mobile/node_modules/@babel/parser/lib/index.js:12421:16)
    at TypeScriptParserMixin.parseExpression (/Users/roshanajith/Documents/Products/DarpanAI/mobile/node_modules/@babel/parser/lib/index.js:10780:17)
    at TypeScriptParserMixin.parseStatementContent (/Users/roshanajith/Documents/Products/DarpanAI/mobile/node_modules/@babel/parser/lib/index.js:12895:23)
    at TypeScriptParserMixin.parseStatementContent (/Users/roshanajith/Documents/Products/DarpanAI/mobile/node_modules/@babel/parser/lib/index.js:9508:18)
    at TypeScriptParserMixin.parseStatementLike (/Users/roshanajith/Documents/Products/DarpanAI/mobile/node_modules/@babel/parser/lib/index.js:12767:17)
    at TypeScriptParserMixin.parseStatementListItem (/Users/roshanajith/Documents/Products/DarpanAI/mobile/node_modules/@babel/parser/lib/index.js:12747:17)
    at TypeScriptParserMixin.parseBlockOrModuleBlockBody (/Users/roshanajith/Documents/Products/DarpanAI/mobile/node_modules/@babel/parser/lib/index.js:13316:61)
    at TypeScriptParserMixin.parseBlockBody (/Users/roshanajith/Documents/Products/DarpanAI/mobile/node_modules/@babel/parser/lib/index.js:13309:10)
    at TypeScriptParserMixin.parseBlock (/Users/roshanajith/Documents/Products/DarpanAI/mobile/node_modules/@babel/parser/lib/index.js:13297:10)
    at TypeScriptParserMixin.parseFunctionBody (/Users/roshanajith/Documents/Products/DarpanAI/mobile/node_modules/@babel/parser/lib/index.js:12100:24)
    at TypeScriptParserMixin.parseArrowExpression (/Users/roshanajith/Documents/Products/DarpanAI/mobile/node_modules/@babel/parser/lib/index.js:12075:10)
    at TypeScriptParserMixin.parseParenAndDistinguishExpression (/Users/roshanajith/Documents/Products/DarpanAI/mobile/node_modules/@babel/parser/lib/index.js:11687:12)
    at TypeScriptParserMixin.parseExprAtom (/Users/roshanajith/Documents/Products/DarpanAI/mobile/node_modules/@babel/parser/lib/index.js:11331:23)
    at TypeScriptParserMixin.parseExprSubscripts (/Users/roshanajith/Documents/Products/DarpanAI/mobile/node_modules/@babel/parser/lib/index.js:11081:23)
    at TypeScriptParserMixin.parseUpdate (/Users/roshanajith/Documents/Products/DarpanAI/mobile/node_modules/@babel/parser/lib/index.js:11066:21)
    at TypeScriptParserMixin.parseMaybeUnary (/Users/roshanajith/Documents/Products/DarpanAI/mobile/node_modules/@babel/parser/lib/index.js:11046:23)
    at TypeScriptParserMixin.parseMaybeUnary (/Users/roshanajith/Documents/Products/DarpanAI/mobile/node_modules/@babel/parser/lib/index.js:9837:18)
    at TypeScriptParserMixin.parseMaybeUnaryOrPrivate (/Users/roshanajith/Documents/Products/DarpanAI/mobile/node_modules/@babel/parser/lib/index.js:10899:61)
    at TypeScriptParserMixin.parseExprOps (/Users/roshanajith/Documents/Products/DarpanAI/mobile/node_modules/@babel/parser/lib/index.js:10904:23)
    at TypeScriptParserMixin.parseMaybeConditional (/Users/roshanajith/Documents/Products/DarpanAI/mobile/node_modules/@babel/parser/lib/index.js:10881:23)
    at TypeScriptParserMixin.parseMaybeAssign (/Users/roshanajith/Documents/Products/DarpanAI/mobile/node_modules/@babel/parser/lib/index.js:10831:21)
    at TypeScriptParserMixin.parseMaybeAssign (/Users/roshanajith/Documents/Products/DarpanAI/mobile/node_modules/@babel/parser/lib/index.js:9786:20)
    at /Users/roshanajith/Documents/Products/DarpanAI/mobile/node_modules/@babel/parser/lib/index.js:10800:39
    at TypeScriptParserMixin.allowInAnd (/Users/roshanajith/Documents/Products/DarpanAI/mobile/node_modules/@babel/parser/lib/index.js:12426:12)
    at TypeScriptParserMixin.parseMaybeAssignAllowIn (/Users/roshanajith/Documents/Products/DarpanAI/mobile/node_modules/@babel/parser/lib/index.js:10800:17)
    at TypeScriptParserMixin.parseMaybeAssignAllowInOrVoidPattern (/Users/roshanajith/Documents/Products/DarpanAI/mobile/node_modules/@babel/parser/lib/index.js:12493:17)
    at TypeScriptParserMixin.parseExprListItem (/Users/roshanajith/Documents/Products/DarpanAI/mobile/node_modules/@babel/parser/lib/index.js:12175:18)
    at TypeScriptParserMixin.parseCallExpressionArguments (/Users/roshanajith/Documents/Products/DarpanAI/mobile/node_modules/@babel/parser/lib/index.js:11252:22)
    at TypeScriptParserMixin.parseCoverCallAndAsyncArrowHead (/Users/roshanajith/Documents/Products/DarpanAI/mobile/node_modules/@babel/parser/lib/index.js:11186:29)
    at TypeScriptParserMixin.parseSubscript (/Users/roshanajith/Documents/Products/DarpanAI/mobile/node_modules/@babel/parser/lib/index.js:11120:19)
    at TypeScriptParserMixin.parseSubscript (/Users/roshanajith/Documents/Products/DarpanAI/mobile/node_modules/@babel/parser/lib/index.js:9272:18)
    at TypeScriptParserMixin.parseSubscripts (/Users/roshanajith/Documents/Products/DarpanAI/mobile/node_modules/@babel/parser/lib/index.js:11094:19)
    at TypeScriptParserMixin.parseExprSubscripts (/Users/roshanajith/Documents/Products/DarpanAI/mobile/node_modules/@babel/parser/lib/index.js:11085:17)
    at TypeScriptParserMixin.parseUpdate (/Users/roshanajith/Documents/Products/DarpanAI/mobile/node_modules/@babel/parser/lib/index.js:11066:21)
    at TypeScriptParserMixin.parseMaybeUnary (/Users/roshanajith/Documents/Products/DarpanAI/mobile/node_modules/@babel/parser/lib/index.js:11046:23)
iOS Bundling failed 8ms index.js (1 module)
 ERROR  SyntaxError: /Users/roshanajith/Documents/Products/DarpanAI/mobile/src/services/healthKitCore.ts: Unexpected token (120:13)

  118 |                 heightM: heightM ? Number(heightM.toFixed(2)) : null,
  119 |               });
> 120 |             });
      |              ^
  121 |           });
  122 |         });
  123 |       });
    at constructor (/Users/roshanajith/Documents/Products/DarpanAI/mobile/node_modules/@babel/parser/lib/index.js:365:19)
    at TypeScriptParserMixin.raise (/Users/roshanajith/Documents/Products/DarpanAI/mobile/node_modules/@babel/parser/lib/index.js:6599:19)
    at TypeScriptParserMixin.unexpected (/Users/roshanajith/Documents/Products/DarpanAI/mobile/node_modules/@babel/parser/lib/index.js:6619:16)
    at TypeScriptParserMixin.parseExprAtom (/Users/roshanajith/Documents/Products/DarpanAI/mobile/node_modules/@babel/parser/lib/index.js:11442:22)
    at TypeScriptParserMixin.parseExprSubscripts (/Users/roshanajith/Documents/Products/DarpanAI/mobile/node_modules/@babel/parser/lib/index.js:11081:23)
    at TypeScriptParserMixin.parseUpdate (/Users/roshanajith/Documents/Products/DarpanAI/mobile/node_modules/@babel/parser/lib/index.js:11066:21)
    at TypeScriptParserMixin.parseMaybeUnary (/Users/roshanajith/Documents/Products/DarpanAI/mobile/node_modules/@babel/parser/lib/index.js:11046:23)
    at TypeScriptParserMixin.parseMaybeUnary (/Users/roshanajith/Documents/Products/DarpanAI/mobile/node_modules/@babel/parser/lib/index.js:9837:18)
    at TypeScriptParserMixin.parseMaybeUnaryOrPrivate (/Users/roshanajith/Documents/Products/DarpanAI/mobile/node_modules/@babel/parser/lib/index.js:10899:61)
    at TypeScriptParserMixin.parseExprOps (/Users/roshanajith/Documents/Products/DarpanAI/mobile/node_modules/@babel/parser/lib/index.js:10904:23)
    at TypeScriptParserMixin.parseMaybeConditional (/Users/roshanajith/Documents/Products/DarpanAI/mobile/node_modules/@babel/parser/lib/index.js:10881:23)
    at TypeScriptParserMixin.parseMaybeAssign (/Users/roshanajith/Documents/Products/DarpanAI/mobile/node_modules/@babel/parser/lib/index.js:10831:21)
    at TypeScriptParserMixin.parseMaybeAssign (/Users/roshanajith/Documents/Products/DarpanAI/mobile/node_modules/@babel/parser/lib/index.js:9786:20)
    at TypeScriptParserMixin.parseExpressionBase (/Users/roshanajith/Documents/Products/DarpanAI/mobile/node_modules/@babel/parser/lib/index.js:10784:23)
    at /Users/roshanajith/Documents/Products/DarpanAI/mobile/node_modules/@babel/parser/lib/index.js:10780:39
    at TypeScriptParserMixin.allowInAnd (/Users/roshanajith/Documents/Products/DarpanAI/mobile/node_modules/@babel/parser/lib/index.js:12421:16)
    at TypeScriptParserMixin.parseExpression (/Users/roshanajith/Documents/Products/DarpanAI/mobile/node_modules/@babel/parser/lib/index.js:10780:17)
    at TypeScriptParserMixin.parseStatementContent (/Users/roshanajith/Documents/Products/DarpanAI/mobile/node_modules/@babel/parser/lib/index.js:12895:23)
    at TypeScriptParserMixin.parseStatementContent (/Users/roshanajith/Documents/Products/DarpanAI/mobile/node_modules/@babel/parser/lib/index.js:9508:18)
    at TypeScriptParserMixin.parseStatementLike (/Users/roshanajith/Documents/Products/DarpanAI/mobile/node_modules/@babel/parser/lib/index.js:12767:17)
    at TypeScriptParserMixin.parseStatementListItem (/Users/roshanajith/Documents/Products/DarpanAI/mobile/node_modules/@babel/parser/lib/index.js:12747:17)
    at TypeScriptParserMixin.parseBlockOrModuleBlockBody (/Users/roshanajith/Documents/Products/DarpanAI/mobile/node_modules/@babel/parser/lib/index.js:13316:61)
    at TypeScriptParserMixin.parseBlockBody (/Users/roshanajith/Documents/Products/DarpanAI/mobile/node_modules/@babel/parser/lib/index.js:13309:10)
    at TypeScriptParserMixin.parseBlock (/Users/roshanajith/Documents/Products/DarpanAI/mobile/node_modules/@babel/parser/lib/index.js:13297:10)
    at TypeScriptParserMixin.parseFunctionBody (/Users/roshanajith/Documents/Products/DarpanAI/mobile/node_modules/@babel/parser/lib/index.js:12100:24)
    at TypeScriptParserMixin.parseArrowExpression (/Users/roshanajith/Documents/Products/DarpanAI/mobile/node_modules/@babel/parser/lib/index.js:12075:10)
    at TypeScriptParserMixin.parseParenAndDistinguishExpression (/Users/roshanajith/Documents/Products/DarpanAI/mobile/node_modules/@babel/parser/lib/index.js:11687:12)
    at TypeScriptParserMixin.parseExprAtom (/Users/roshanajith/Documents/Products/DarpanAI/mobile/node_modules/@babel/parser/lib/index.js:11331:23)
    at TypeScriptParserMixin.parseExprSubscripts (/Users/roshanajith/Documents/Products/DarpanAI/mobile/node_modules/@babel/parser/lib/index.js:11081:23)
    at TypeScriptParserMixin.parseUpdate (/Users/roshanajith/Documents/Products/DarpanAI/mobile/node_modules/@babel/parser/lib/index.js:11066:21)
    at TypeScriptParserMixin.parseMaybeUnary (/Users/roshanajith/Documents/Products/DarpanAI/mobile/node_modules/@babel/parser/lib/index.js:11046:23)
    at TypeScriptParserMixin.parseMaybeUnary (/Users/roshanajith/Documents/Products/DarpanAI/mobile/node_modules/@babel/parser/lib/index.js:9837:18)
    at TypeScriptParserMixin.parseMaybeUnaryOrPrivate (/Users/roshanajith/Documents/Products/DarpanAI/mobile/node_modules/@babel/parser/lib/index.js:10899:61)
    at TypeScriptParserMixin.parseExprOps (/Users/roshanajith/Documents/Products/DarpanAI/mobile/node_modules/@babel/parser/lib/index.js:10904:23)
    at TypeScriptParserMixin.parseMaybeConditional (/Users/roshanajith/Documents/Products/DarpanAI/mobile/node_modules/@babel/parser/lib/index.js:10881:23)
    at TypeScriptParserMixin.parseMaybeAssign (/Users/roshanajith/Documents/Products/DarpanAI/mobile/node_modules/@babel/parser/lib/index.js:10831:21)
    at TypeScriptParserMixin.parseMaybeAssign (/Users/roshanajith/Documents/Products/DarpanAI/mobile/node_modules/@babel/parser/lib/index.js:9786:20)
    at /Users/roshanajith/Documents/Products/DarpanAI/mobile/node_modules/@babel/parser/lib/index.js:10800:39
    at TypeScriptParserMixin.allowInAnd (/Users/roshanajith/Documents/Products/DarpanAI/mobile/node_modules/@babel/parser/lib/index.js:12426:12)
    at TypeScriptParserMixin.parseMaybeAssignAllowIn (/Users/roshanajith/Documents/Products/DarpanAI/mobile/node_modules/@babel/parser/lib/index.js:10800:17)
    at TypeScriptParserMixin.parseMaybeAssignAllowInOrVoidPattern (/Users/roshanajith/Documents/Products/DarpanAI/mobile/node_modules/@babel/parser/lib/index.js:12493:17)
    at TypeScriptParserMixin.parseExprListItem (/Users/roshanajith/Documents/Products/DarpanAI/mobile/node_modules/@babel/parser/lib/index.js:12175:18)
    at TypeScriptParserMixin.parseCallExpressionArguments (/Users/roshanajith/Documents/Products/DarpanAI/mobile/node_modules/@babel/parser/lib/index.js:11252:22)
    at TypeScriptParserMixin.parseCoverCallAndAsyncArrowHead (/Users/roshanajith/Documents/Products/DarpanAI/mobile/node_modules/@babel/parser/lib/index.js:11186:29)
    at TypeScriptParserMixin.parseSubscript (/Users/roshanajith/Documents/Products/DarpanAI/mobile/node_modules/@babel/parser/lib/index.js:11120:19)
    at TypeScriptParserMixin.parseSubscript (/Users/roshanajith/Documents/Products/DarpanAI/mobile/node_modules/@babel/parser/lib/index.js:9272:18)
    at TypeScriptParserMixin.parseSubscripts (/Users/roshanajith/Documents/Products/DarpanAI/mobile/node_modules/@babel/parser/lib/index.js:11094:19)
    at TypeScriptParserMixin.parseExprSubscripts (/Users/roshanajith/Documents/Products/DarpanAI/mobile/node_modules/@babel/parser/lib/index.js:11085:17)
    at TypeScriptParserMixin.parseUpdate (/Users/roshanajith/Documents/Products/DarpanAI/mobile/node_modules/@babel/parser/lib/index.js:11066:21)
    at TypeScriptParserMixin.parseMaybeUnary (/Users/roshanajith/Documents/Products/DarpanAI/mobile/node_modules/@babel/parser/lib/index.js:11046:23)
iOS Bundling failed 11ms index.js (1 module)
 ERROR  SyntaxError: /Users/roshanajith/Documents/Products/DarpanAI/mobile/src/services/healthKitCore.ts: Unexpected token (120:13)

  118 |                 heightM: heightM ? Number(heightM.toFixed(2)) : null,
  119 |               });
> 120 |             });
      |              ^
  121 |           });
  122 |         });
  123 |       });
    at constructor (/Users/roshanajith/Documents/Products/DarpanAI/mobile/node_modules/@babel/parser/lib/index.js:365:19)
    at TypeScriptParserMixin.raise (/Users/roshanajith/Documents/Products/DarpanAI/mobile/node_modules/@babel/parser/lib/index.js:6599:19)
    at TypeScriptParserMixin.unexpected (/Users/roshanajith/Documents/Products/DarpanAI/mobile/node_modules/@babel/parser/lib/index.js:6619:16)
    at TypeScriptParserMixin.parseExprAtom (/Users/roshanajith/Documents/Products/DarpanAI/mobile/node_modules/@babel/parser/lib/index.js:11442:22)
    at TypeScriptParserMixin.parseExprSubscripts (/Users/roshanajith/Documents/Products/DarpanAI/mobile/node_modules/@babel/parser/lib/index.js:11081:23)
    at TypeScriptParserMixin.parseUpdate (/Users/roshanajith/Documents/Products/DarpanAI/mobile/node_modules/@babel/parser/lib/index.js:11066:21)
    at TypeScriptParserMixin.parseMaybeUnary (/Users/roshanajith/Documents/Products/DarpanAI/mobile/node_modules/@babel/parser/lib/index.js:11046:23)
    at TypeScriptParserMixin.parseMaybeUnary (/Users/roshanajith/Documents/Products/DarpanAI/mobile/node_modules/@babel/parser/lib/index.js:9837:18)
    at TypeScriptParserMixin.parseMaybeUnaryOrPrivate (/Users/roshanajith/Documents/Products/DarpanAI/mobile/node_modules/@babel/parser/lib/index.js:10899:61)
    at TypeScriptParserMixin.parseExprOps (/Users/roshanajith/Documents/Products/DarpanAI/mobile/node_modules/@babel/parser/lib/index.js:10904:23)
    at TypeScriptParserMixin.parseMaybeConditional (/Users/roshanajith/Documents/Products/DarpanAI/mobile/node_modules/@babel/parser/lib/index.js:10881:23)
    at TypeScriptParserMixin.parseMaybeAssign (/Users/roshanajith/Documents/Products/DarpanAI/mobile/node_modules/@babel/parser/lib/index.js:10831:21)
    at TypeScriptParserMixin.parseMaybeAssign (/Users/roshanajith/Documents/Products/DarpanAI/mobile/node_modules/@babel/parser/lib/index.js:9786:20)
    at TypeScriptParserMixin.parseExpressionBase (/Users/roshanajith/Documents/Products/DarpanAI/mobile/node_modules/@babel/parser/lib/index.js:10784:23)
    at /Users/roshanajith/Documents/Products/DarpanAI/mobile/node_modules/@babel/parser/lib/index.js:10780:39
    at TypeScriptParserMixin.allowInAnd (/Users/roshanajith/Documents/Products/DarpanAI/mobile/node_modules/@babel/parser/lib/index.js:12421:16)
    at TypeScriptParserMixin.parseExpression (/Users/roshanajith/Documents/Products/DarpanAI/mobile/node_modules/@babel/parser/lib/index.js:10780:17)
    at TypeScriptParserMixin.parseStatementContent (/Users/roshanajith/Documents/Products/DarpanAI/mobile/node_modules/@babel/parser/lib/index.js:12895:23)
    at TypeScriptParserMixin.parseStatementContent (/Users/roshanajith/Documents/Products/DarpanAI/mobile/node_modules/@babel/parser/lib/index.js:9508:18)
    at TypeScriptParserMixin.parseStatementLike (/Users/roshanajith/Documents/Products/DarpanAI/mobile/node_modules/@babel/parser/lib/index.js:12767:17)
    at TypeScriptParserMixin.parseStatementListItem (/Users/roshanajith/Documents/Products/DarpanAI/mobile/node_modules/@babel/parser/lib/index.js:12747:17)
    at TypeScriptParserMixin.parseBlockOrModuleBlockBody (/Users/roshanajith/Documents/Products/DarpanAI/mobile/node_modules/@babel/parser/lib/index.js:13316:61)
    at TypeScriptParserMixin.parseBlockBody (/Users/roshanajith/Documents/Products/DarpanAI/mobile/node_modules/@babel/parser/lib/index.js:13309:10)
    at TypeScriptParserMixin.parseBlock (/Users/roshanajith/Documents/Products/DarpanAI/mobile/node_modules/@babel/parser/lib/index.js:13297:10)
    at TypeScriptParserMixin.parseFunctionBody (/Users/roshanajith/Documents/Products/DarpanAI/mobile/node_modules/@babel/parser/lib/index.js:12100:24)
    at TypeScriptParserMixin.parseArrowExpression (/Users/roshanajith/Documents/Products/DarpanAI/mobile/node_modules/@babel/parser/lib/index.js:12075:10)
    at TypeScriptParserMixin.parseParenAndDistinguishExpression (/Users/roshanajith/Documents/Products/DarpanAI/mobile/node_modules/@babel/parser/lib/index.js:11687:12)
    at TypeScriptParserMixin.parseExprAtom (/Users/roshanajith/Documents/Products/DarpanAI/mobile/node_modules/@babel/parser/lib/index.js:11331:23)
    at TypeScriptParserMixin.parseExprSubscripts (/Users/roshanajith/Documents/Products/DarpanAI/mobile/node_modules/@babel/parser/lib/index.js:11081:23)
    at TypeScriptParserMixin.parseUpdate (/Users/roshanajith/Documents/Products/DarpanAI/mobile/node_modules/@babel/parser/lib/index.js:11066:21)
    at TypeScriptParserMixin.parseMaybeUnary (/Users/roshanajith/Documents/Products/DarpanAI/mobile/node_modules/@babel/parser/lib/index.js:11046:23)
    at TypeScriptParserMixin.parseMaybeUnary (/Users/roshanajith/Documents/Products/DarpanAI/mobile/node_modules/@babel/parser/lib/index.js:9837:18)
    at TypeScriptParserMixin.parseMaybeUnaryOrPrivate (/Users/roshanajith/Documents/Products/DarpanAI/mobile/node_modules/@babel/parser/lib/index.js:10899:61)
    at TypeScriptParserMixin.parseExprOps (/Users/roshanajith/Documents/Products/DarpanAI/mobile/node_modules/@babel/parser/lib/index.js:10904:23)
    at TypeScriptParserMixin.parseMaybeConditional (/Users/roshanajith/Documents/Products/DarpanAI/mobile/node_modules/@babel/parser/lib/index.js:10881:23)
    at TypeScriptParserMixin.parseMaybeAssign (/Users/roshanajith/Documents/Products/DarpanAI/mobile/node_modules/@babel/parser/lib/index.js:10831:21)
    at TypeScriptParserMixin.parseMaybeAssign (/Users/roshanajith/Documents/Products/DarpanAI/mobile/node_modules/@babel/parser/lib/index.js:9786:20)
    at /Users/roshanajith/Documents/Products/DarpanAI/mobile/node_modules/@babel/parser/lib/index.js:10800:39
    at TypeScriptParserMixin.allowInAnd (/Users/roshanajith/Documents/Products/DarpanAI/mobile/node_modules/@babel/parser/lib/index.js:12426:12)
    at TypeScriptParserMixin.parseMaybeAssignAllowIn (/Users/roshanajith/Documents/Products/DarpanAI/mobile/node_modules/@babel/parser/lib/index.js:10800:17)
    at TypeScriptParserMixin.parseMaybeAssignAllowInOrVoidPattern (/Users/roshanajith/Documents/Products/DarpanAI/mobile/node_modules/@babel/parser/lib/index.js:12493:17)
    at TypeScriptParserMixin.parseExprListItem (/Users/roshanajith/Documents/Products/DarpanAI/mobile/node_modules/@babel/parser/lib/index.js:12175:18)
    at TypeScriptParserMixin.parseCallExpressionArguments (/Users/roshanajith/Documents/Products/DarpanAI/mobile/node_modules/@babel/parser/lib/index.js:11252:22)
    at TypeScriptParserMixin.parseCoverCallAndAsyncArrowHead (/Users/roshanajith/Documents/Products/DarpanAI/mobile/node_modules/@babel/parser/lib/index.js:11186:29)
    at TypeScriptParserMixin.parseSubscript (/Users/roshanajith/Documents/Products/DarpanAI/mobile/node_modules/@babel/parser/lib/index.js:11120:19)
    at TypeScriptParserMixin.parseSubscript (/Users/roshanajith/Documents/Products/DarpanAI/mobile/node_modules/@babel/parser/lib/index.js:9272:18)
    at TypeScriptParserMixin.parseSubscripts (/Users/roshanajith/Documents/Products/DarpanAI/mobile/node_modules/@babel/parser/lib/index.js:11094:19)
    at TypeScriptParserMixin.parseExprSubscripts (/Users/roshanajith/Documents/Products/DarpanAI/mobile/node_modules/@babel/parser/lib/index.js:11085:17)
    at TypeScriptParserMixin.parseUpdate (/Users/roshanajith/Documents/Products/DarpanAI/mobile/node_modules/@babel/parser/lib/index.js:11066:21)
    at TypeScriptParserMixin.parseMaybeUnary (/Users/roshanajith/Documents/Products/DarpanAI/mobile/node_modules/@babel/parser/lib/index.js:11046:23)
iOS Bundling failed 20ms index.js (1 module)
 ERROR  SyntaxError: /Users/roshanajith/Documents/Products/DarpanAI/mobile/src/services/healthKitCore.ts: Unexpected token (120:13)

  118 |                 heightM: heightM ? Number(heightM.toFixed(2)) : null,
  119 |               });
> 120 |             });
      |              ^
  121 |           });
  122 |         });
  123 |       });
    at constructor (/Users/roshanajith/Documents/Products/DarpanAI/mobile/node_modules/@babel/parser/lib/index.js:365:19)
    at TypeScriptParserMixin.raise (/Users/roshanajith/Documents/Products/DarpanAI/mobile/node_modules/@babel/parser/lib/index.js:6599:19)
    at TypeScriptParserMixin.unexpected (/Users/roshanajith/Documents/Products/DarpanAI/mobile/node_modules/@babel/parser/lib/index.js:6619:16)
    at TypeScriptParserMixin.parseExprAtom (/Users/roshanajith/Documents/Products/DarpanAI/mobile/node_modules/@babel/parser/lib/index.js:11442:22)
    at TypeScriptParserMixin.parseExprSubscripts (/Users/roshanajith/Documents/Products/DarpanAI/mobile/node_modules/@babel/parser/lib/index.js:11081:23)
    at TypeScriptParserMixin.parseUpdate (/Users/roshanajith/Documents/Products/DarpanAI/mobile/node_modules/@babel/parser/lib/index.js:11066:21)
    at TypeScriptParserMixin.parseMaybeUnary (/Users/roshanajith/Documents/Products/DarpanAI/mobile/node_modules/@babel/parser/lib/index.js:11046:23)
    at TypeScriptParserMixin.parseMaybeUnary (/Users/roshanajith/Documents/Products/DarpanAI/mobile/node_modules/@babel/parser/lib/index.js:9837:18)
    at TypeScriptParserMixin.parseMaybeUnaryOrPrivate (/Users/roshanajith/Documents/Products/DarpanAI/mobile/node_modules/@babel/parser/lib/index.js:10899:61)
    at TypeScriptParserMixin.parseExprOps (/Users/roshanajith/Documents/Products/DarpanAI/mobile/node_modules/@babel/parser/lib/index.js:10904:23)
    at TypeScriptParserMixin.parseMaybeConditional (/Users/roshanajith/Documents/Products/DarpanAI/mobile/node_modules/@babel/parser/lib/index.js:10881:23)
    at TypeScriptParserMixin.parseMaybeAssign (/Users/roshanajith/Documents/Products/DarpanAI/mobile/node_modules/@babel/parser/lib/index.js:10831:21)
    at TypeScriptParserMixin.parseMaybeAssign (/Users/roshanajith/Documents/Products/DarpanAI/mobile/node_modules/@babel/parser/lib/index.js:9786:20)
    at TypeScriptParserMixin.parseExpressionBase (/Users/roshanajith/Documents/Products/DarpanAI/mobile/node_modules/@babel/parser/lib/index.js:10784:23)
    at /Users/roshanajith/Documents/Products/DarpanAI/mobile/node_modules/@babel/parser/lib/index.js:10780:39
    at TypeScriptParserMixin.allowInAnd (/Users/roshanajith/Documents/Products/DarpanAI/mobile/node_modules/@babel/parser/lib/index.js:12421:16)
    at TypeScriptParserMixin.parseExpression (/Users/roshanajith/Documents/Products/DarpanAI/mobile/node_modules/@babel/parser/lib/index.js:10780:17)
    at TypeScriptParserMixin.parseStatementContent (/Users/roshanajith/Documents/Products/DarpanAI/mobile/node_modules/@babel/parser/lib/index.js:12895:23)
    at TypeScriptParserMixin.parseStatementContent (/Users/roshanajith/Documents/Products/DarpanAI/mobile/node_modules/@babel/parser/lib/index.js:9508:18)
    at TypeScriptParserMixin.parseStatementLike (/Users/roshanajith/Documents/Products/DarpanAI/mobile/node_modules/@babel/parser/lib/index.js:12767:17)
    at TypeScriptParserMixin.parseStatementListItem (/Users/roshanajith/Documents/Products/DarpanAI/mobile/node_modules/@babel/parser/lib/index.js:12747:17)
    at TypeScriptParserMixin.parseBlockOrModuleBlockBody (/Users/roshanajith/Documents/Products/DarpanAI/mobile/node_modules/@babel/parser/lib/index.js:13316:61)
    at TypeScriptParserMixin.parseBlockBody (/Users/roshanajith/Documents/Products/DarpanAI/mobile/node_modules/@babel/parser/lib/index.js:13309:10)
    at TypeScriptParserMixin.parseBlock (/Users/roshanajith/Documents/Products/DarpanAI/mobile/node_modules/@babel/parser/lib/index.js:13297:10)
    at TypeScriptParserMixin.parseFunctionBody (/Users/roshanajith/Documents/Products/DarpanAI/mobile/node_modules/@babel/parser/lib/index.js:12100:24)
    at TypeScriptParserMixin.parseArrowExpression (/Users/roshanajith/Documents/Products/DarpanAI/mobile/node_modules/@babel/parser/lib/index.js:12075:10)
    at TypeScriptParserMixin.parseParenAndDistinguishExpression (/Users/roshanajith/Documents/Products/DarpanAI/mobile/node_modules/@babel/parser/lib/index.js:11687:12)
    at TypeScriptParserMixin.parseExprAtom (/Users/roshanajith/Documents/Products/DarpanAI/mobile/node_modules/@babel/parser/lib/index.js:11331:23)
    at TypeScriptParserMixin.parseExprSubscripts (/Users/roshanajith/Documents/Products/DarpanAI/mobile/node_modules/@babel/parser/lib/index.js:11081:23)
    at TypeScriptParserMixin.parseUpdate (/Users/roshanajith/Documents/Products/DarpanAI/mobile/node_modules/@babel/parser/lib/index.js:11066:21)
    at TypeScriptParserMixin.parseMaybeUnary (/Users/roshanajith/Documents/Products/DarpanAI/mobile/node_modules/@babel/parser/lib/index.js:11046:23)
    at TypeScriptParserMixin.parseMaybeUnary (/Users/roshanajith/Documents/Products/DarpanAI/mobile/node_modules/@babel/parser/lib/index.js:9837:18)
    at TypeScriptParserMixin.parseMaybeUnaryOrPrivate (/Users/roshanajith/Documents/Products/DarpanAI/mobile/node_modules/@babel/parser/lib/index.js:10899:61)
    at TypeScriptParserMixin.parseExprOps (/Users/roshanajith/Documents/Products/DarpanAI/mobile/node_modules/@babel/parser/lib/index.js:10904:23)
    at TypeScriptParserMixin.parseMaybeConditional (/Users/roshanajith/Documents/Products/DarpanAI/mobile/node_modules/@babel/parser/lib/index.js:10881:23)
    at TypeScriptParserMixin.parseMaybeAssign (/Users/roshanajith/Documents/Products/DarpanAI/mobile/node_modules/@babel/parser/lib/index.js:10831:21)
    at TypeScriptParserMixin.parseMaybeAssign (/Users/roshanajith/Documents/Products/DarpanAI/mobile/node_modules/@babel/parser/lib/index.js:9786:20)
    at /Users/roshanajith/Documents/Products/DarpanAI/mobile/node_modules/@babel/parser/lib/index.js:10800:39
    at TypeScriptParserMixin.allowInAnd (/Users/roshanajith/Documents/Products/DarpanAI/mobile/node_modules/@babel/parser/lib/index.js:12426:12)
    at TypeScriptParserMixin.parseMaybeAssignAllowIn (/Users/roshanajith/Documents/Products/DarpanAI/mobile/node_modules/@babel/parser/lib/index.js:10800:17)
    at TypeScriptParserMixin.parseMaybeAssignAllowInOrVoidPattern (/Users/roshanajith/Documents/Products/DarpanAI/mobile/node_modules/@babel/parser/lib/index.js:12493:17)
    at TypeScriptParserMixin.parseExprListItem (/Users/roshanajith/Documents/Products/DarpanAI/mobile/node_modules/@babel/parser/lib/index.js:12175:18)
    at TypeScriptParserMixin.parseCallExpressionArguments (/Users/roshanajith/Documents/Products/DarpanAI/mobile/node_modules/@babel/parser/lib/index.js:11252:22)
    at TypeScriptParserMixin.parseCoverCallAndAsyncArrowHead (/Users/roshanajith/Documents/Products/DarpanAI/mobile/node_modules/@babel/parser/lib/index.js:11186:29)
    at TypeScriptParserMixin.parseSubscript (/Users/roshanajith/Documents/Products/DarpanAI/mobile/node_modules/@babel/parser/lib/index.js:11120:19)
    at TypeScriptParserMixin.parseSubscript (/Users/roshanajith/Documents/Products/DarpanAI/mobile/node_modules/@babel/parser/lib/index.js:9272:18)
    at TypeScriptParserMixin.parseSubscripts (/Users/roshanajith/Documents/Products/DarpanAI/mobile/node_modules/@babel/parser/lib/index.js:11094:19)
    at TypeScriptParserMixin.parseExprSubscripts (/Users/roshanajith/Documents/Products/DarpanAI/mobile/node_modules/@babel/parser/lib/index.js:11085:17)
    at TypeScriptParserMixin.parseUpdate (/Users/roshanajith/Documents/Products/DarpanAI/mobile/node_modules/@babel/parser/lib/index.js:11066:21)
    at TypeScriptParserMixin.parseMaybeUnary (/Users/roshanajith/Documents/Products/DarpanAI/mobile/node_modules/@babel/parser/lib/index.js:11046:23)
iOS Bundling failed 7ms index.js (1 module)
 ERROR  SyntaxError: /Users/roshanajith/Documents/Products/DarpanAI/mobile/src/services/healthKitCore.ts: Unexpected token (120:13)

  118 |                 heightM: heightM ? Number(heightM.toFixed(2)) : null,
  119 |               });
> 120 |             });
      |              ^
  121 |           });
  122 |         });
  123 |       });
    at constructor (/Users/roshanajith/Documents/Products/DarpanAI/mobile/node_modules/@babel/parser/lib/index.js:365:19)
    at TypeScriptParserMixin.raise (/Users/roshanajith/Documents/Products/DarpanAI/mobile/node_modules/@babel/parser/lib/index.js:6599:19)
    at TypeScriptParserMixin.unexpected (/Users/roshanajith/Documents/Products/DarpanAI/mobile/node_modules/@babel/parser/lib/index.js:6619:16)
    at TypeScriptParserMixin.parseExprAtom (/Users/roshanajith/Documents/Products/DarpanAI/mobile/node_modules/@babel/parser/lib/index.js:11442:22)
    at TypeScriptParserMixin.parseExprSubscripts (/Users/roshanajith/Documents/Products/DarpanAI/mobile/node_modules/@babel/parser/lib/index.js:11081:23)
    at TypeScriptParserMixin.parseUpdate (/Users/roshanajith/Documents/Products/DarpanAI/mobile/node_modules/@babel/parser/lib/index.js:11066:21)
    at TypeScriptParserMixin.parseMaybeUnary (/Users/roshanajith/Documents/Products/DarpanAI/mobile/node_modules/@babel/parser/lib/index.js:11046:23)
    at TypeScriptParserMixin.parseMaybeUnary (/Users/roshanajith/Documents/Products/DarpanAI/mobile/node_modules/@babel/parser/lib/index.js:9837:18)
    at TypeScriptParserMixin.parseMaybeUnaryOrPrivate (/Users/roshanajith/Documents/Products/DarpanAI/mobile/node_modules/@babel/parser/lib/index.js:10899:61)
    at TypeScriptParserMixin.parseExprOps (/Users/roshanajith/Documents/Products/DarpanAI/mobile/node_modules/@babel/parser/lib/index.js:10904:23)
    at TypeScriptParserMixin.parseMaybeConditional (/Users/roshanajith/Documents/Products/DarpanAI/mobile/node_modules/@babel/parser/lib/index.js:10881:23)
    at TypeScriptParserMixin.parseMaybeAssign (/Users/roshanajith/Documents/Products/DarpanAI/mobile/node_modules/@babel/parser/lib/index.js:10831:21)
    at TypeScriptParserMixin.parseMaybeAssign (/Users/roshanajith/Documents/Products/DarpanAI/mobile/node_modules/@babel/parser/lib/index.js:9786:20)
    at TypeScriptParserMixin.parseExpressionBase (/Users/roshanajith/Documents/Products/DarpanAI/mobile/node_modules/@babel/parser/lib/index.js:10784:23)
    at /Users/roshanajith/Documents/Products/DarpanAI/mobile/node_modules/@babel/parser/lib/index.js:10780:39
    at TypeScriptParserMixin.allowInAnd (/Users/roshanajith/Documents/Products/DarpanAI/mobile/node_modules/@babel/parser/lib/index.js:12421:16)
    at TypeScriptParserMixin.parseExpression (/Users/roshanajith/Documents/Products/DarpanAI/mobile/node_modules/@babel/parser/lib/index.js:10780:17)
    at TypeScriptParserMixin.parseStatementContent (/Users/roshanajith/Documents/Products/DarpanAI/mobile/node_modules/@babel/parser/lib/index.js:12895:23)
    at TypeScriptParserMixin.parseStatementContent (/Users/roshanajith/Documents/Products/DarpanAI/mobile/node_modules/@babel/parser/lib/index.js:9508:18)
    at TypeScriptParserMixin.parseStatementLike (/Users/roshanajith/Documents/Products/DarpanAI/mobile/node_modules/@babel/parser/lib/index.js:12767:17)
    at TypeScriptParserMixin.parseStatementListItem (/Users/roshanajith/Documents/Products/DarpanAI/mobile/node_modules/@babel/parser/lib/index.js:12747:17)
    at TypeScriptParserMixin.parseBlockOrModuleBlockBody (/Users/roshanajith/Documents/Products/DarpanAI/mobile/node_modules/@babel/parser/lib/index.js:13316:61)
    at TypeScriptParserMixin.parseBlockBody (/Users/roshanajith/Documents/Products/DarpanAI/mobile/node_modules/@babel/parser/lib/index.js:13309:10)
    at TypeScriptParserMixin.parseBlock (/Users/roshanajith/Documents/Products/DarpanAI/mobile/node_modules/@babel/parser/lib/index.js:13297:10)
    at TypeScriptParserMixin.parseFunctionBody (/Users/roshanajith/Documents/Products/DarpanAI/mobile/node_modules/@babel/parser/lib/index.js:12100:24)
    at TypeScriptParserMixin.parseArrowExpression (/Users/roshanajith/Documents/Products/DarpanAI/mobile/node_modules/@babel/parser/lib/index.js:12075:10)
    at TypeScriptParserMixin.parseParenAndDistinguishExpression (/Users/roshanajith/Documents/Products/DarpanAI/mobile/node_modules/@babel/parser/lib/index.js:11687:12)
    at TypeScriptParserMixin.parseExprAtom (/Users/roshanajith/Documents/Products/DarpanAI/mobile/node_modules/@babel/parser/lib/index.js:11331:23)
    at TypeScriptParserMixin.parseExprSubscripts (/Users/roshanajith/Documents/Products/DarpanAI/mobile/node_modules/@babel/parser/lib/index.js:11081:23)
    at TypeScriptParserMixin.parseUpdate (/Users/roshanajith/Documents/Products/DarpanAI/mobile/node_modules/@babel/parser/lib/index.js:11066:21)
    at TypeScriptParserMixin.parseMaybeUnary (/Users/roshanajith/Documents/Products/DarpanAI/mobile/node_modules/@babel/parser/lib/index.js:11046:23)
    at TypeScriptParserMixin.parseMaybeUnary (/Users/roshanajith/Documents/Products/DarpanAI/mobile/node_modules/@babel/parser/lib/index.js:9837:18)
    at TypeScriptParserMixin.parseMaybeUnaryOrPrivate (/Users/roshanajith/Documents/Products/DarpanAI/mobile/node_modules/@babel/parser/lib/index.js:10899:61)
    at TypeScriptParserMixin.parseExprOps (/Users/roshanajith/Documents/Products/DarpanAI/mobile/node_modules/@babel/parser/lib/index.js:10904:23)
    at TypeScriptParserMixin.parseMaybeConditional (/Users/roshanajith/Documents/Products/DarpanAI/mobile/node_modules/@babel/parser/lib/index.js:10881:23)
    at TypeScriptParserMixin.parseMaybeAssign (/Users/roshanajith/Documents/Products/DarpanAI/mobile/node_modules/@babel/parser/lib/index.js:10831:21)
    at TypeScriptParserMixin.parseMaybeAssign (/Users/roshanajith/Documents/Products/DarpanAI/mobile/node_modules/@babel/parser/lib/index.js:9786:20)
    at /Users/roshanajith/Documents/Products/DarpanAI/mobile/node_modules/@babel/parser/lib/index.js:10800:39
    at TypeScriptParserMixin.allowInAnd (/Users/roshanajith/Documents/Products/DarpanAI/mobile/node_modules/@babel/parser/lib/index.js:12426:12)
    at TypeScriptParserMixin.parseMaybeAssignAllowIn (/Users/roshanajith/Documents/Products/DarpanAI/mobile/node_modules/@babel/parser/lib/index.js:10800:17)
    at TypeScriptParserMixin.parseMaybeAssignAllowInOrVoidPattern (/Users/roshanajith/Documents/Products/DarpanAI/mobile/node_modules/@babel/parser/lib/index.js:12493:17)
    at TypeScriptParserMixin.parseExprListItem (/Users/roshanajith/Documents/Products/DarpanAI/mobile/node_modules/@babel/parser/lib/index.js:12175:18)
    at TypeScriptParserMixin.parseCallExpressionArguments (/Users/roshanajith/Documents/Products/DarpanAI/mobile/node_modules/@babel/parser/lib/index.js:11252:22)
    at TypeScriptParserMixin.parseCoverCallAndAsyncArrowHead (/Users/roshanajith/Documents/Products/DarpanAI/mobile/node_modules/@babel/parser/lib/index.js:11186:29)
    at TypeScriptParserMixin.parseSubscript (/Users/roshanajith/Documents/Products/DarpanAI/mobile/node_modules/@babel/parser/lib/index.js:11120:19)
    at TypeScriptParserMixin.parseSubscript (/Users/roshanajith/Documents/Products/DarpanAI/mobile/node_modules/@babel/parser/lib/index.js:9272:18)
    at TypeScriptParserMixin.parseSubscripts (/Users/roshanajith/Documents/Products/DarpanAI/mobile/node_modules/@babel/parser/lib/index.js:11094:19)
    at TypeScriptParserMixin.parseExprSubscripts (/Users/roshanajith/Documents/Products/DarpanAI/mobile/node_modules/@babel/parser/lib/index.js:11085:17)
    at TypeScriptParserMixin.parseUpdate (/Users/roshanajith/Documents/Products/DarpanAI/mobile/node_modules/@babel/parser/lib/index.js:11066:21)
    at TypeScriptParserMixin.parseMaybeUnary (/Users/roshanajith/Documents/Products/DarpanAI/mobile/node_modules/@babel/parser/lib/index.js:11046:23)
iOS Bundling failed 7ms index.js (1 module)
 ERROR  SyntaxError: /Users/roshanajith/Documents/Products/DarpanAI/mobile/src/services/healthKitCore.ts: Unexpected token (120:13)

  118 |                 heightM: heightM ? Number(heightM.toFixed(2)) : null,
  119 |               });
> 120 |             });
      |              ^
  121 |           });
  122 |         });
  123 |       });
    at constructor (/Users/roshanajith/Documents/Products/DarpanAI/mobile/node_modules/@babel/parser/lib/index.js:365:19)
    at TypeScriptParserMixin.raise (/Users/roshanajith/Documents/Products/DarpanAI/mobile/node_modules/@babel/parser/lib/index.js:6599:19)
    at TypeScriptParserMixin.unexpected (/Users/roshanajith/Documents/Products/DarpanAI/mobile/node_modules/@babel/parser/lib/index.js:6619:16)
    at TypeScriptParserMixin.parseExprAtom (/Users/roshanajith/Documents/Products/DarpanAI/mobile/node_modules/@babel/parser/lib/index.js:11442:22)
    at TypeScriptParserMixin.parseExprSubscripts (/Users/roshanajith/Documents/Products/DarpanAI/mobile/node_modules/@babel/parser/lib/index.js:11081:23)
    at TypeScriptParserMixin.parseUpdate (/Users/roshanajith/Documents/Products/DarpanAI/mobile/node_modules/@babel/parser/lib/index.js:11066:21)
    at TypeScriptParserMixin.parseMaybeUnary (/Users/roshanajith/Documents/Products/DarpanAI/mobile/node_modules/@babel/parser/lib/index.js:11046:23)
    at TypeScriptParserMixin.parseMaybeUnary (/Users/roshanajith/Documents/Products/DarpanAI/mobile/node_modules/@babel/parser/lib/index.js:9837:18)
    at TypeScriptParserMixin.parseMaybeUnaryOrPrivate (/Users/roshanajith/Documents/Products/DarpanAI/mobile/node_modules/@babel/parser/lib/index.js:10899:61)
    at TypeScriptParserMixin.parseExprOps (/Users/roshanajith/Documents/Products/DarpanAI/mobile/node_modules/@babel/parser/lib/index.js:10904:23)
    at TypeScriptParserMixin.parseMaybeConditional (/Users/roshanajith/Documents/Products/DarpanAI/mobile/node_modules/@babel/parser/lib/index.js:10881:23)
    at TypeScriptParserMixin.parseMaybeAssign (/Users/roshanajith/Documents/Products/DarpanAI/mobile/node_modules/@babel/parser/lib/index.js:10831:21)
    at TypeScriptParserMixin.parseMaybeAssign (/Users/roshanajith/Documents/Products/DarpanAI/mobile/node_modules/@babel/parser/lib/index.js:9786:20)
    at TypeScriptParserMixin.parseExpressionBase (/Users/roshanajith/Documents/Products/DarpanAI/mobile/node_modules/@babel/parser/lib/index.js:10784:23)
    at /Users/roshanajith/Documents/Products/DarpanAI/mobile/node_modules/@babel/parser/lib/index.js:10780:39
    at TypeScriptParserMixin.allowInAnd (/Users/roshanajith/Documents/Products/DarpanAI/mobile/node_modules/@babel/parser/lib/index.js:12421:16)
    at TypeScriptParserMixin.parseExpression (/Users/roshanajith/Documents/Products/DarpanAI/mobile/node_modules/@babel/parser/lib/index.js:10780:17)
    at TypeScriptParserMixin.parseStatementContent (/Users/roshanajith/Documents/Products/DarpanAI/mobile/node_modules/@babel/parser/lib/index.js:12895:23)
    at TypeScriptParserMixin.parseStatementContent (/Users/roshanajith/Documents/Products/DarpanAI/mobile/node_modules/@babel/parser/lib/index.js:9508:18)
    at TypeScriptParserMixin.parseStatementLike (/Users/roshanajith/Documents/Products/DarpanAI/mobile/node_modules/@babel/parser/lib/index.js:12767:17)
    at TypeScriptParserMixin.parseStatementListItem (/Users/roshanajith/Documents/Products/DarpanAI/mobile/node_modules/@babel/parser/lib/index.js:12747:17)
    at TypeScriptParserMixin.parseBlockOrModuleBlockBody (/Users/roshanajith/Documents/Products/DarpanAI/mobile/node_modules/@babel/parser/lib/index.js:13316:61)
    at TypeScriptParserMixin.parseBlockBody (/Users/roshanajith/Documents/Products/DarpanAI/mobile/node_modules/@babel/parser/lib/index.js:13309:10)
    at TypeScriptParserMixin.parseBlock (/Users/roshanajith/Documents/Products/DarpanAI/mobile/node_modules/@babel/parser/lib/index.js:13297:10)
    at TypeScriptParserMixin.parseFunctionBody (/Users/roshanajith/Documents/Products/DarpanAI/mobile/node_modules/@babel/parser/lib/index.js:12100:24)
    at TypeScriptParserMixin.parseArrowExpression (/Users/roshanajith/Documents/Products/DarpanAI/mobile/node_modules/@babel/parser/lib/index.js:12075:10)
    at TypeScriptParserMixin.parseParenAndDistinguishExpression (/Users/roshanajith/Documents/Products/DarpanAI/mobile/node_modules/@babel/parser/lib/index.js:11687:12)
    at TypeScriptParserMixin.parseExprAtom (/Users/roshanajith/Documents/Products/DarpanAI/mobile/node_modules/@babel/parser/lib/index.js:11331:23)
    at TypeScriptParserMixin.parseExprSubscripts (/Users/roshanajith/Documents/Products/DarpanAI/mobile/node_modules/@babel/parser/lib/index.js:11081:23)
    at TypeScriptParserMixin.parseUpdate (/Users/roshanajith/Documents/Products/DarpanAI/mobile/node_modules/@babel/parser/lib/index.js:11066:21)
    at TypeScriptParserMixin.parseMaybeUnary (/Users/roshanajith/Documents/Products/DarpanAI/mobile/node_modules/@babel/parser/lib/index.js:11046:23)
    at TypeScriptParserMixin.parseMaybeUnary (/Users/roshanajith/Documents/Products/DarpanAI/mobile/node_modules/@babel/parser/lib/index.js:9837:18)
    at TypeScriptParserMixin.parseMaybeUnaryOrPrivate (/Users/roshanajith/Documents/Products/DarpanAI/mobile/node_modules/@babel/parser/lib/index.js:10899:61)
    at TypeScriptParserMixin.parseExprOps (/Users/roshanajith/Documents/Products/DarpanAI/mobile/node_modules/@babel/parser/lib/index.js:10904:23)
    at TypeScriptParserMixin.parseMaybeConditional (/Users/roshanajith/Documents/Products/DarpanAI/mobile/node_modules/@babel/parser/lib/index.js:10881:23)
    at TypeScriptParserMixin.parseMaybeAssign (/Users/roshanajith/Documents/Products/DarpanAI/mobile/node_modules/@babel/parser/lib/index.js:10831:21)
    at TypeScriptParserMixin.parseMaybeAssign (/Users/roshanajith/Documents/Products/DarpanAI/mobile/node_modules/@babel/parser/lib/index.js:9786:20)
    at /Users/roshanajith/Documents/Products/DarpanAI/mobile/node_modules/@babel/parser/lib/index.js:10800:39
    at TypeScriptParserMixin.allowInAnd (/Users/roshanajith/Documents/Products/DarpanAI/mobile/node_modules/@babel/parser/lib/index.js:12426:12)
    at TypeScriptParserMixin.parseMaybeAssignAllowIn (/Users/roshanajith/Documents/Products/DarpanAI/mobile/node_modules/@babel/parser/lib/index.js:10800:17)
    at TypeScriptParserMixin.parseMaybeAssignAllowInOrVoidPattern (/Users/roshanajith/Documents/Products/DarpanAI/mobile/node_modules/@babel/parser/lib/index.js:12493:17)
    at TypeScriptParserMixin.parseExprListItem (/Users/roshanajith/Documents/Products/DarpanAI/mobile/node_modules/@babel/parser/lib/index.js:12175:18)
    at TypeScriptParserMixin.parseCallExpressionArguments (/Users/roshanajith/Documents/Products/DarpanAI/mobile/node_modules/@babel/parser/lib/index.js:11252:22)
    at TypeScriptParserMixin.parseCoverCallAndAsyncArrowHead (/Users/roshanajith/Documents/Products/DarpanAI/mobile/node_modules/@babel/parser/lib/index.js:11186:29)
    at TypeScriptParserMixin.parseSubscript (/Users/roshanajith/Documents/Products/DarpanAI/mobile/node_modules/@babel/parser/lib/index.js:11120:19)
    at TypeScriptParserMixin.parseSubscript (/Users/roshanajith/Documents/Products/DarpanAI/mobile/node_modules/@babel/parser/lib/index.js:9272:18)
    at TypeScriptParserMixin.parseSubscripts (/Users/roshanajith/Documents/Products/DarpanAI/mobile/node_modules/@babel/parser/lib/index.js:11094:19)
    at TypeScriptParserMixin.parseExprSubscripts (/Users/roshanajith/Documents/Products/DarpanAI/mobile/node_modules/@babel/parser/lib/index.js:11085:17)
    at TypeScriptParserMixin.parseUpdate (/Users/roshanajith/Documents/Products/DarpanAI/mobile/node_modules/@babel/parser/lib/index.js:11066:21)
    at TypeScriptParserMixin.parseMaybeUnary (/Users/roshanajith/Documents/Products/DarpanAI/mobile/node_modules/@babel/parser/lib/index.js:11046:23)
iOS ./index.js ░░░░░░░░░░░░░░░░  0.0% (0/1)
iOS Bundling failed 12ms index.js (1 module)
 ERROR  SyntaxError: /Users/roshanajith/Documents/Products/DarpanAI/mobile/src/services/healthKitCore.ts: Unexpected token (120:13)

  118 |                 heightM: heightM ? Number(heightM.toFixed(2)) : null,
  119 |               });
> 120 |             });
      |              ^
  121 |           });
  122 |         });
  123 |       });
    at constructor (/Users/roshanajith/Documents/Products/DarpanAI/mobile/node_modules/@babel/parser/lib/index.js:365:19)
    at TypeScriptParserMixin.raise (/Users/roshanajith/Documents/Products/DarpanAI/mobile/node_modules/@babel/parser/lib/index.js:6599:19)
    at TypeScriptParserMixin.unexpected (/Users/roshanajith/Documents/Products/DarpanAI/mobile/node_modules/@babel/parser/lib/index.js:6619:16)
    at TypeScriptParserMixin.parseExprAtom (/Users/roshanajith/Documents/Products/DarpanAI/mobile/node_modules/@babel/parser/lib/index.js:11442:22)
    at TypeScriptParserMixin.parseExprSubscripts (/Users/roshanajith/Documents/Products/DarpanAI/mobile/node_modules/@babel/parser/lib/index.js:11081:23)
    at TypeScriptParserMixin.parseUpdate (/Users/roshanajith/Documents/Products/DarpanAI/mobile/node_modules/@babel/parser/lib/index.js:11066:21)
    at TypeScriptParserMixin.parseMaybeUnary (/Users/roshanajith/Documents/Products/DarpanAI/mobile/node_modules/@babel/parser/lib/index.js:11046:23)
    at TypeScriptParserMixin.parseMaybeUnary (/Users/roshanajith/Documents/Products/DarpanAI/mobile/node_modules/@babel/parser/lib/index.js:9837:18)
    at TypeScriptParserMixin.parseMaybeUnaryOrPrivate (/Users/roshanajith/Documents/Products/DarpanAI/mobile/node_modules/@babel/parser/lib/index.js:10899:61)
    at TypeScriptParserMixin.parseExprOps (/Users/roshanajith/Documents/Products/DarpanAI/mobile/node_modules/@babel/parser/lib/index.js:10904:23)
    at TypeScriptParserMixin.parseMaybeConditional (/Users/roshanajith/Documents/Products/DarpanAI/mobile/node_modules/@babel/parser/lib/index.js:10881:23)
    at TypeScriptParserMixin.parseMaybeAssign (/Users/roshanajith/Documents/Products/DarpanAI/mobile/node_modules/@babel/parser/lib/index.js:10831:21)
    at TypeScriptParserMixin.parseMaybeAssign (/Users/roshanajith/Documents/Products/DarpanAI/mobile/node_modules/@babel/parser/lib/index.js:9786:20)
    at TypeScriptParserMixin.parseExpressionBase (/Users/roshanajith/Documents/Products/DarpanAI/mobile/node_modules/@babel/parser/lib/index.js:10784:23)
    at /Users/roshanajith/Documents/Products/DarpanAI/mobile/node_modules/@babel/parser/lib/index.js:10780:39
    at TypeScriptParserMixin.allowInAnd (/Users/roshanajith/Documents/Products/DarpanAI/mobile/node_modules/@babel/parser/lib/index.js:12421:16)
    at TypeScriptParserMixin.parseExpression (/Users/roshanajith/Documents/Products/DarpanAI/mobile/node_modules/@babel/parser/lib/index.js:10780:17)
    at TypeScriptParserMixin.parseStatementContent (/Users/roshanajith/Documents/Products/DarpanAI/mobile/node_modules/@babel/parser/lib/index.js:12895:23)
    at TypeScriptParserMixin.parseStatementContent (/Users/roshanajith/Documents/Products/DarpanAI/mobile/node_modules/@babel/parser/lib/index.js:9508:18)
    at TypeScriptParserMixin.parseStatementLike (/Users/roshanajith/Documents/Products/DarpanAI/mobile/node_modules/@babel/parser/lib/index.js:12767:17)
    at TypeScriptParserMixin.parseStatementListItem (/Users/roshanajith/Documents/Products/DarpanAI/mobile/node_modules/@babel/parser/lib/index.js:12747:17)
    at TypeScriptParserMixin.parseBlockOrModuleBlockBody (/Users/roshanajith/Documents/Products/DarpanAI/mobile/node_modules/@babel/parser/lib/index.js:13316:61)
    at TypeScriptParserMixin.parseBlockBody (/Users/roshanajith/Documents/Products/DarpanAI/mobile/node_modules/@babel/parser/lib/index.js:13309:10)
    at TypeScriptParserMixin.parseBlock (/Users/roshanajith/Documents/Products/DarpanAI/mobile/node_modules/@babel/parser/lib/index.js:13297:10)
    at TypeScriptParserMixin.parseFunctionBody (/Users/roshanajith/Documents/Products/DarpanAI/mobile/node_modules/@babel/parser/lib/index.js:12100:24)
    at TypeScriptParserMixin.parseArrowExpression (/Users/roshanajith/Documents/Products/DarpanAI/mobile/node_modules/@babel/parser/lib/index.js:12075:10)
    at TypeScriptParserMixin.parseParenAndDistinguishExpression (/Users/roshanajith/Documents/Products/DarpanAI/mobile/node_modules/@babel/parser/lib/index.js:11687:12)
    at TypeScriptParserMixin.parseExprAtom (/Users/roshanajith/Documents/Products/DarpanAI/mobile/node_modules/@babel/parser/lib/index.js:11331:23)
    at TypeScriptParserMixin.parseExprSubscripts (/Users/roshanajith/Documents/Products/DarpanAI/mobile/node_modules/@babel/parser/lib/index.js:11081:23)
    at TypeScriptParserMixin.parseUpdate (/Users/roshanajith/Documents/Products/DarpanAI/mobile/node_modules/@babel/parser/lib/index.js:11066:21)
    at TypeScriptParserMixin.parseMaybeUnary (/Users/roshanajith/Documents/Products/DarpanAI/mobile/node_modules/@babel/parser/lib/index.js:11046:23)
    at TypeScriptParserMixin.parseMaybeUnary (/Users/roshanajith/Documents/Products/DarpanAI/mobile/node_modules/@babel/parser/lib/index.js:9837:18)
    at TypeScriptParserMixin.parseMaybeUnaryOrPrivate (/Users/roshanajith/Documents/Products/DarpanAI/mobile/node_modules/@babel/parser/lib/index.js:10899:61)
    at TypeScriptParserMixin.parseExprOps (/Users/roshanajith/Documents/Products/DarpanAI/mobile/node_modules/@babel/parser/lib/index.js:10904:23)
    at TypeScriptParserMixin.parseMaybeConditional (/Users/roshanajith/Documents/Products/DarpanAI/mobile/node_modules/@babel/parser/lib/index.js:10881:23)
    at TypeScriptParserMixin.parseMaybeAssign (/Users/roshanajith/Documents/Products/DarpanAI/mobile/node_modules/@babel/parser/lib/index.js:10831:21)
    at TypeScriptParserMixin.parseMaybeAssign (/Users/roshanajith/Documents/Products/DarpanAI/mobile/node_modules/@babel/parser/lib/index.js:9786:20)
    at /Users/roshanajith/Documents/Products/DarpanAI/mobile/node_modules/@babel/parser/lib/index.js:10800:39
    at TypeScriptParserMixin.allowInAnd (/Users/roshanajith/Documents/Products/DarpanAI/mobile/node_modules/@babel/parser/lib/index.js:12426:12)
    at TypeScriptParserMixin.parseMaybeAssignAllowIn (/Users/roshanajith/Documents/Products/DarpanAI/mobile/node_modules/@babel/parser/lib/index.js:10800:17)
    at TypeScriptParserMixin.parseMaybeAssignAllowInOrVoidPattern (/Users/roshanajith/Documents/Products/DarpanAI/mobile/node_modules/@babel/parser/lib/index.js:12493:17)
    at TypeScriptParserMixin.parseExprListItem (/Users/roshanajith/Documents/Products/DarpanAI/mobile/node_modules/@babel/parser/lib/index.js:12175:18)
    at TypeScriptParserMixin.parseCallExpressionArguments (/Users/roshanajith/Documents/Products/DarpanAI/mobile/node_modules/@babel/parser/lib/index.js:11252:22)
    at TypeScriptParserMixin.parseCoverCallAndAsyncArrowHead (/Users/roshanajith/Documents/Products/DarpanAI/mobile/node_modules/@babel/parser/lib/index.js:11186:29)
    at TypeScriptParserMixin.parseSubscript (/Users/roshanajith/Documents/Products/DarpanAI/mobile/node_modules/@babel/parser/lib/index.js:11120:19)
    at TypeScriptParserMixin.parseSubscript (/Users/roshanajith/Documents/Products/DarpanAI/mobile/node_modules/@babel/parser/lib/index.js:9272:18)
    at TypeScriptParserMixin.parseSubscripts (/Users/roshanajith/Documents/Products/DarpanAI/mobile/node_modules/@babel/parser/lib/index.js:11094:19)
    at TypeScriptParserMixin.parseExprSubscripts (/Users/roshanajith/Documents/Products/DarpanAI/mobile/node_modules/@babel/parser/lib/index.js:11085:17)
    at TypeScriptParserMixin.parseUpdate (/Users/roshanajith/Documents/Products/DarpanAI/mobile/node_modules/@babel/parser/lib/index.js:11066:21)
    at TypeScriptParserMixin.parseMaybeUnary (/Users/roshanajith/Documents/Products/DarpanAI/mobile/node_modules/@babel/parser/lib/index.js:11046:23)
iOS Bundling failed 9ms index.js (1 module)
 ERROR  SyntaxError: /Users/roshanajith/Documents/Products/DarpanAI/mobile/src/services/healthKitCore.ts: Unexpected token (120:13)

  118 |                 heightM: heightM ? Number(heightM.toFixed(2)) : null,
  119 |               });
> 120 |             });
      |              ^
  121 |           });
  122 |         });
  123 |       });
    at constructor (/Users/roshanajith/Documents/Products/DarpanAI/mobile/node_modules/@babel/parser/lib/index.js:365:19)
    at TypeScriptParserMixin.raise (/Users/roshanajith/Documents/Products/DarpanAI/mobile/node_modules/@babel/parser/lib/index.js:6599:19)
    at TypeScriptParserMixin.unexpected (/Users/roshanajith/Documents/Products/DarpanAI/mobile/node_modules/@babel/parser/lib/index.js:6619:16)
    at TypeScriptParserMixin.parseExprAtom (/Users/roshanajith/Documents/Products/DarpanAI/mobile/node_modules/@babel/parser/lib/index.js:11442:22)
    at TypeScriptParserMixin.parseExprSubscripts (/Users/roshanajith/Documents/Products/DarpanAI/mobile/node_modules/@babel/parser/lib/index.js:11081:23)
    at TypeScriptParserMixin.parseUpdate (/Users/roshanajith/Documents/Products/DarpanAI/mobile/node_modules/@babel/parser/lib/index.js:11066:21)
    at TypeScriptParserMixin.parseMaybeUnary (/Users/roshanajith/Documents/Products/DarpanAI/mobile/node_modules/@babel/parser/lib/index.js:11046:23)
    at TypeScriptParserMixin.parseMaybeUnary (/Users/roshanajith/Documents/Products/DarpanAI/mobile/node_modules/@babel/parser/lib/index.js:9837:18)
    at TypeScriptParserMixin.parseMaybeUnaryOrPrivate (/Users/roshanajith/Documents/Products/DarpanAI/mobile/node_modules/@babel/parser/lib/index.js:10899:61)
    at TypeScriptParserMixin.parseExprOps (/Users/roshanajith/Documents/Products/DarpanAI/mobile/node_modules/@babel/parser/lib/index.js:10904:23)
    at TypeScriptParserMixin.parseMaybeConditional (/Users/roshanajith/Documents/Products/DarpanAI/mobile/node_modules/@babel/parser/lib/index.js:10881:23)
    at TypeScriptParserMixin.parseMaybeAssign (/Users/roshanajith/Documents/Products/DarpanAI/mobile/node_modules/@babel/parser/lib/index.js:10831:21)
    at TypeScriptParserMixin.parseMaybeAssign (/Users/roshanajith/Documents/Products/DarpanAI/mobile/node_modules/@babel/parser/lib/index.js:9786:20)
    at TypeScriptParserMixin.parseExpressionBase (/Users/roshanajith/Documents/Products/DarpanAI/mobile/node_modules/@babel/parser/lib/index.js:10784:23)
    at /Users/roshanajith/Documents/Products/DarpanAI/mobile/node_modules/@babel/parser/lib/index.js:10780:39
    at TypeScriptParserMixin.allowInAnd (/Users/roshanajith/Documents/Products/DarpanAI/mobile/node_modules/@babel/parser/lib/index.js:12421:16)
    at TypeScriptParserMixin.parseExpression (/Users/roshanajith/Documents/Products/DarpanAI/mobile/node_modules/@babel/parser/lib/index.js:10780:17)
    at TypeScriptParserMixin.parseStatementContent (/Users/roshanajith/Documents/Products/DarpanAI/mobile/node_modules/@babel/parser/lib/index.js:12895:23)
    at TypeScriptParserMixin.parseStatementContent (/Users/roshanajith/Documents/Products/DarpanAI/mobile/node_modules/@babel/parser/lib/index.js:9508:18)
    at TypeScriptParserMixin.parseStatementLike (/Users/roshanajith/Documents/Products/DarpanAI/mobile/node_modules/@babel/parser/lib/index.js:12767:17)
    at TypeScriptParserMixin.parseStatementListItem (/Users/roshanajith/Documents/Products/DarpanAI/mobile/node_modules/@babel/parser/lib/index.js:12747:17)
    at TypeScriptParserMixin.parseBlockOrModuleBlockBody (/Users/roshanajith/Documents/Products/DarpanAI/mobile/node_modules/@babel/parser/lib/index.js:13316:61)
    at TypeScriptParserMixin.parseBlockBody (/Users/roshanajith/Documents/Products/DarpanAI/mobile/node_modules/@babel/parser/lib/index.js:13309:10)
    at TypeScriptParserMixin.parseBlock (/Users/roshanajith/Documents/Products/DarpanAI/mobile/node_modules/@babel/parser/lib/index.js:13297:10)
    at TypeScriptParserMixin.parseFunctionBody (/Users/roshanajith/Documents/Products/DarpanAI/mobile/node_modules/@babel/parser/lib/index.js:12100:24)
    at TypeScriptParserMixin.parseArrowExpression (/Users/roshanajith/Documents/Products/DarpanAI/mobile/node_modules/@babel/parser/lib/index.js:12075:10)
    at TypeScriptParserMixin.parseParenAndDistinguishExpression (/Users/roshanajith/Documents/Products/DarpanAI/mobile/node_modules/@babel/parser/lib/index.js:11687:12)
    at TypeScriptParserMixin.parseExprAtom (/Users/roshanajith/Documents/Products/DarpanAI/mobile/node_modules/@babel/parser/lib/index.js:11331:23)
    at TypeScriptParserMixin.parseExprSubscripts (/Users/roshanajith/Documents/Products/DarpanAI/mobile/node_modules/@babel/parser/lib/index.js:11081:23)
    at TypeScriptParserMixin.parseUpdate (/Users/roshanajith/Documents/Products/DarpanAI/mobile/node_modules/@babel/parser/lib/index.js:11066:21)
    at TypeScriptParserMixin.parseMaybeUnary (/Users/roshanajith/Documents/Products/DarpanAI/mobile/node_modules/@babel/parser/lib/index.js:11046:23)
    at TypeScriptParserMixin.parseMaybeUnary (/Users/roshanajith/Documents/Products/DarpanAI/mobile/node_modules/@babel/parser/lib/index.js:9837:18)
    at TypeScriptParserMixin.parseMaybeUnaryOrPrivate (/Users/roshanajith/Documents/Products/DarpanAI/mobile/node_modules/@babel/parser/lib/index.js:10899:61)
    at TypeScriptParserMixin.parseExprOps (/Users/roshanajith/Documents/Products/DarpanAI/mobile/node_modules/@babel/parser/lib/index.js:10904:23)
    at TypeScriptParserMixin.parseMaybeConditional (/Users/roshanajith/Documents/Products/DarpanAI/mobile/node_modules/@babel/parser/lib/index.js:10881:23)
    at TypeScriptParserMixin.parseMaybeAssign (/Users/roshanajith/Documents/Products/DarpanAI/mobile/node_modules/@babel/parser/lib/index.js:10831:21)
    at TypeScriptParserMixin.parseMaybeAssign (/Users/roshanajith/Documents/Products/DarpanAI/mobile/node_modules/@babel/parser/lib/index.js:9786:20)
    at /Users/roshanajith/Documents/Products/DarpanAI/mobile/node_modules/@babel/parser/lib/index.js:10800:39
    at TypeScriptParserMixin.allowInAnd (/Users/roshanajith/Documents/Products/DarpanAI/mobile/node_modules/@babel/parser/lib/index.js:12426:12)
    at TypeScriptParserMixin.parseMaybeAssignAllowIn (/Users/roshanajith/Documents/Products/DarpanAI/mobile/node_modules/@babel/parser/lib/index.js:10800:17)
    at TypeScriptParserMixin.parseMaybeAssignAllowInOrVoidPattern (/Users/roshanajith/Documents/Products/DarpanAI/mobile/node_modules/@babel/parser/lib/index.js:12493:17)
    at TypeScriptParserMixin.parseExprListItem (/Users/roshanajith/Documents/Products/DarpanAI/mobile/node_modules/@babel/parser/lib/index.js:12175:18)
    at TypeScriptParserMixin.parseCallExpressionArguments (/Users/roshanajith/Documents/Products/DarpanAI/mobile/node_modules/@babel/parser/lib/index.js:11252:22)
    at TypeScriptParserMixin.parseCoverCallAndAsyncArrowHead (/Users/roshanajith/Documents/Products/DarpanAI/mobile/node_modules/@babel/parser/lib/index.js:11186:29)
    at TypeScriptParserMixin.parseSubscript (/Users/roshanajith/Documents/Products/DarpanAI/mobile/node_modules/@babel/parser/lib/index.js:11120:19)
    at TypeScriptParserMixin.parseSubscript (/Users/roshanajith/Documents/Products/DarpanAI/mobile/node_modules/@babel/parser/lib/index.js:9272:18)
    at TypeScriptParserMixin.parseSubscripts (/Users/roshanajith/Documents/Products/DarpanAI/mobile/node_modules/@babel/parser/lib/index.js:11094:19)
    at TypeScriptParserMixin.parseExprSubscripts (/Users/roshanajith/Documents/Products/DarpanAI/mobile/node_modules/@babel/parser/lib/index.js:11085:17)
    at TypeScriptParserMixin.parseUpdate (/Users/roshanajith/Documents/Products/DarpanAI/mobile/node_modules/@babel/parser/lib/index.js:11066:21)
    at TypeScriptParserMixin.parseMaybeUnary (/Users/roshanajith/Documents/Products/DarpanAI/mobile/node_modules/@babel/parser/lib/index.js:11046:23)
iOS Bundling failed 9ms index.js (1 module)
 ERROR  SyntaxError: /Users/roshanajith/Documents/Products/DarpanAI/mobile/src/services/healthKitCore.ts: Unexpected token (120:13)

  118 |                 heightM: heightM ? Number(heightM.toFixed(2)) : null,
  119 |               });
> 120 |             });
      |              ^
  121 |           });
  122 |         });
  123 |       });
    at constructor (/Users/roshanajith/Documents/Products/DarpanAI/mobile/node_modules/@babel/parser/lib/index.js:365:19)
    at TypeScriptParserMixin.raise (/Users/roshanajith/Documents/Products/DarpanAI/mobile/node_modules/@babel/parser/lib/index.js:6599:19)
    at TypeScriptParserMixin.unexpected (/Users/roshanajith/Documents/Products/DarpanAI/mobile/node_modules/@babel/parser/lib/index.js:6619:16)
    at TypeScriptParserMixin.parseExprAtom (/Users/roshanajith/Documents/Products/DarpanAI/mobile/node_modules/@babel/parser/lib/index.js:11442:22)
    at TypeScriptParserMixin.parseExprSubscripts (/Users/roshanajith/Documents/Products/DarpanAI/mobile/node_modules/@babel/parser/lib/index.js:11081:23)
    at TypeScriptParserMixin.parseUpdate (/Users/roshanajith/Documents/Products/DarpanAI/mobile/node_modules/@babel/parser/lib/index.js:11066:21)
    at TypeScriptParserMixin.parseMaybeUnary (/Users/roshanajith/Documents/Products/DarpanAI/mobile/node_modules/@babel/parser/lib/index.js:11046:23)
    at TypeScriptParserMixin.parseMaybeUnary (/Users/roshanajith/Documents/Products/DarpanAI/mobile/node_modules/@babel/parser/lib/index.js:9837:18)
    at TypeScriptParserMixin.parseMaybeUnaryOrPrivate (/Users/roshanajith/Documents/Products/DarpanAI/mobile/node_modules/@babel/parser/lib/index.js:10899:61)
    at TypeScriptParserMixin.parseExprOps (/Users/roshanajith/Documents/Products/DarpanAI/mobile/node_modules/@babel/parser/lib/index.js:10904:23)
    at TypeScriptParserMixin.parseMaybeConditional (/Users/roshanajith/Documents/Products/DarpanAI/mobile/node_modules/@babel/parser/lib/index.js:10881:23)
    at TypeScriptParserMixin.parseMaybeAssign (/Users/roshanajith/Documents/Products/DarpanAI/mobile/node_modules/@babel/parser/lib/index.js:10831:21)
    at TypeScriptParserMixin.parseMaybeAssign (/Users/roshanajith/Documents/Products/DarpanAI/mobile/node_modules/@babel/parser/lib/index.js:9786:20)
    at TypeScriptParserMixin.parseExpressionBase (/Users/roshanajith/Documents/Products/DarpanAI/mobile/node_modules/@babel/parser/lib/index.js:10784:23)
    at /Users/roshanajith/Documents/Products/DarpanAI/mobile/node_modules/@babel/parser/lib/index.js:10780:39
    at TypeScriptParserMixin.allowInAnd (/Users/roshanajith/Documents/Products/DarpanAI/mobile/node_modules/@babel/parser/lib/index.js:12421:16)
    at TypeScriptParserMixin.parseExpression (/Users/roshanajith/Documents/Products/DarpanAI/mobile/node_modules/@babel/parser/lib/index.js:10780:17)
    at TypeScriptParserMixin.parseStatementContent (/Users/roshanajith/Documents/Products/DarpanAI/mobile/node_modules/@babel/parser/lib/index.js:12895:23)
    at TypeScriptParserMixin.parseStatementContent (/Users/roshanajith/Documents/Products/DarpanAI/mobile/node_modules/@babel/parser/lib/index.js:9508:18)
    at TypeScriptParserMixin.parseStatementLike (/Users/roshanajith/Documents/Products/DarpanAI/mobile/node_modules/@babel/parser/lib/index.js:12767:17)
    at TypeScriptParserMixin.parseStatementListItem (/Users/roshanajith/Documents/Products/DarpanAI/mobile/node_modules/@babel/parser/lib/index.js:12747:17)
    at TypeScriptParserMixin.parseBlockOrModuleBlockBody (/Users/roshanajith/Documents/Products/DarpanAI/mobile/node_modules/@babel/parser/lib/index.js:13316:61)
    at TypeScriptParserMixin.parseBlockBody (/Users/roshanajith/Documents/Products/DarpanAI/mobile/node_modules/@babel/parser/lib/index.js:13309:10)
    at TypeScriptParserMixin.parseBlock (/Users/roshanajith/Documents/Products/DarpanAI/mobile/node_modules/@babel/parser/lib/index.js:13297:10)
    at TypeScriptParserMixin.parseFunctionBody (/Users/roshanajith/Documents/Products/DarpanAI/mobile/node_modules/@babel/parser/lib/index.js:12100:24)
    at TypeScriptParserMixin.parseArrowExpression (/Users/roshanajith/Documents/Products/DarpanAI/mobile/node_modules/@babel/parser/lib/index.js:12075:10)
    at TypeScriptParserMixin.parseParenAndDistinguishExpression (/Users/roshanajith/Documents/Products/DarpanAI/mobile/node_modules/@babel/parser/lib/index.js:11687:12)
    at TypeScriptParserMixin.parseExprAtom (/Users/roshanajith/Documents/Products/DarpanAI/mobile/node_modules/@babel/parser/lib/index.js:11331:23)
    at TypeScriptParserMixin.parseExprSubscripts (/Users/roshanajith/Documents/Products/DarpanAI/mobile/node_modules/@babel/parser/lib/index.js:11081:23)
    at TypeScriptParserMixin.parseUpdate (/Users/roshanajith/Documents/Products/DarpanAI/mobile/node_modules/@babel/parser/lib/index.js:11066:21)
    at TypeScriptParserMixin.parseMaybeUnary (/Users/roshanajith/Documents/Products/DarpanAI/mobile/node_modules/@babel/parser/lib/index.js:11046:23)
    at TypeScriptParserMixin.parseMaybeUnary (/Users/roshanajith/Documents/Products/DarpanAI/mobile/node_modules/@babel/parser/lib/index.js:9837:18)
    at TypeScriptParserMixin.parseMaybeUnaryOrPrivate (/Users/roshanajith/Documents/Products/DarpanAI/mobile/node_modules/@babel/parser/lib/index.js:10899:61)
    at TypeScriptParserMixin.parseExprOps (/Users/roshanajith/Documents/Products/DarpanAI/mobile/node_modules/@babel/parser/lib/index.js:10904:23)
    at TypeScriptParserMixin.parseMaybeConditional (/Users/roshanajith/Documents/Products/DarpanAI/mobile/node_modules/@babel/parser/lib/index.js:10881:23)
    at TypeScriptParserMixin.parseMaybeAssign (/Users/roshanajith/Documents/Products/DarpanAI/mobile/node_modules/@babel/parser/lib/index.js:10831:21)
    at TypeScriptParserMixin.parseMaybeAssign (/Users/roshanajith/Documents/Products/DarpanAI/mobile/node_modules/@babel/parser/lib/index.js:9786:20)
    at /Users/roshanajith/Documents/Products/DarpanAI/mobile/node_modules/@babel/parser/lib/index.js:10800:39
    at TypeScriptParserMixin.allowInAnd (/Users/roshanajith/Documents/Products/DarpanAI/mobile/node_modules/@babel/parser/lib/index.js:12426:12)
    at TypeScriptParserMixin.parseMaybeAssignAllowIn (/Users/roshanajith/Documents/Products/DarpanAI/mobile/node_modules/@babel/parser/lib/index.js:10800:17)
    at TypeScriptParserMixin.parseMaybeAssignAllowInOrVoidPattern (/Users/roshanajith/Documents/Products/DarpanAI/mobile/node_modules/@babel/parser/lib/index.js:12493:17)
    at TypeScriptParserMixin.parseExprListItem (/Users/roshanajith/Documents/Products/DarpanAI/mobile/node_modules/@babel/parser/lib/index.js:12175:18)
    at TypeScriptParserMixin.parseCallExpressionArguments (/Users/roshanajith/Documents/Products/DarpanAI/mobile/node_modules/@babel/parser/lib/index.js:11252:22)
    at TypeScriptParserMixin.parseCoverCallAndAsyncArrowHead (/Users/roshanajith/Documents/Products/DarpanAI/mobile/node_modules/@babel/parser/lib/index.js:11186:29)
    at TypeScriptParserMixin.parseSubscript (/Users/roshanajith/Documents/Products/DarpanAI/mobile/node_modules/@babel/parser/lib/index.js:11120:19)
    at TypeScriptParserMixin.parseSubscript (/Users/roshanajith/Documents/Products/DarpanAI/mobile/node_modules/@babel/parser/lib/index.js:9272:18)
    at TypeScriptParserMixin.parseSubscripts (/Users/roshanajith/Documents/Products/DarpanAI/mobile/node_modules/@babel/parser/lib/index.js:11094:19)
    at TypeScriptParserMixin.parseExprSubscripts (/Users/roshanajith/Documents/Products/DarpanAI/mobile/node_modules/@babel/parser/lib/index.js:11085:17)
    at TypeScriptParserMixin.parseUpdate (/Users/roshanajith/Documents/Products/DarpanAI/mobile/node_modules/@babel/parser/lib/index.js:11066:21)
    at TypeScriptParserMixin.parseMaybeUnary (/Users/roshanajith/Documents/Products/DarpanAI/mobile/node_modules/@babel/parser/lib/index.js:11046:23)
iOS Bundling failed 9ms index.js (1 module)
 ERROR  SyntaxError: /Users/roshanajith/Documents/Products/DarpanAI/mobile/src/services/healthKitCore.ts: Unexpected token (120:13)

  118 |                 heightM: heightM ? Number(heightM.toFixed(2)) : null,
  119 |               });
> 120 |             });
      |              ^
  121 |           });
  122 |         });
  123 |       });
    at constructor (/Users/roshanajith/Documents/Products/DarpanAI/mobile/node_modules/@babel/parser/lib/index.js:365:19)
    at TypeScriptParserMixin.raise (/Users/roshanajith/Documents/Products/DarpanAI/mobile/node_modules/@babel/parser/lib/index.js:6599:19)
    at TypeScriptParserMixin.unexpected (/Users/roshanajith/Documents/Products/DarpanAI/mobile/node_modules/@babel/parser/lib/index.js:6619:16)
    at TypeScriptParserMixin.parseExprAtom (/Users/roshanajith/Documents/Products/DarpanAI/mobile/node_modules/@babel/parser/lib/index.js:11442:22)
    at TypeScriptParserMixin.parseExprSubscripts (/Users/roshanajith/Documents/Products/DarpanAI/mobile/node_modules/@babel/parser/lib/index.js:11081:23)
    at TypeScriptParserMixin.parseUpdate (/Users/roshanajith/Documents/Products/DarpanAI/mobile/node_modules/@babel/parser/lib/index.js:11066:21)
    at TypeScriptParserMixin.parseMaybeUnary (/Users/roshanajith/Documents/Products/DarpanAI/mobile/node_modules/@babel/parser/lib/index.js:11046:23)
    at TypeScriptParserMixin.parseMaybeUnary (/Users/roshanajith/Documents/Products/DarpanAI/mobile/node_modules/@babel/parser/lib/index.js:9837:18)
    at TypeScriptParserMixin.parseMaybeUnaryOrPrivate (/Users/roshanajith/Documents/Products/DarpanAI/mobile/node_modules/@babel/parser/lib/index.js:10899:61)
    at TypeScriptParserMixin.parseExprOps (/Users/roshanajith/Documents/Products/DarpanAI/mobile/node_modules/@babel/parser/lib/index.js:10904:23)
    at TypeScriptParserMixin.parseMaybeConditional (/Users/roshanajith/Documents/Products/DarpanAI/mobile/node_modules/@babel/parser/lib/index.js:10881:23)
    at TypeScriptParserMixin.parseMaybeAssign (/Users/roshanajith/Documents/Products/DarpanAI/mobile/node_modules/@babel/parser/lib/index.js:10831:21)
    at TypeScriptParserMixin.parseMaybeAssign (/Users/roshanajith/Documents/Products/DarpanAI/mobile/node_modules/@babel/parser/lib/index.js:9786:20)
    at TypeScriptParserMixin.parseExpressionBase (/Users/roshanajith/Documents/Products/DarpanAI/mobile/node_modules/@babel/parser/lib/index.js:10784:23)
    at /Users/roshanajith/Documents/Products/DarpanAI/mobile/node_modules/@babel/parser/lib/index.js:10780:39
    at TypeScriptParserMixin.allowInAnd (/Users/roshanajith/Documents/Products/DarpanAI/mobile/node_modules/@babel/parser/lib/index.js:12421:16)
    at TypeScriptParserMixin.parseExpression (/Users/roshanajith/Documents/Products/DarpanAI/mobile/node_modules/@babel/parser/lib/index.js:10780:17)
    at TypeScriptParserMixin.parseStatementContent (/Users/roshanajith/Documents/Products/DarpanAI/mobile/node_modules/@babel/parser/lib/index.js:12895:23)
    at TypeScriptParserMixin.parseStatementContent (/Users/roshanajith/Documents/Products/DarpanAI/mobile/node_modules/@babel/parser/lib/index.js:9508:18)
    at TypeScriptParserMixin.parseStatementLike (/Users/roshanajith/Documents/Products/DarpanAI/mobile/node_modules/@babel/parser/lib/index.js:12767:17)
    at TypeScriptParserMixin.parseStatementListItem (/Users/roshanajith/Documents/Products/DarpanAI/mobile/node_modules/@babel/parser/lib/index.js:12747:17)
    at TypeScriptParserMixin.parseBlockOrModuleBlockBody (/Users/roshanajith/Documents/Products/DarpanAI/mobile/node_modules/@babel/parser/lib/index.js:13316:61)
    at TypeScriptParserMixin.parseBlockBody (/Users/roshanajith/Documents/Products/DarpanAI/mobile/node_modules/@babel/parser/lib/index.js:13309:10)
    at TypeScriptParserMixin.parseBlock (/Users/roshanajith/Documents/Products/DarpanAI/mobile/node_modules/@babel/parser/lib/index.js:13297:10)
    at TypeScriptParserMixin.parseFunctionBody (/Users/roshanajith/Documents/Products/DarpanAI/mobile/node_modules/@babel/parser/lib/index.js:12100:24)
    at TypeScriptParserMixin.parseArrowExpression (/Users/roshanajith/Documents/Products/DarpanAI/mobile/node_modules/@babel/parser/lib/index.js:12075:10)
    at TypeScriptParserMixin.parseParenAndDistinguishExpression (/Users/roshanajith/Documents/Products/DarpanAI/mobile/node_modules/@babel/parser/lib/index.js:11687:12)
    at TypeScriptParserMixin.parseExprAtom (/Users/roshanajith/Documents/Products/DarpanAI/mobile/node_modules/@babel/parser/lib/index.js:11331:23)
    at TypeScriptParserMixin.parseExprSubscripts (/Users/roshanajith/Documents/Products/DarpanAI/mobile/node_modules/@babel/parser/lib/index.js:11081:23)
    at TypeScriptParserMixin.parseUpdate (/Users/roshanajith/Documents/Products/DarpanAI/mobile/node_modules/@babel/parser/lib/index.js:11066:21)
    at TypeScriptParserMixin.parseMaybeUnary (/Users/roshanajith/Documents/Products/DarpanAI/mobile/node_modules/@babel/parser/lib/index.js:11046:23)
    at TypeScriptParserMixin.parseMaybeUnary (/Users/roshanajith/Documents/Products/DarpanAI/mobile/node_modules/@babel/parser/lib/index.js:9837:18)
    at TypeScriptParserMixin.parseMaybeUnaryOrPrivate (/Users/roshanajith/Documents/Products/DarpanAI/mobile/node_modules/@babel/parser/lib/index.js:10899:61)
    at TypeScriptParserMixin.parseExprOps (/Users/roshanajith/Documents/Products/DarpanAI/mobile/node_modules/@babel/parser/lib/index.js:10904:23)
    at TypeScriptParserMixin.parseMaybeConditional (/Users/roshanajith/Documents/Products/DarpanAI/mobile/node_modules/@babel/parser/lib/index.js:10881:23)
    at TypeScriptParserMixin.parseMaybeAssign (/Users/roshanajith/Documents/Products/DarpanAI/mobile/node_modules/@babel/parser/lib/index.js:10831:21)
    at TypeScriptParserMixin.parseMaybeAssign (/Users/roshanajith/Documents/Products/DarpanAI/mobile/node_modules/@babel/parser/lib/index.js:9786:20)
    at /Users/roshanajith/Documents/Products/DarpanAI/mobile/node_modules/@babel/parser/lib/index.js:10800:39
    at TypeScriptParserMixin.allowInAnd (/Users/roshanajith/Documents/Products/DarpanAI/mobile/node_modules/@babel/parser/lib/index.js:12426:12)
    at TypeScriptParserMixin.parseMaybeAssignAllowIn (/Users/roshanajith/Documents/Products/DarpanAI/mobile/node_modules/@babel/parser/lib/index.js:10800:17)
    at TypeScriptParserMixin.parseMaybeAssignAllowInOrVoidPattern (/Users/roshanajith/Documents/Products/DarpanAI/mobile/node_modules/@babel/parser/lib/index.js:12493:17)
    at TypeScriptParserMixin.parseExprListItem (/Users/roshanajith/Documents/Products/DarpanAI/mobile/node_modules/@babel/parser/lib/index.js:12175:18)
    at TypeScriptParserMixin.parseCallExpressionArguments (/Users/roshanajith/Documents/Products/DarpanAI/mobile/node_modules/@babel/parser/lib/index.js:11252:22)
    at TypeScriptParserMixin.parseCoverCallAndAsyncArrowHead (/Users/roshanajith/Documents/Products/DarpanAI/mobile/node_modules/@babel/parser/lib/index.js:11186:29)
    at TypeScriptParserMixin.parseSubscript (/Users/roshanajith/Documents/Products/DarpanAI/mobile/node_modules/@babel/parser/lib/index.js:11120:19)
    at TypeScriptParserMixin.parseSubscript (/Users/roshanajith/Documents/Products/DarpanAI/mobile/node_modules/@babel/parser/lib/index.js:9272:18)
    at TypeScriptParserMixin.parseSubscripts (/Users/roshanajith/Documents/Products/DarpanAI/mobile/node_modules/@babel/parser/lib/index.js:11094:19)
    at TypeScriptParserMixin.parseExprSubscripts (/Users/roshanajith/Documents/Products/DarpanAI/mobile/node_modules/@babel/parser/lib/index.js:11085:17)
    at TypeScriptParserMixin.parseUpdate (/Users/roshanajith/Documents/Products/DarpanAI/mobile/node_modules/@babel/parser/lib/index.js:11066:21)
    at TypeScriptParserMixin.parseMaybeUnary (/Users/roshanajith/Documents/Products/DarpanAI/mobile/node_modules/@babel/parser/lib/index.js:11046:23)
iOS Bundling failed 9ms index.js (1 module)
 ERROR  SyntaxError: /Users/roshanajith/Documents/Products/DarpanAI/mobile/src/services/healthKitCore.ts: Unexpected token (120:13)

  118 |                 heightM: heightM ? Number(heightM.toFixed(2)) : null,
  119 |               });
> 120 |             });
      |              ^
  121 |           });
  122 |         });
  123 |       });
    at constructor (/Users/roshanajith/Documents/Products/DarpanAI/mobile/node_modules/@babel/parser/lib/index.js:365:19)
    at TypeScriptParserMixin.raise (/Users/roshanajith/Documents/Products/DarpanAI/mobile/node_modules/@babel/parser/lib/index.js:6599:19)
    at TypeScriptParserMixin.unexpected (/Users/roshanajith/Documents/Products/DarpanAI/mobile/node_modules/@babel/parser/lib/index.js:6619:16)
    at TypeScriptParserMixin.parseExprAtom (/Users/roshanajith/Documents/Products/DarpanAI/mobile/node_modules/@babel/parser/lib/index.js:11442:22)
    at TypeScriptParserMixin.parseExprSubscripts (/Users/roshanajith/Documents/Products/DarpanAI/mobile/node_modules/@babel/parser/lib/index.js:11081:23)
    at TypeScriptParserMixin.parseUpdate (/Users/roshanajith/Documents/Products/DarpanAI/mobile/node_modules/@babel/parser/lib/index.js:11066:21)
    at TypeScriptParserMixin.parseMaybeUnary (/Users/roshanajith/Documents/Products/DarpanAI/mobile/node_modules/@babel/parser/lib/index.js:11046:23)
    at TypeScriptParserMixin.parseMaybeUnary (/Users/roshanajith/Documents/Products/DarpanAI/mobile/node_modules/@babel/parser/lib/index.js:9837:18)
    at TypeScriptParserMixin.parseMaybeUnaryOrPrivate (/Users/roshanajith/Documents/Products/DarpanAI/mobile/node_modules/@babel/parser/lib/index.js:10899:61)
    at TypeScriptParserMixin.parseExprOps (/Users/roshanajith/Documents/Products/DarpanAI/mobile/node_modules/@babel/parser/lib/index.js:10904:23)
    at TypeScriptParserMixin.parseMaybeConditional (/Users/roshanajith/Documents/Products/DarpanAI/mobile/node_modules/@babel/parser/lib/index.js:10881:23)
    at TypeScriptParserMixin.parseMaybeAssign (/Users/roshanajith/Documents/Products/DarpanAI/mobile/node_modules/@babel/parser/lib/index.js:10831:21)
    at TypeScriptParserMixin.parseMaybeAssign (/Users/roshanajith/Documents/Products/DarpanAI/mobile/node_modules/@babel/parser/lib/index.js:9786:20)
    at TypeScriptParserMixin.parseExpressionBase (/Users/roshanajith/Documents/Products/DarpanAI/mobile/node_modules/@babel/parser/lib/index.js:10784:23)
    at /Users/roshanajith/Documents/Products/DarpanAI/mobile/node_modules/@babel/parser/lib/index.js:10780:39
    at TypeScriptParserMixin.allowInAnd (/Users/roshanajith/Documents/Products/DarpanAI/mobile/node_modules/@babel/parser/lib/index.js:12421:16)
    at TypeScriptParserMixin.parseExpression (/Users/roshanajith/Documents/Products/DarpanAI/mobile/node_modules/@babel/parser/lib/index.js:10780:17)
    at TypeScriptParserMixin.parseStatementContent (/Users/roshanajith/Documents/Products/DarpanAI/mobile/node_modules/@babel/parser/lib/index.js:12895:23)
    at TypeScriptParserMixin.parseStatementContent (/Users/roshanajith/Documents/Products/DarpanAI/mobile/node_modules/@babel/parser/lib/index.js:9508:18)
    at TypeScriptParserMixin.parseStatementLike (/Users/roshanajith/Documents/Products/DarpanAI/mobile/node_modules/@babel/parser/lib/index.js:12767:17)
    at TypeScriptParserMixin.parseStatementListItem (/Users/roshanajith/Documents/Products/DarpanAI/mobile/node_modules/@babel/parser/lib/index.js:12747:17)
    at TypeScriptParserMixin.parseBlockOrModuleBlockBody (/Users/roshanajith/Documents/Products/DarpanAI/mobile/node_modules/@babel/parser/lib/index.js:13316:61)
    at TypeScriptParserMixin.parseBlockBody (/Users/roshanajith/Documents/Products/DarpanAI/mobile/node_modules/@babel/parser/lib/index.js:13309:10)
    at TypeScriptParserMixin.parseBlock (/Users/roshanajith/Documents/Products/DarpanAI/mobile/node_modules/@babel/parser/lib/index.js:13297:10)
    at TypeScriptParserMixin.parseFunctionBody (/Users/roshanajith/Documents/Products/DarpanAI/mobile/node_modules/@babel/parser/lib/index.js:12100:24)
    at TypeScriptParserMixin.parseArrowExpression (/Users/roshanajith/Documents/Products/DarpanAI/mobile/node_modules/@babel/parser/lib/index.js:12075:10)
    at TypeScriptParserMixin.parseParenAndDistinguishExpression (/Users/roshanajith/Documents/Products/DarpanAI/mobile/node_modules/@babel/parser/lib/index.js:11687:12)
    at TypeScriptParserMixin.parseExprAtom (/Users/roshanajith/Documents/Products/DarpanAI/mobile/node_modules/@babel/parser/lib/index.js:11331:23)
    at TypeScriptParserMixin.parseExprSubscripts (/Users/roshanajith/Documents/Products/DarpanAI/mobile/node_modules/@babel/parser/lib/index.js:11081:23)
    at TypeScriptParserMixin.parseUpdate (/Users/roshanajith/Documents/Products/DarpanAI/mobile/node_modules/@babel/parser/lib/index.js:11066:21)
    at TypeScriptParserMixin.parseMaybeUnary (/Users/roshanajith/Documents/Products/DarpanAI/mobile/node_modules/@babel/parser/lib/index.js:11046:23)
    at TypeScriptParserMixin.parseMaybeUnary (/Users/roshanajith/Documents/Products/DarpanAI/mobile/node_modules/@babel/parser/lib/index.js:9837:18)
    at TypeScriptParserMixin.parseMaybeUnaryOrPrivate (/Users/roshanajith/Documents/Products/DarpanAI/mobile/node_modules/@babel/parser/lib/index.js:10899:61)
    at TypeScriptParserMixin.parseExprOps (/Users/roshanajith/Documents/Products/DarpanAI/mobile/node_modules/@babel/parser/lib/index.js:10904:23)
    at TypeScriptParserMixin.parseMaybeConditional (/Users/roshanajith/Documents/Products/DarpanAI/mobile/node_modules/@babel/parser/lib/index.js:10881:23)
    at TypeScriptParserMixin.parseMaybeAssign (/Users/roshanajith/Documents/Products/DarpanAI/mobile/node_modules/@babel/parser/lib/index.js:10831:21)
    at TypeScriptParserMixin.parseMaybeAssign (/Users/roshanajith/Documents/Products/DarpanAI/mobile/node_modules/@babel/parser/lib/index.js:9786:20)
    at /Users/roshanajith/Documents/Products/DarpanAI/mobile/node_modules/@babel/parser/lib/index.js:10800:39
    at TypeScriptParserMixin.allowInAnd (/Users/roshanajith/Documents/Products/DarpanAI/mobile/node_modules/@babel/parser/lib/index.js:12426:12)
    at TypeScriptParserMixin.parseMaybeAssignAllowIn (/Users/roshanajith/Documents/Products/DarpanAI/mobile/node_modules/@babel/parser/lib/index.js:10800:17)
    at TypeScriptParserMixin.parseMaybeAssignAllowInOrVoidPattern (/Users/roshanajith/Documents/Products/DarpanAI/mobile/node_modules/@babel/parser/lib/index.js:12493:17)
    at TypeScriptParserMixin.parseExprListItem (/Users/roshanajith/Documents/Products/DarpanAI/mobile/node_modules/@babel/parser/lib/index.js:12175:18)
    at TypeScriptParserMixin.parseCallExpressionArguments (/Users/roshanajith/Documents/Products/DarpanAI/mobile/node_modules/@babel/parser/lib/index.js:11252:22)
    at TypeScriptParserMixin.parseCoverCallAndAsyncArrowHead (/Users/roshanajith/Documents/Products/DarpanAI/mobile/node_modules/@babel/parser/lib/index.js:11186:29)
    at TypeScriptParserMixin.parseSubscript (/Users/roshanajith/Documents/Products/DarpanAI/mobile/node_modules/@babel/parser/lib/index.js:11120:19)
    at TypeScriptParserMixin.parseSubscript (/Users/roshanajith/Documents/Products/DarpanAI/mobile/node_modules/@babel/parser/lib/index.js:9272:18)
    at TypeScriptParserMixin.parseSubscripts (/Users/roshanajith/Documents/Products/DarpanAI/mobile/node_modules/@babel/parser/lib/index.js:11094:19)
    at TypeScriptParserMixin.parseExprSubscripts (/Users/roshanajith/Documents/Products/DarpanAI/mobile/node_modules/@babel/parser/lib/index.js:11085:17)
    at TypeScriptParserMixin.parseUpdate (/Users/roshanajith/Documents/Products/DarpanAI/mobile/node_modules/@babel/parser/lib/index.js:11066:21)
    at TypeScriptParserMixin.parseMaybeUnary (/Users/roshanajith/Documents/Products/DarpanAI/mobile/node_modules/@babel/parser/lib/index.js:11046:23)
iOS Bundling failed 13ms index.js (1 module)
 ERROR  SyntaxError: /Users/roshanajith/Documents/Products/DarpanAI/mobile/src/services/healthKitCore.ts: Unexpected token (120:13)

  118 |                 heightM: heightM ? Number(heightM.toFixed(2)) : null,
  119 |               });
> 120 |             });
      |              ^
  121 |           });
  122 |         });
  123 |       });
    at constructor (/Users/roshanajith/Documents/Products/DarpanAI/mobile/node_modules/@babel/parser/lib/index.js:365:19)
    at TypeScriptParserMixin.raise (/Users/roshanajith/Documents/Products/DarpanAI/mobile/node_modules/@babel/parser/lib/index.js:6599:19)
    at TypeScriptParserMixin.unexpected (/Users/roshanajith/Documents/Products/DarpanAI/mobile/node_modules/@babel/parser/lib/index.js:6619:16)
    at TypeScriptParserMixin.parseExprAtom (/Users/roshanajith/Documents/Products/DarpanAI/mobile/node_modules/@babel/parser/lib/index.js:11442:22)
    at TypeScriptParserMixin.parseExprSubscripts (/Users/roshanajith/Documents/Products/DarpanAI/mobile/node_modules/@babel/parser/lib/index.js:11081:23)
    at TypeScriptParserMixin.parseUpdate (/Users/roshanajith/Documents/Products/DarpanAI/mobile/node_modules/@babel/parser/lib/index.js:11066:21)
    at TypeScriptParserMixin.parseMaybeUnary (/Users/roshanajith/Documents/Products/DarpanAI/mobile/node_modules/@babel/parser/lib/index.js:11046:23)
    at TypeScriptParserMixin.parseMaybeUnary (/Users/roshanajith/Documents/Products/DarpanAI/mobile/node_modules/@babel/parser/lib/index.js:9837:18)
    at TypeScriptParserMixin.parseMaybeUnaryOrPrivate (/Users/roshanajith/Documents/Products/DarpanAI/mobile/node_modules/@babel/parser/lib/index.js:10899:61)
    at TypeScriptParserMixin.parseExprOps (/Users/roshanajith/Documents/Products/DarpanAI/mobile/node_modules/@babel/parser/lib/index.js:10904:23)
    at TypeScriptParserMixin.parseMaybeConditional (/Users/roshanajith/Documents/Products/DarpanAI/mobile/node_modules/@babel/parser/lib/index.js:10881:23)
    at TypeScriptParserMixin.parseMaybeAssign (/Users/roshanajith/Documents/Products/DarpanAI/mobile/node_modules/@babel/parser/lib/index.js:10831:21)
    at TypeScriptParserMixin.parseMaybeAssign (/Users/roshanajith/Documents/Products/DarpanAI/mobile/node_modules/@babel/parser/lib/index.js:9786:20)
    at TypeScriptParserMixin.parseExpressionBase (/Users/roshanajith/Documents/Products/DarpanAI/mobile/node_modules/@babel/parser/lib/index.js:10784:23)
    at /Users/roshanajith/Documents/Products/DarpanAI/mobile/node_modules/@babel/parser/lib/index.js:10780:39
    at TypeScriptParserMixin.allowInAnd (/Users/roshanajith/Documents/Products/DarpanAI/mobile/node_modules/@babel/parser/lib/index.js:12421:16)
    at TypeScriptParserMixin.parseExpression (/Users/roshanajith/Documents/Products/DarpanAI/mobile/node_modules/@babel/parser/lib/index.js:10780:17)
    at TypeScriptParserMixin.parseStatementContent (/Users/roshanajith/Documents/Products/DarpanAI/mobile/node_modules/@babel/parser/lib/index.js:12895:23)
    at TypeScriptParserMixin.parseStatementContent (/Users/roshanajith/Documents/Products/DarpanAI/mobile/node_modules/@babel/parser/lib/index.js:9508:18)
    at TypeScriptParserMixin.parseStatementLike (/Users/roshanajith/Documents/Products/DarpanAI/mobile/node_modules/@babel/parser/lib/index.js:12767:17)
    at TypeScriptParserMixin.parseStatementListItem (/Users/roshanajith/Documents/Products/DarpanAI/mobile/node_modules/@babel/parser/lib/index.js:12747:17)
    at TypeScriptParserMixin.parseBlockOrModuleBlockBody (/Users/roshanajith/Documents/Products/DarpanAI/mobile/node_modules/@babel/parser/lib/index.js:13316:61)
    at TypeScriptParserMixin.parseBlockBody (/Users/roshanajith/Documents/Products/DarpanAI/mobile/node_modules/@babel/parser/lib/index.js:13309:10)
    at TypeScriptParserMixin.parseBlock (/Users/roshanajith/Documents/Products/DarpanAI/mobile/node_modules/@babel/parser/lib/index.js:13297:10)
    at TypeScriptParserMixin.parseFunctionBody (/Users/roshanajith/Documents/Products/DarpanAI/mobile/node_modules/@babel/parser/lib/index.js:12100:24)
    at TypeScriptParserMixin.parseArrowExpression (/Users/roshanajith/Documents/Products/DarpanAI/mobile/node_modules/@babel/parser/lib/index.js:12075:10)
    at TypeScriptParserMixin.parseParenAndDistinguishExpression (/Users/roshanajith/Documents/Products/DarpanAI/mobile/node_modules/@babel/parser/lib/index.js:11687:12)
    at TypeScriptParserMixin.parseExprAtom (/Users/roshanajith/Documents/Products/DarpanAI/mobile/node_modules/@babel/parser/lib/index.js:11331:23)
    at TypeScriptParserMixin.parseExprSubscripts (/Users/roshanajith/Documents/Products/DarpanAI/mobile/node_modules/@babel/parser/lib/index.js:11081:23)
    at TypeScriptParserMixin.parseUpdate (/Users/roshanajith/Documents/Products/DarpanAI/mobile/node_modules/@babel/parser/lib/index.js:11066:21)
    at TypeScriptParserMixin.parseMaybeUnary (/Users/roshanajith/Documents/Products/DarpanAI/mobile/node_modules/@babel/parser/lib/index.js:11046:23)
    at TypeScriptParserMixin.parseMaybeUnary (/Users/roshanajith/Documents/Products/DarpanAI/mobile/node_modules/@babel/parser/lib/index.js:9837:18)
    at TypeScriptParserMixin.parseMaybeUnaryOrPrivate (/Users/roshanajith/Documents/Products/DarpanAI/mobile/node_modules/@babel/parser/lib/index.js:10899:61)
    at TypeScriptParserMixin.parseExprOps (/Users/roshanajith/Documents/Products/DarpanAI/mobile/node_modules/@babel/parser/lib/index.js:10904:23)
    at TypeScriptParserMixin.parseMaybeConditional (/Users/roshanajith/Documents/Products/DarpanAI/mobile/node_modules/@babel/parser/lib/index.js:10881:23)
    at TypeScriptParserMixin.parseMaybeAssign (/Users/roshanajith/Documents/Products/DarpanAI/mobile/node_modules/@babel/parser/lib/index.js:10831:21)
    at TypeScriptParserMixin.parseMaybeAssign (/Users/roshanajith/Documents/Products/DarpanAI/mobile/node_modules/@babel/parser/lib/index.js:9786:20)
    at /Users/roshanajith/Documents/Products/DarpanAI/mobile/node_modules/@babel/parser/lib/index.js:10800:39
    at TypeScriptParserMixin.allowInAnd (/Users/roshanajith/Documents/Products/DarpanAI/mobile/node_modules/@babel/parser/lib/index.js:12426:12)
    at TypeScriptParserMixin.parseMaybeAssignAllowIn (/Users/roshanajith/Documents/Products/DarpanAI/mobile/node_modules/@babel/parser/lib/index.js:10800:17)
    at TypeScriptParserMixin.parseMaybeAssignAllowInOrVoidPattern (/Users/roshanajith/Documents/Products/DarpanAI/mobile/node_modules/@babel/parser/lib/index.js:12493:17)
    at TypeScriptParserMixin.parseExprListItem (/Users/roshanajith/Documents/Products/DarpanAI/mobile/node_modules/@babel/parser/lib/index.js:12175:18)
    at TypeScriptParserMixin.parseCallExpressionArguments (/Users/roshanajith/Documents/Products/DarpanAI/mobile/node_modules/@babel/parser/lib/index.js:11252:22)
    at TypeScriptParserMixin.parseCoverCallAndAsyncArrowHead (/Users/roshanajith/Documents/Products/DarpanAI/mobile/node_modules/@babel/parser/lib/index.js:11186:29)
    at TypeScriptParserMixin.parseSubscript (/Users/roshanajith/Documents/Products/DarpanAI/mobile/node_modules/@babel/parser/lib/index.js:11120:19)
    at TypeScriptParserMixin.parseSubscript (/Users/roshanajith/Documents/Products/DarpanAI/mobile/node_modules/@babel/parser/lib/index.js:9272:18)
    at TypeScriptParserMixin.parseSubscripts (/Users/roshanajith/Documents/Products/DarpanAI/mobile/node_modules/@babel/parser/lib/index.js:11094:19)
    at TypeScriptParserMixin.parseExprSubscripts (/Users/roshanajith/Documents/Products/DarpanAI/mobile/node_modules/@babel/parser/lib/index.js:11085:17)
    at TypeScriptParserMixin.parseUpdate (/Users/roshanajith/Documents/Products/DarpanAI/mobile/node_modules/@babel/parser/lib/index.js:11066:21)
    at TypeScriptParserMixin.parseMaybeUnary (/Users/roshanajith/Documents/Products/DarpanAI/mobile/node_modules/@babel/parser/lib/index.js:11046:23)
iOS ./index.js ░░░░░░░░░░░░░░░░  0.0% (0/1)
iOS Bundling failed 17ms index.js (1 module)
 ERROR  SyntaxError: /Users/roshanajith/Documents/Products/DarpanAI/mobile/src/services/healthKitCore.ts: Unexpected token (120:13)

  118 |                 heightM: heightM ? Number(heightM.toFixed(2)) : null,
  119 |               });
> 120 |             });
      |              ^
  121 |           });
  122 |         });
  123 |       });
    at constructor (/Users/roshanajith/Documents/Products/DarpanAI/mobile/node_modules/@babel/parser/lib/index.js:365:19)
    at TypeScriptParserMixin.raise (/Users/roshanajith/Documents/Products/DarpanAI/mobile/node_modules/@babel/parser/lib/index.js:6599:19)
    at TypeScriptParserMixin.unexpected (/Users/roshanajith/Documents/Products/DarpanAI/mobile/node_modules/@babel/parser/lib/index.js:6619:16)
    at TypeScriptParserMixin.parseExprAtom (/Users/roshanajith/Documents/Products/DarpanAI/mobile/node_modules/@babel/parser/lib/index.js:11442:22)
    at TypeScriptParserMixin.parseExprSubscripts (/Users/roshanajith/Documents/Products/DarpanAI/mobile/node_modules/@babel/parser/lib/index.js:11081:23)
    at TypeScriptParserMixin.parseUpdate (/Users/roshanajith/Documents/Products/DarpanAI/mobile/node_modules/@babel/parser/lib/index.js:11066:21)
    at TypeScriptParserMixin.parseMaybeUnary (/Users/roshanajith/Documents/Products/DarpanAI/mobile/node_modules/@babel/parser/lib/index.js:11046:23)
    at TypeScriptParserMixin.parseMaybeUnary (/Users/roshanajith/Documents/Products/DarpanAI/mobile/node_modules/@babel/parser/lib/index.js:9837:18)
    at TypeScriptParserMixin.parseMaybeUnaryOrPrivate (/Users/roshanajith/Documents/Products/DarpanAI/mobile/node_modules/@babel/parser/lib/index.js:10899:61)
    at TypeScriptParserMixin.parseExprOps (/Users/roshanajith/Documents/Products/DarpanAI/mobile/node_modules/@babel/parser/lib/index.js:10904:23)
    at TypeScriptParserMixin.parseMaybeConditional (/Users/roshanajith/Documents/Products/DarpanAI/mobile/node_modules/@babel/parser/lib/index.js:10881:23)
    at TypeScriptParserMixin.parseMaybeAssign (/Users/roshanajith/Documents/Products/DarpanAI/mobile/node_modules/@babel/parser/lib/index.js:10831:21)
    at TypeScriptParserMixin.parseMaybeAssign (/Users/roshanajith/Documents/Products/DarpanAI/mobile/node_modules/@babel/parser/lib/index.js:9786:20)
    at TypeScriptParserMixin.parseExpressionBase (/Users/roshanajith/Documents/Products/DarpanAI/mobile/node_modules/@babel/parser/lib/index.js:10784:23)
    at /Users/roshanajith/Documents/Products/DarpanAI/mobile/node_modules/@babel/parser/lib/index.js:10780:39
    at TypeScriptParserMixin.allowInAnd (/Users/roshanajith/Documents/Products/DarpanAI/mobile/node_modules/@babel/parser/lib/index.js:12421:16)
    at TypeScriptParserMixin.parseExpression (/Users/roshanajith/Documents/Products/DarpanAI/mobile/node_modules/@babel/parser/lib/index.js:10780:17)
    at TypeScriptParserMixin.parseStatementContent (/Users/roshanajith/Documents/Products/DarpanAI/mobile/node_modules/@babel/parser/lib/index.js:12895:23)
    at TypeScriptParserMixin.parseStatementContent (/Users/roshanajith/Documents/Products/DarpanAI/mobile/node_modules/@babel/parser/lib/index.js:9508:18)
    at TypeScriptParserMixin.parseStatementLike (/Users/roshanajith/Documents/Products/DarpanAI/mobile/node_modules/@babel/parser/lib/index.js:12767:17)
    at TypeScriptParserMixin.parseStatementListItem (/Users/roshanajith/Documents/Products/DarpanAI/mobile/node_modules/@babel/parser/lib/index.js:12747:17)
    at TypeScriptParserMixin.parseBlockOrModuleBlockBody (/Users/roshanajith/Documents/Products/DarpanAI/mobile/node_modules/@babel/parser/lib/index.js:13316:61)
    at TypeScriptParserMixin.parseBlockBody (/Users/roshanajith/Documents/Products/DarpanAI/mobile/node_modules/@babel/parser/lib/index.js:13309:10)
    at TypeScriptParserMixin.parseBlock (/Users/roshanajith/Documents/Products/DarpanAI/mobile/node_modules/@babel/parser/lib/index.js:13297:10)
    at TypeScriptParserMixin.parseFunctionBody (/Users/roshanajith/Documents/Products/DarpanAI/mobile/node_modules/@babel/parser/lib/index.js:12100:24)
    at TypeScriptParserMixin.parseArrowExpression (/Users/roshanajith/Documents/Products/DarpanAI/mobile/node_modules/@babel/parser/lib/index.js:12075:10)
    at TypeScriptParserMixin.parseParenAndDistinguishExpression (/Users/roshanajith/Documents/Products/DarpanAI/mobile/node_modules/@babel/parser/lib/index.js:11687:12)
    at TypeScriptParserMixin.parseExprAtom (/Users/roshanajith/Documents/Products/DarpanAI/mobile/node_modules/@babel/parser/lib/index.js:11331:23)
    at TypeScriptParserMixin.parseExprSubscripts (/Users/roshanajith/Documents/Products/DarpanAI/mobile/node_modules/@babel/parser/lib/index.js:11081:23)
    at TypeScriptParserMixin.parseUpdate (/Users/roshanajith/Documents/Products/DarpanAI/mobile/node_modules/@babel/parser/lib/index.js:11066:21)
    at TypeScriptParserMixin.parseMaybeUnary (/Users/roshanajith/Documents/Products/DarpanAI/mobile/node_modules/@babel/parser/lib/index.js:11046:23)
    at TypeScriptParserMixin.parseMaybeUnary (/Users/roshanajith/Documents/Products/DarpanAI/mobile/node_modules/@babel/parser/lib/index.js:9837:18)
    at TypeScriptParserMixin.parseMaybeUnaryOrPrivate (/Users/roshanajith/Documents/Products/DarpanAI/mobile/node_modules/@babel/parser/lib/index.js:10899:61)
    at TypeScriptParserMixin.parseExprOps (/Users/roshanajith/Documents/Products/DarpanAI/mobile/node_modules/@babel/parser/lib/index.js:10904:23)
    at TypeScriptParserMixin.parseMaybeConditional (/Users/roshanajith/Documents/Products/DarpanAI/mobile/node_modules/@babel/parser/lib/index.js:10881:23)
    at TypeScriptParserMixin.parseMaybeAssign (/Users/roshanajith/Documents/Products/DarpanAI/mobile/node_modules/@babel/parser/lib/index.js:10831:21)
    at TypeScriptParserMixin.parseMaybeAssign (/Users/roshanajith/Documents/Products/DarpanAI/mobile/node_modules/@babel/parser/lib/index.js:9786:20)
    at /Users/roshanajith/Documents/Products/DarpanAI/mobile/node_modules/@babel/parser/lib/index.js:10800:39
    at TypeScriptParserMixin.allowInAnd (/Users/roshanajith/Documents/Products/DarpanAI/mobile/node_modules/@babel/parser/lib/index.js:12426:12)
    at TypeScriptParserMixin.parseMaybeAssignAllowIn (/Users/roshanajith/Documents/Products/DarpanAI/mobile/node_modules/@babel/parser/lib/index.js:10800:17)
    at TypeScriptParserMixin.parseMaybeAssignAllowInOrVoidPattern (/Users/roshanajith/Documents/Products/DarpanAI/mobile/node_modules/@babel/parser/lib/index.js:12493:17)
    at TypeScriptParserMixin.parseExprListItem (/Users/roshanajith/Documents/Products/DarpanAI/mobile/node_modules/@babel/parser/lib/index.js:12175:18)
    at TypeScriptParserMixin.parseCallExpressionArguments (/Users/roshanajith/Documents/Products/DarpanAI/mobile/node_modules/@babel/parser/lib/index.js:11252:22)
    at TypeScriptParserMixin.parseCoverCallAndAsyncArrowHead (/Users/roshanajith/Documents/Products/DarpanAI/mobile/node_modules/@babel/parser/lib/index.js:11186:29)
    at TypeScriptParserMixin.parseSubscript (/Users/roshanajith/Documents/Products/DarpanAI/mobile/node_modules/@babel/parser/lib/index.js:11120:19)
    at TypeScriptParserMixin.parseSubscript (/Users/roshanajith/Documents/Products/DarpanAI/mobile/node_modules/@babel/parser/lib/index.js:9272:18)
    at TypeScriptParserMixin.parseSubscripts (/Users/roshanajith/Documents/Products/DarpanAI/mobile/node_modules/@babel/parser/lib/index.js:11094:19)
    at TypeScriptParserMixin.parseExprSubscripts (/Users/roshanajith/Documents/Products/DarpanAI/mobile/node_modules/@babel/parser/lib/index.js:11085:17)
    at TypeScriptParserMixin.parseUpdate (/Users/roshanajith/Documents/Products/DarpanAI/mobile/node_modules/@babel/parser/lib/index.js:11066:21)
    at TypeScriptParserMixin.parseMaybeUnary (/Users/roshanajith/Documents/Products/DarpanAI/mobile/node_modules/@babel/parser/lib/index.js:11046:23)
iOS Bundling failed 7ms index.js (1 module)
 ERROR  SyntaxError: /Users/roshanajith/Documents/Products/DarpanAI/mobile/src/services/healthKitCore.ts: Unexpected token (120:13)

  118 |                 heightM: heightM ? Number(heightM.toFixed(2)) : null,
  119 |               });
> 120 |             });
      |              ^
  121 |           });
  122 |         });
  123 |       });
    at constructor (/Users/roshanajith/Documents/Products/DarpanAI/mobile/node_modules/@babel/parser/lib/index.js:365:19)
    at TypeScriptParserMixin.raise (/Users/roshanajith/Documents/Products/DarpanAI/mobile/node_modules/@babel/parser/lib/index.js:6599:19)
    at TypeScriptParserMixin.unexpected (/Users/roshanajith/Documents/Products/DarpanAI/mobile/node_modules/@babel/parser/lib/index.js:6619:16)
    at TypeScriptParserMixin.parseExprAtom (/Users/roshanajith/Documents/Products/DarpanAI/mobile/node_modules/@babel/parser/lib/index.js:11442:22)
    at TypeScriptParserMixin.parseExprSubscripts (/Users/roshanajith/Documents/Products/DarpanAI/mobile/node_modules/@babel/parser/lib/index.js:11081:23)
    at TypeScriptParserMixin.parseUpdate (/Users/roshanajith/Documents/Products/DarpanAI/mobile/node_modules/@babel/parser/lib/index.js:11066:21)
    at TypeScriptParserMixin.parseMaybeUnary (/Users/roshanajith/Documents/Products/DarpanAI/mobile/node_modules/@babel/parser/lib/index.js:11046:23)
    at TypeScriptParserMixin.parseMaybeUnary (/Users/roshanajith/Documents/Products/DarpanAI/mobile/node_modules/@babel/parser/lib/index.js:9837:18)
    at TypeScriptParserMixin.parseMaybeUnaryOrPrivate (/Users/roshanajith/Documents/Products/DarpanAI/mobile/node_modules/@babel/parser/lib/index.js:10899:61)
    at TypeScriptParserMixin.parseExprOps (/Users/roshanajith/Documents/Products/DarpanAI/mobile/node_modules/@babel/parser/lib/index.js:10904:23)
    at TypeScriptParserMixin.parseMaybeConditional (/Users/roshanajith/Documents/Products/DarpanAI/mobile/node_modules/@babel/parser/lib/index.js:10881:23)
    at TypeScriptParserMixin.parseMaybeAssign (/Users/roshanajith/Documents/Products/DarpanAI/mobile/node_modules/@babel/parser/lib/index.js:10831:21)
    at TypeScriptParserMixin.parseMaybeAssign (/Users/roshanajith/Documents/Products/DarpanAI/mobile/node_modules/@babel/parser/lib/index.js:9786:20)
    at TypeScriptParserMixin.parseExpressionBase (/Users/roshanajith/Documents/Products/DarpanAI/mobile/node_modules/@babel/parser/lib/index.js:10784:23)
    at /Users/roshanajith/Documents/Products/DarpanAI/mobile/node_modules/@babel/parser/lib/index.js:10780:39
    at TypeScriptParserMixin.allowInAnd (/Users/roshanajith/Documents/Products/DarpanAI/mobile/node_modules/@babel/parser/lib/index.js:12421:16)
    at TypeScriptParserMixin.parseExpression (/Users/roshanajith/Documents/Products/DarpanAI/mobile/node_modules/@babel/parser/lib/index.js:10780:17)
    at TypeScriptParserMixin.parseStatementContent (/Users/roshanajith/Documents/Products/DarpanAI/mobile/node_modules/@babel/parser/lib/index.js:12895:23)
    at TypeScriptParserMixin.parseStatementContent (/Users/roshanajith/Documents/Products/DarpanAI/mobile/node_modules/@babel/parser/lib/index.js:9508:18)
    at TypeScriptParserMixin.parseStatementLike (/Users/roshanajith/Documents/Products/DarpanAI/mobile/node_modules/@babel/parser/lib/index.js:12767:17)
    at TypeScriptParserMixin.parseStatementListItem (/Users/roshanajith/Documents/Products/DarpanAI/mobile/node_modules/@babel/parser/lib/index.js:12747:17)
    at TypeScriptParserMixin.parseBlockOrModuleBlockBody (/Users/roshanajith/Documents/Products/DarpanAI/mobile/node_modules/@babel/parser/lib/index.js:13316:61)
    at TypeScriptParserMixin.parseBlockBody (/Users/roshanajith/Documents/Products/DarpanAI/mobile/node_modules/@babel/parser/lib/index.js:13309:10)
    at TypeScriptParserMixin.parseBlock (/Users/roshanajith/Documents/Products/DarpanAI/mobile/node_modules/@babel/parser/lib/index.js:13297:10)
    at TypeScriptParserMixin.parseFunctionBody (/Users/roshanajith/Documents/Products/DarpanAI/mobile/node_modules/@babel/parser/lib/index.js:12100:24)
    at TypeScriptParserMixin.parseArrowExpression (/Users/roshanajith/Documents/Products/DarpanAI/mobile/node_modules/@babel/parser/lib/index.js:12075:10)
    at TypeScriptParserMixin.parseParenAndDistinguishExpression (/Users/roshanajith/Documents/Products/DarpanAI/mobile/node_modules/@babel/parser/lib/index.js:11687:12)
    at TypeScriptParserMixin.parseExprAtom (/Users/roshanajith/Documents/Products/DarpanAI/mobile/node_modules/@babel/parser/lib/index.js:11331:23)
    at TypeScriptParserMixin.parseExprSubscripts (/Users/roshanajith/Documents/Products/DarpanAI/mobile/node_modules/@babel/parser/lib/index.js:11081:23)
    at TypeScriptParserMixin.parseUpdate (/Users/roshanajith/Documents/Products/DarpanAI/mobile/node_modules/@babel/parser/lib/index.js:11066:21)
    at TypeScriptParserMixin.parseMaybeUnary (/Users/roshanajith/Documents/Products/DarpanAI/mobile/node_modules/@babel/parser/lib/index.js:11046:23)
    at TypeScriptParserMixin.parseMaybeUnary (/Users/roshanajith/Documents/Products/DarpanAI/mobile/node_modules/@babel/parser/lib/index.js:9837:18)
    at TypeScriptParserMixin.parseMaybeUnaryOrPrivate (/Users/roshanajith/Documents/Products/DarpanAI/mobile/node_modules/@babel/parser/lib/index.js:10899:61)
    at TypeScriptParserMixin.parseExprOps (/Users/roshanajith/Documents/Products/DarpanAI/mobile/node_modules/@babel/parser/lib/index.js:10904:23)
    at TypeScriptParserMixin.parseMaybeConditional (/Users/roshanajith/Documents/Products/DarpanAI/mobile/node_modules/@babel/parser/lib/index.js:10881:23)
    at TypeScriptParserMixin.parseMaybeAssign (/Users/roshanajith/Documents/Products/DarpanAI/mobile/node_modules/@babel/parser/lib/index.js:10831:21)
    at TypeScriptParserMixin.parseMaybeAssign (/Users/roshanajith/Documents/Products/DarpanAI/mobile/node_modules/@babel/parser/lib/index.js:9786:20)
    at /Users/roshanajith/Documents/Products/DarpanAI/mobile/node_modules/@babel/parser/lib/index.js:10800:39
    at TypeScriptParserMixin.allowInAnd (/Users/roshanajith/Documents/Products/DarpanAI/mobile/node_modules/@babel/parser/lib/index.js:12426:12)
    at TypeScriptParserMixin.parseMaybeAssignAllowIn (/Users/roshanajith/Documents/Products/DarpanAI/mobile/node_modules/@babel/parser/lib/index.js:10800:17)
    at TypeScriptParserMixin.parseMaybeAssignAllowInOrVoidPattern (/Users/roshanajith/Documents/Products/DarpanAI/mobile/node_modules/@babel/parser/lib/index.js:12493:17)
    at TypeScriptParserMixin.parseExprListItem (/Users/roshanajith/Documents/Products/DarpanAI/mobile/node_modules/@babel/parser/lib/index.js:12175:18)
    at TypeScriptParserMixin.parseCallExpressionArguments (/Users/roshanajith/Documents/Products/DarpanAI/mobile/node_modules/@babel/parser/lib/index.js:11252:22)
    at TypeScriptParserMixin.parseCoverCallAndAsyncArrowHead (/Users/roshanajith/Documents/Products/DarpanAI/mobile/node_modules/@babel/parser/lib/index.js:11186:29)
    at TypeScriptParserMixin.parseSubscript (/Users/roshanajith/Documents/Products/DarpanAI/mobile/node_modules/@babel/parser/lib/index.js:11120:19)
    at TypeScriptParserMixin.parseSubscript (/Users/roshanajith/Documents/Products/DarpanAI/mobile/node_modules/@babel/parser/lib/index.js:9272:18)
    at TypeScriptParserMixin.parseSubscripts (/Users/roshanajith/Documents/Products/DarpanAI/mobile/node_modules/@babel/parser/lib/index.js:11094:19)
    at TypeScriptParserMixin.parseExprSubscripts (/Users/roshanajith/Documents/Products/DarpanAI/mobile/node_modules/@babel/parser/lib/index.js:11085:17)
    at TypeScriptParserMixin.parseUpdate (/Users/roshanajith/Documents/Products/DarpanAI/mobile/node_modules/@babel/parser/lib/index.js:11066:21)
    at TypeScriptParserMixin.parseMaybeUnary (/Users/roshanajith/Documents/Products/DarpanAI/mobile/node_modules/@babel/parser/lib/index.js:11046:23)
iOS Bundling failed 6ms index.js (1 module)
 ERROR  SyntaxError: /Users/roshanajith/Documents/Products/DarpanAI/mobile/src/services/healthKitCore.ts: Unexpected token (120:13)

  118 |                 heightM: heightM ? Number(heightM.toFixed(2)) : null,
  119 |               });
> 120 |             });
      |              ^
  121 |           });
  122 |         });
  123 |       });
    at constructor (/Users/roshanajith/Documents/Products/DarpanAI/mobile/node_modules/@babel/parser/lib/index.js:365:19)
    at TypeScriptParserMixin.raise (/Users/roshanajith/Documents/Products/DarpanAI/mobile/node_modules/@babel/parser/lib/index.js:6599:19)
    at TypeScriptParserMixin.unexpected (/Users/roshanajith/Documents/Products/DarpanAI/mobile/node_modules/@babel/parser/lib/index.js:6619:16)
    at TypeScriptParserMixin.parseExprAtom (/Users/roshanajith/Documents/Products/DarpanAI/mobile/node_modules/@babel/parser/lib/index.js:11442:22)
    at TypeScriptParserMixin.parseExprSubscripts (/Users/roshanajith/Documents/Products/DarpanAI/mobile/node_modules/@babel/parser/lib/index.js:11081:23)
    at TypeScriptParserMixin.parseUpdate (/Users/roshanajith/Documents/Products/DarpanAI/mobile/node_modules/@babel/parser/lib/index.js:11066:21)
    at TypeScriptParserMixin.parseMaybeUnary (/Users/roshanajith/Documents/Products/DarpanAI/mobile/node_modules/@babel/parser/lib/index.js:11046:23)
    at TypeScriptParserMixin.parseMaybeUnary (/Users/roshanajith/Documents/Products/DarpanAI/mobile/node_modules/@babel/parser/lib/index.js:9837:18)
    at TypeScriptParserMixin.parseMaybeUnaryOrPrivate (/Users/roshanajith/Documents/Products/DarpanAI/mobile/node_modules/@babel/parser/lib/index.js:10899:61)
    at TypeScriptParserMixin.parseExprOps (/Users/roshanajith/Documents/Products/DarpanAI/mobile/node_modules/@babel/parser/lib/index.js:10904:23)
    at TypeScriptParserMixin.parseMaybeConditional (/Users/roshanajith/Documents/Products/DarpanAI/mobile/node_modules/@babel/parser/lib/index.js:10881:23)
    at TypeScriptParserMixin.parseMaybeAssign (/Users/roshanajith/Documents/Products/DarpanAI/mobile/node_modules/@babel/parser/lib/index.js:10831:21)
    at TypeScriptParserMixin.parseMaybeAssign (/Users/roshanajith/Documents/Products/DarpanAI/mobile/node_modules/@babel/parser/lib/index.js:9786:20)
    at TypeScriptParserMixin.parseExpressionBase (/Users/roshanajith/Documents/Products/DarpanAI/mobile/node_modules/@babel/parser/lib/index.js:10784:23)
    at /Users/roshanajith/Documents/Products/DarpanAI/mobile/node_modules/@babel/parser/lib/index.js:10780:39
    at TypeScriptParserMixin.allowInAnd (/Users/roshanajith/Documents/Products/DarpanAI/mobile/node_modules/@babel/parser/lib/index.js:12421:16)
    at TypeScriptParserMixin.parseExpression (/Users/roshanajith/Documents/Products/DarpanAI/mobile/node_modules/@babel/parser/lib/index.js:10780:17)
    at TypeScriptParserMixin.parseStatementContent (/Users/roshanajith/Documents/Products/DarpanAI/mobile/node_modules/@babel/parser/lib/index.js:12895:23)
    at TypeScriptParserMixin.parseStatementContent (/Users/roshanajith/Documents/Products/DarpanAI/mobile/node_modules/@babel/parser/lib/index.js:9508:18)
    at TypeScriptParserMixin.parseStatementLike (/Users/roshanajith/Documents/Products/DarpanAI/mobile/node_modules/@babel/parser/lib/index.js:12767:17)
    at TypeScriptParserMixin.parseStatementListItem (/Users/roshanajith/Documents/Products/DarpanAI/mobile/node_modules/@babel/parser/lib/index.js:12747:17)
    at TypeScriptParserMixin.parseBlockOrModuleBlockBody (/Users/roshanajith/Documents/Products/DarpanAI/mobile/node_modules/@babel/parser/lib/index.js:13316:61)
    at TypeScriptParserMixin.parseBlockBody (/Users/roshanajith/Documents/Products/DarpanAI/mobile/node_modules/@babel/parser/lib/index.js:13309:10)
    at TypeScriptParserMixin.parseBlock (/Users/roshanajith/Documents/Products/DarpanAI/mobile/node_modules/@babel/parser/lib/index.js:13297:10)
    at TypeScriptParserMixin.parseFunctionBody (/Users/roshanajith/Documents/Products/DarpanAI/mobile/node_modules/@babel/parser/lib/index.js:12100:24)
    at TypeScriptParserMixin.parseArrowExpression (/Users/roshanajith/Documents/Products/DarpanAI/mobile/node_modules/@babel/parser/lib/index.js:12075:10)
    at TypeScriptParserMixin.parseParenAndDistinguishExpression (/Users/roshanajith/Documents/Products/DarpanAI/mobile/node_modules/@babel/parser/lib/index.js:11687:12)
    at TypeScriptParserMixin.parseExprAtom (/Users/roshanajith/Documents/Products/DarpanAI/mobile/node_modules/@babel/parser/lib/index.js:11331:23)
    at TypeScriptParserMixin.parseExprSubscripts (/Users/roshanajith/Documents/Products/DarpanAI/mobile/node_modules/@babel/parser/lib/index.js:11081:23)
    at TypeScriptParserMixin.parseUpdate (/Users/roshanajith/Documents/Products/DarpanAI/mobile/node_modules/@babel/parser/lib/index.js:11066:21)
    at TypeScriptParserMixin.parseMaybeUnary (/Users/roshanajith/Documents/Products/DarpanAI/mobile/node_modules/@babel/parser/lib/index.js:11046:23)
    at TypeScriptParserMixin.parseMaybeUnary (/Users/roshanajith/Documents/Products/DarpanAI/mobile/node_modules/@babel/parser/lib/index.js:9837:18)
    at TypeScriptParserMixin.parseMaybeUnaryOrPrivate (/Users/roshanajith/Documents/Products/DarpanAI/mobile/node_modules/@babel/parser/lib/index.js:10899:61)
    at TypeScriptParserMixin.parseExprOps (/Users/roshanajith/Documents/Products/DarpanAI/mobile/node_modules/@babel/parser/lib/index.js:10904:23)
    at TypeScriptParserMixin.parseMaybeConditional (/Users/roshanajith/Documents/Products/DarpanAI/mobile/node_modules/@babel/parser/lib/index.js:10881:23)
    at TypeScriptParserMixin.parseMaybeAssign (/Users/roshanajith/Documents/Products/DarpanAI/mobile/node_modules/@babel/parser/lib/index.js:10831:21)
    at TypeScriptParserMixin.parseMaybeAssign (/Users/roshanajith/Documents/Products/DarpanAI/mobile/node_modules/@babel/parser/lib/index.js:9786:20)
    at /Users/roshanajith/Documents/Products/DarpanAI/mobile/node_modules/@babel/parser/lib/index.js:10800:39
    at TypeScriptParserMixin.allowInAnd (/Users/roshanajith/Documents/Products/DarpanAI/mobile/node_modules/@babel/parser/lib/index.js:12426:12)
    at TypeScriptParserMixin.parseMaybeAssignAllowIn (/Users/roshanajith/Documents/Products/DarpanAI/mobile/node_modules/@babel/parser/lib/index.js:10800:17)
    at TypeScriptParserMixin.parseMaybeAssignAllowInOrVoidPattern (/Users/roshanajith/Documents/Products/DarpanAI/mobile/node_modules/@babel/parser/lib/index.js:12493:17)
    at TypeScriptParserMixin.parseExprListItem (/Users/roshanajith/Documents/Products/DarpanAI/mobile/node_modules/@babel/parser/lib/index.js:12175:18)
    at TypeScriptParserMixin.parseCallExpressionArguments (/Users/roshanajith/Documents/Products/DarpanAI/mobile/node_modules/@babel/parser/lib/index.js:11252:22)
    at TypeScriptParserMixin.parseCoverCallAndAsyncArrowHead (/Users/roshanajith/Documents/Products/DarpanAI/mobile/node_modules/@babel/parser/lib/index.js:11186:29)
    at TypeScriptParserMixin.parseSubscript (/Users/roshanajith/Documents/Products/DarpanAI/mobile/node_modules/@babel/parser/lib/index.js:11120:19)
    at TypeScriptParserMixin.parseSubscript (/Users/roshanajith/Documents/Products/DarpanAI/mobile/node_modules/@babel/parser/lib/index.js:9272:18)
    at TypeScriptParserMixin.parseSubscripts (/Users/roshanajith/Documents/Products/DarpanAI/mobile/node_modules/@babel/parser/lib/index.js:11094:19)
    at TypeScriptParserMixin.parseExprSubscripts (/Users/roshanajith/Documents/Products/DarpanAI/mobile/node_modules/@babel/parser/lib/index.js:11085:17)
    at TypeScriptParserMixin.parseUpdate (/Users/roshanajith/Documents/Products/DarpanAI/mobile/node_modules/@babel/parser/lib/index.js:11066:21)
    at TypeScriptParserMixin.parseMaybeUnary (/Users/roshanajith/Documents/Products/DarpanAI/mobile/node_modules/@babel/parser/lib/index.js:11046:23)
iOS Bundling failed 6ms index.js (1 module)
 ERROR  SyntaxError: /Users/roshanajith/Documents/Products/DarpanAI/mobile/src/services/healthKitCore.ts: Unexpected token (120:13)

  118 |                 heightM: heightM ? Number(heightM.toFixed(2)) : null,
  119 |               });
> 120 |             });
      |              ^
  121 |           });
  122 |         });
  123 |       });
    at constructor (/Users/roshanajith/Documents/Products/DarpanAI/mobile/node_modules/@babel/parser/lib/index.js:365:19)
    at TypeScriptParserMixin.raise (/Users/roshanajith/Documents/Products/DarpanAI/mobile/node_modules/@babel/parser/lib/index.js:6599:19)
    at TypeScriptParserMixin.unexpected (/Users/roshanajith/Documents/Products/DarpanAI/mobile/node_modules/@babel/parser/lib/index.js:6619:16)
    at TypeScriptParserMixin.parseExprAtom (/Users/roshanajith/Documents/Products/DarpanAI/mobile/node_modules/@babel/parser/lib/index.js:11442:22)
    at TypeScriptParserMixin.parseExprSubscripts (/Users/roshanajith/Documents/Products/DarpanAI/mobile/node_modules/@babel/parser/lib/index.js:11081:23)
    at TypeScriptParserMixin.parseUpdate (/Users/roshanajith/Documents/Products/DarpanAI/mobile/node_modules/@babel/parser/lib/index.js:11066:21)
    at TypeScriptParserMixin.parseMaybeUnary (/Users/roshanajith/Documents/Products/DarpanAI/mobile/node_modules/@babel/parser/lib/index.js:11046:23)
    at TypeScriptParserMixin.parseMaybeUnary (/Users/roshanajith/Documents/Products/DarpanAI/mobile/node_modules/@babel/parser/lib/index.js:9837:18)
    at TypeScriptParserMixin.parseMaybeUnaryOrPrivate (/Users/roshanajith/Documents/Products/DarpanAI/mobile/node_modules/@babel/parser/lib/index.js:10899:61)
    at TypeScriptParserMixin.parseExprOps (/Users/roshanajith/Documents/Products/DarpanAI/mobile/node_modules/@babel/parser/lib/index.js:10904:23)
    at TypeScriptParserMixin.parseMaybeConditional (/Users/roshanajith/Documents/Products/DarpanAI/mobile/node_modules/@babel/parser/lib/index.js:10881:23)
    at TypeScriptParserMixin.parseMaybeAssign (/Users/roshanajith/Documents/Products/DarpanAI/mobile/node_modules/@babel/parser/lib/index.js:10831:21)
    at TypeScriptParserMixin.parseMaybeAssign (/Users/roshanajith/Documents/Products/DarpanAI/mobile/node_modules/@babel/parser/lib/index.js:9786:20)
    at TypeScriptParserMixin.parseExpressionBase (/Users/roshanajith/Documents/Products/DarpanAI/mobile/node_modules/@babel/parser/lib/index.js:10784:23)
    at /Users/roshanajith/Documents/Products/DarpanAI/mobile/node_modules/@babel/parser/lib/index.js:10780:39
    at TypeScriptParserMixin.allowInAnd (/Users/roshanajith/Documents/Products/DarpanAI/mobile/node_modules/@babel/parser/lib/index.js:12421:16)
    at TypeScriptParserMixin.parseExpression (/Users/roshanajith/Documents/Products/DarpanAI/mobile/node_modules/@babel/parser/lib/index.js:10780:17)
    at TypeScriptParserMixin.parseStatementContent (/Users/roshanajith/Documents/Products/DarpanAI/mobile/node_modules/@babel/parser/lib/index.js:12895:23)
    at TypeScriptParserMixin.parseStatementContent (/Users/roshanajith/Documents/Products/DarpanAI/mobile/node_modules/@babel/parser/lib/index.js:9508:18)
    at TypeScriptParserMixin.parseStatementLike (/Users/roshanajith/Documents/Products/DarpanAI/mobile/node_modules/@babel/parser/lib/index.js:12767:17)
    at TypeScriptParserMixin.parseStatementListItem (/Users/roshanajith/Documents/Products/DarpanAI/mobile/node_modules/@babel/parser/lib/index.js:12747:17)
    at TypeScriptParserMixin.parseBlockOrModuleBlockBody (/Users/roshanajith/Documents/Products/DarpanAI/mobile/node_modules/@babel/parser/lib/index.js:13316:61)
    at TypeScriptParserMixin.parseBlockBody (/Users/roshanajith/Documents/Products/DarpanAI/mobile/node_modules/@babel/parser/lib/index.js:13309:10)
    at TypeScriptParserMixin.parseBlock (/Users/roshanajith/Documents/Products/DarpanAI/mobile/node_modules/@babel/parser/lib/index.js:13297:10)
    at TypeScriptParserMixin.parseFunctionBody (/Users/roshanajith/Documents/Products/DarpanAI/mobile/node_modules/@babel/parser/lib/index.js:12100:24)
    at TypeScriptParserMixin.parseArrowExpression (/Users/roshanajith/Documents/Products/DarpanAI/mobile/node_modules/@babel/parser/lib/index.js:12075:10)
    at TypeScriptParserMixin.parseParenAndDistinguishExpression (/Users/roshanajith/Documents/Products/DarpanAI/mobile/node_modules/@babel/parser/lib/index.js:11687:12)
    at TypeScriptParserMixin.parseExprAtom (/Users/roshanajith/Documents/Products/DarpanAI/mobile/node_modules/@babel/parser/lib/index.js:11331:23)
    at TypeScriptParserMixin.parseExprSubscripts (/Users/roshanajith/Documents/Products/DarpanAI/mobile/node_modules/@babel/parser/lib/index.js:11081:23)
    at TypeScriptParserMixin.parseUpdate (/Users/roshanajith/Documents/Products/DarpanAI/mobile/node_modules/@babel/parser/lib/index.js:11066:21)
    at TypeScriptParserMixin.parseMaybeUnary (/Users/roshanajith/Documents/Products/DarpanAI/mobile/node_modules/@babel/parser/lib/index.js:11046:23)
    at TypeScriptParserMixin.parseMaybeUnary (/Users/roshanajith/Documents/Products/DarpanAI/mobile/node_modules/@babel/parser/lib/index.js:9837:18)
    at TypeScriptParserMixin.parseMaybeUnaryOrPrivate (/Users/roshanajith/Documents/Products/DarpanAI/mobile/node_modules/@babel/parser/lib/index.js:10899:61)
    at TypeScriptParserMixin.parseExprOps (/Users/roshanajith/Documents/Products/DarpanAI/mobile/node_modules/@babel/parser/lib/index.js:10904:23)
    at TypeScriptParserMixin.parseMaybeConditional (/Users/roshanajith/Documents/Products/DarpanAI/mobile/node_modules/@babel/parser/lib/index.js:10881:23)
    at TypeScriptParserMixin.parseMaybeAssign (/Users/roshanajith/Documents/Products/DarpanAI/mobile/node_modules/@babel/parser/lib/index.js:10831:21)
    at TypeScriptParserMixin.parseMaybeAssign (/Users/roshanajith/Documents/Products/DarpanAI/mobile/node_modules/@babel/parser/lib/index.js:9786:20)
    at /Users/roshanajith/Documents/Products/DarpanAI/mobile/node_modules/@babel/parser/lib/index.js:10800:39
    at TypeScriptParserMixin.allowInAnd (/Users/roshanajith/Documents/Products/DarpanAI/mobile/node_modules/@babel/parser/lib/index.js:12426:12)
    at TypeScriptParserMixin.parseMaybeAssignAllowIn (/Users/roshanajith/Documents/Products/DarpanAI/mobile/node_modules/@babel/parser/lib/index.js:10800:17)
    at TypeScriptParserMixin.parseMaybeAssignAllowInOrVoidPattern (/Users/roshanajith/Documents/Products/DarpanAI/mobile/node_modules/@babel/parser/lib/index.js:12493:17)
    at TypeScriptParserMixin.parseExprListItem (/Users/roshanajith/Documents/Products/DarpanAI/mobile/node_modules/@babel/parser/lib/index.js:12175:18)
    at TypeScriptParserMixin.parseCallExpressionArguments (/Users/roshanajith/Documents/Products/DarpanAI/mobile/node_modules/@babel/parser/lib/index.js:11252:22)
    at TypeScriptParserMixin.parseCoverCallAndAsyncArrowHead (/Users/roshanajith/Documents/Products/DarpanAI/mobile/node_modules/@babel/parser/lib/index.js:11186:29)
    at TypeScriptParserMixin.parseSubscript (/Users/roshanajith/Documents/Products/DarpanAI/mobile/node_modules/@babel/parser/lib/index.js:11120:19)
    at TypeScriptParserMixin.parseSubscript (/Users/roshanajith/Documents/Products/DarpanAI/mobile/node_modules/@babel/parser/lib/index.js:9272:18)
    at TypeScriptParserMixin.parseSubscripts (/Users/roshanajith/Documents/Products/DarpanAI/mobile/node_modules/@babel/parser/lib/index.js:11094:19)
    at TypeScriptParserMixin.parseExprSubscripts (/Users/roshanajith/Documents/Products/DarpanAI/mobile/node_modules/@babel/parser/lib/index.js:11085:17)
    at TypeScriptParserMixin.parseUpdate (/Users/roshanajith/Documents/Products/DarpanAI/mobile/node_modules/@babel/parser/lib/index.js:11066:21)
    at TypeScriptParserMixin.parseMaybeUnary (/Users/roshanajith/Documents/Products/DarpanAI/mobile/node_modules/@babel/parser/lib/index.js:11046:23)
iOS Bundling failed 5ms index.js (1 module)
 ERROR  SyntaxError: /Users/roshanajith/Documents/Products/DarpanAI/mobile/src/services/healthKitCore.ts: Unexpected token (120:13)

  118 |                 heightM: heightM ? Number(heightM.toFixed(2)) : null,
  119 |               });
> 120 |             });
      |              ^
  121 |           });
  122 |         });
  123 |       });
    at constructor (/Users/roshanajith/Documents/Products/DarpanAI/mobile/node_modules/@babel/parser/lib/index.js:365:19)
    at TypeScriptParserMixin.raise (/Users/roshanajith/Documents/Products/DarpanAI/mobile/node_modules/@babel/parser/lib/index.js:6599:19)
    at TypeScriptParserMixin.unexpected (/Users/roshanajith/Documents/Products/DarpanAI/mobile/node_modules/@babel/parser/lib/index.js:6619:16)
    at TypeScriptParserMixin.parseExprAtom (/Users/roshanajith/Documents/Products/DarpanAI/mobile/node_modules/@babel/parser/lib/index.js:11442:22)
    at TypeScriptParserMixin.parseExprSubscripts (/Users/roshanajith/Documents/Products/DarpanAI/mobile/node_modules/@babel/parser/lib/index.js:11081:23)
    at TypeScriptParserMixin.parseUpdate (/Users/roshanajith/Documents/Products/DarpanAI/mobile/node_modules/@babel/parser/lib/index.js:11066:21)
    at TypeScriptParserMixin.parseMaybeUnary (/Users/roshanajith/Documents/Products/DarpanAI/mobile/node_modules/@babel/parser/lib/index.js:11046:23)
    at TypeScriptParserMixin.parseMaybeUnary (/Users/roshanajith/Documents/Products/DarpanAI/mobile/node_modules/@babel/parser/lib/index.js:9837:18)
    at TypeScriptParserMixin.parseMaybeUnaryOrPrivate (/Users/roshanajith/Documents/Products/DarpanAI/mobile/node_modules/@babel/parser/lib/index.js:10899:61)
    at TypeScriptParserMixin.parseExprOps (/Users/roshanajith/Documents/Products/DarpanAI/mobile/node_modules/@babel/parser/lib/index.js:10904:23)
    at TypeScriptParserMixin.parseMaybeConditional (/Users/roshanajith/Documents/Products/DarpanAI/mobile/node_modules/@babel/parser/lib/index.js:10881:23)
    at TypeScriptParserMixin.parseMaybeAssign (/Users/roshanajith/Documents/Products/DarpanAI/mobile/node_modules/@babel/parser/lib/index.js:10831:21)
    at TypeScriptParserMixin.parseMaybeAssign (/Users/roshanajith/Documents/Products/DarpanAI/mobile/node_modules/@babel/parser/lib/index.js:9786:20)
    at TypeScriptParserMixin.parseExpressionBase (/Users/roshanajith/Documents/Products/DarpanAI/mobile/node_modules/@babel/parser/lib/index.js:10784:23)
    at /Users/roshanajith/Documents/Products/DarpanAI/mobile/node_modules/@babel/parser/lib/index.js:10780:39
    at TypeScriptParserMixin.allowInAnd (/Users/roshanajith/Documents/Products/DarpanAI/mobile/node_modules/@babel/parser/lib/index.js:12421:16)
    at TypeScriptParserMixin.parseExpression (/Users/roshanajith/Documents/Products/DarpanAI/mobile/node_modules/@babel/parser/lib/index.js:10780:17)
    at TypeScriptParserMixin.parseStatementContent (/Users/roshanajith/Documents/Products/DarpanAI/mobile/node_modules/@babel/parser/lib/index.js:12895:23)
    at TypeScriptParserMixin.parseStatementContent (/Users/roshanajith/Documents/Products/DarpanAI/mobile/node_modules/@babel/parser/lib/index.js:9508:18)
    at TypeScriptParserMixin.parseStatementLike (/Users/roshanajith/Documents/Products/DarpanAI/mobile/node_modules/@babel/parser/lib/index.js:12767:17)
    at TypeScriptParserMixin.parseStatementListItem (/Users/roshanajith/Documents/Products/DarpanAI/mobile/node_modules/@babel/parser/lib/index.js:12747:17)
    at TypeScriptParserMixin.parseBlockOrModuleBlockBody (/Users/roshanajith/Documents/Products/DarpanAI/mobile/node_modules/@babel/parser/lib/index.js:13316:61)
    at TypeScriptParserMixin.parseBlockBody (/Users/roshanajith/Documents/Products/DarpanAI/mobile/node_modules/@babel/parser/lib/index.js:13309:10)
    at TypeScriptParserMixin.parseBlock (/Users/roshanajith/Documents/Products/DarpanAI/mobile/node_modules/@babel/parser/lib/index.js:13297:10)
    at TypeScriptParserMixin.parseFunctionBody (/Users/roshanajith/Documents/Products/DarpanAI/mobile/node_modules/@babel/parser/lib/index.js:12100:24)
    at TypeScriptParserMixin.parseArrowExpression (/Users/roshanajith/Documents/Products/DarpanAI/mobile/node_modules/@babel/parser/lib/index.js:12075:10)
    at TypeScriptParserMixin.parseParenAndDistinguishExpression (/Users/roshanajith/Documents/Products/DarpanAI/mobile/node_modules/@babel/parser/lib/index.js:11687:12)
    at TypeScriptParserMixin.parseExprAtom (/Users/roshanajith/Documents/Products/DarpanAI/mobile/node_modules/@babel/parser/lib/index.js:11331:23)
    at TypeScriptParserMixin.parseExprSubscripts (/Users/roshanajith/Documents/Products/DarpanAI/mobile/node_modules/@babel/parser/lib/index.js:11081:23)
    at TypeScriptParserMixin.parseUpdate (/Users/roshanajith/Documents/Products/DarpanAI/mobile/node_modules/@babel/parser/lib/index.js:11066:21)
    at TypeScriptParserMixin.parseMaybeUnary (/Users/roshanajith/Documents/Products/DarpanAI/mobile/node_modules/@babel/parser/lib/index.js:11046:23)
    at TypeScriptParserMixin.parseMaybeUnary (/Users/roshanajith/Documents/Products/DarpanAI/mobile/node_modules/@babel/parser/lib/index.js:9837:18)
    at TypeScriptParserMixin.parseMaybeUnaryOrPrivate (/Users/roshanajith/Documents/Products/DarpanAI/mobile/node_modules/@babel/parser/lib/index.js:10899:61)
    at TypeScriptParserMixin.parseExprOps (/Users/roshanajith/Documents/Products/DarpanAI/mobile/node_modules/@babel/parser/lib/index.js:10904:23)
    at TypeScriptParserMixin.parseMaybeConditional (/Users/roshanajith/Documents/Products/DarpanAI/mobile/node_modules/@babel/parser/lib/index.js:10881:23)
    at TypeScriptParserMixin.parseMaybeAssign (/Users/roshanajith/Documents/Products/DarpanAI/mobile/node_modules/@babel/parser/lib/index.js:10831:21)
    at TypeScriptParserMixin.parseMaybeAssign (/Users/roshanajith/Documents/Products/DarpanAI/mobile/node_modules/@babel/parser/lib/index.js:9786:20)
    at /Users/roshanajith/Documents/Products/DarpanAI/mobile/node_modules/@babel/parser/lib/index.js:10800:39
    at TypeScriptParserMixin.allowInAnd (/Users/roshanajith/Documents/Products/DarpanAI/mobile/node_modules/@babel/parser/lib/index.js:12426:12)
    at TypeScriptParserMixin.parseMaybeAssignAllowIn (/Users/roshanajith/Documents/Products/DarpanAI/mobile/node_modules/@babel/parser/lib/index.js:10800:17)
    at TypeScriptParserMixin.parseMaybeAssignAllowInOrVoidPattern (/Users/roshanajith/Documents/Products/DarpanAI/mobile/node_modules/@babel/parser/lib/index.js:12493:17)
    at TypeScriptParserMixin.parseExprListItem (/Users/roshanajith/Documents/Products/DarpanAI/mobile/node_modules/@babel/parser/lib/index.js:12175:18)
    at TypeScriptParserMixin.parseCallExpressionArguments (/Users/roshanajith/Documents/Products/DarpanAI/mobile/node_modules/@babel/parser/lib/index.js:11252:22)
    at TypeScriptParserMixin.parseCoverCallAndAsyncArrowHead (/Users/roshanajith/Documents/Products/DarpanAI/mobile/node_modules/@babel/parser/lib/index.js:11186:29)
    at TypeScriptParserMixin.parseSubscript (/Users/roshanajith/Documents/Products/DarpanAI/mobile/node_modules/@babel/parser/lib/index.js:11120:19)
    at TypeScriptParserMixin.parseSubscript (/Users/roshanajith/Documents/Products/DarpanAI/mobile/node_modules/@babel/parser/lib/index.js:9272:18)
    at TypeScriptParserMixin.parseSubscripts (/Users/roshanajith/Documents/Products/DarpanAI/mobile/node_modules/@babel/parser/lib/index.js:11094:19)
    at TypeScriptParserMixin.parseExprSubscripts (/Users/roshanajith/Documents/Products/DarpanAI/mobile/node_modules/@babel/parser/lib/index.js:11085:17)
    at TypeScriptParserMixin.parseUpdate (/Users/roshanajith/Documents/Products/DarpanAI/mobile/node_modules/@babel/parser/lib/index.js:11066:21)
    at TypeScriptParserMixin.parseMaybeUnary (/Users/roshanajith/Documents/Products/DarpanAI/mobile/node_modules/@babel/parser/lib/index.js:11046:23)
iOS ./index.js ░░░░░░░░░░░░░░░░  0.0% (0/1)
iOS Bundling failed 11ms index.js (1 module)
 ERROR  SyntaxError: /Users/roshanajith/Documents/Products/DarpanAI/mobile/src/services/healthKitCore.ts: Unexpected token (120:13)

  118 |                 heightM: heightM ? Number(heightM.toFixed(2)) : null,
  119 |               });
> 120 |             });
      |              ^
  121 |           });
  122 |         });
  123 |       });
    at constructor (/Users/roshanajith/Documents/Products/DarpanAI/mobile/node_modules/@babel/parser/lib/index.js:365:19)
    at TypeScriptParserMixin.raise (/Users/roshanajith/Documents/Products/DarpanAI/mobile/node_modules/@babel/parser/lib/index.js:6599:19)
    at TypeScriptParserMixin.unexpected (/Users/roshanajith/Documents/Products/DarpanAI/mobile/node_modules/@babel/parser/lib/index.js:6619:16)
    at TypeScriptParserMixin.parseExprAtom (/Users/roshanajith/Documents/Products/DarpanAI/mobile/node_modules/@babel/parser/lib/index.js:11442:22)
    at TypeScriptParserMixin.parseExprSubscripts (/Users/roshanajith/Documents/Products/DarpanAI/mobile/node_modules/@babel/parser/lib/index.js:11081:23)
    at TypeScriptParserMixin.parseUpdate (/Users/roshanajith/Documents/Products/DarpanAI/mobile/node_modules/@babel/parser/lib/index.js:11066:21)
    at TypeScriptParserMixin.parseMaybeUnary (/Users/roshanajith/Documents/Products/DarpanAI/mobile/node_modules/@babel/parser/lib/index.js:11046:23)
    at TypeScriptParserMixin.parseMaybeUnary (/Users/roshanajith/Documents/Products/DarpanAI/mobile/node_modules/@babel/parser/lib/index.js:9837:18)
    at TypeScriptParserMixin.parseMaybeUnaryOrPrivate (/Users/roshanajith/Documents/Products/DarpanAI/mobile/node_modules/@babel/parser/lib/index.js:10899:61)
    at TypeScriptParserMixin.parseExprOps (/Users/roshanajith/Documents/Products/DarpanAI/mobile/node_modules/@babel/parser/lib/index.js:10904:23)
    at TypeScriptParserMixin.parseMaybeConditional (/Users/roshanajith/Documents/Products/DarpanAI/mobile/node_modules/@babel/parser/lib/index.js:10881:23)
    at TypeScriptParserMixin.parseMaybeAssign (/Users/roshanajith/Documents/Products/DarpanAI/mobile/node_modules/@babel/parser/lib/index.js:10831:21)
    at TypeScriptParserMixin.parseMaybeAssign (/Users/roshanajith/Documents/Products/DarpanAI/mobile/node_modules/@babel/parser/lib/index.js:9786:20)
    at TypeScriptParserMixin.parseExpressionBase (/Users/roshanajith/Documents/Products/DarpanAI/mobile/node_modules/@babel/parser/lib/index.js:10784:23)
    at /Users/roshanajith/Documents/Products/DarpanAI/mobile/node_modules/@babel/parser/lib/index.js:10780:39
    at TypeScriptParserMixin.allowInAnd (/Users/roshanajith/Documents/Products/DarpanAI/mobile/node_modules/@babel/parser/lib/index.js:12421:16)
    at TypeScriptParserMixin.parseExpression (/Users/roshanajith/Documents/Products/DarpanAI/mobile/node_modules/@babel/parser/lib/index.js:10780:17)
    at TypeScriptParserMixin.parseStatementContent (/Users/roshanajith/Documents/Products/DarpanAI/mobile/node_modules/@babel/parser/lib/index.js:12895:23)
    at TypeScriptParserMixin.parseStatementContent (/Users/roshanajith/Documents/Products/DarpanAI/mobile/node_modules/@babel/parser/lib/index.js:9508:18)
    at TypeScriptParserMixin.parseStatementLike (/Users/roshanajith/Documents/Products/DarpanAI/mobile/node_modules/@babel/parser/lib/index.js:12767:17)
    at TypeScriptParserMixin.parseStatementListItem (/Users/roshanajith/Documents/Products/DarpanAI/mobile/node_modules/@babel/parser/lib/index.js:12747:17)
    at TypeScriptParserMixin.parseBlockOrModuleBlockBody (/Users/roshanajith/Documents/Products/DarpanAI/mobile/node_modules/@babel/parser/lib/index.js:13316:61)
    at TypeScriptParserMixin.parseBlockBody (/Users/roshanajith/Documents/Products/DarpanAI/mobile/node_modules/@babel/parser/lib/index.js:13309:10)
    at TypeScriptParserMixin.parseBlock (/Users/roshanajith/Documents/Products/DarpanAI/mobile/node_modules/@babel/parser/lib/index.js:13297:10)
    at TypeScriptParserMixin.parseFunctionBody (/Users/roshanajith/Documents/Products/DarpanAI/mobile/node_modules/@babel/parser/lib/index.js:12100:24)
    at TypeScriptParserMixin.parseArrowExpression (/Users/roshanajith/Documents/Products/DarpanAI/mobile/node_modules/@babel/parser/lib/index.js:12075:10)
    at TypeScriptParserMixin.parseParenAndDistinguishExpression (/Users/roshanajith/Documents/Products/DarpanAI/mobile/node_modules/@babel/parser/lib/index.js:11687:12)
    at TypeScriptParserMixin.parseExprAtom (/Users/roshanajith/Documents/Products/DarpanAI/mobile/node_modules/@babel/parser/lib/index.js:11331:23)
    at TypeScriptParserMixin.parseExprSubscripts (/Users/roshanajith/Documents/Products/DarpanAI/mobile/node_modules/@babel/parser/lib/index.js:11081:23)
    at TypeScriptParserMixin.parseUpdate (/Users/roshanajith/Documents/Products/DarpanAI/mobile/node_modules/@babel/parser/lib/index.js:11066:21)
    at TypeScriptParserMixin.parseMaybeUnary (/Users/roshanajith/Documents/Products/DarpanAI/mobile/node_modules/@babel/parser/lib/index.js:11046:23)
    at TypeScriptParserMixin.parseMaybeUnary (/Users/roshanajith/Documents/Products/DarpanAI/mobile/node_modules/@babel/parser/lib/index.js:9837:18)
    at TypeScriptParserMixin.parseMaybeUnaryOrPrivate (/Users/roshanajith/Documents/Products/DarpanAI/mobile/node_modules/@babel/parser/lib/index.js:10899:61)
    at TypeScriptParserMixin.parseExprOps (/Users/roshanajith/Documents/Products/DarpanAI/mobile/node_modules/@babel/parser/lib/index.js:10904:23)
    at TypeScriptParserMixin.parseMaybeConditional (/Users/roshanajith/Documents/Products/DarpanAI/mobile/node_modules/@babel/parser/lib/index.js:10881:23)
    at TypeScriptParserMixin.parseMaybeAssign (/Users/roshanajith/Documents/Products/DarpanAI/mobile/node_modules/@babel/parser/lib/index.js:10831:21)
    at TypeScriptParserMixin.parseMaybeAssign (/Users/roshanajith/Documents/Products/DarpanAI/mobile/node_modules/@babel/parser/lib/index.js:9786:20)
    at /Users/roshanajith/Documents/Products/DarpanAI/mobile/node_modules/@babel/parser/lib/index.js:10800:39
    at TypeScriptParserMixin.allowInAnd (/Users/roshanajith/Documents/Products/DarpanAI/mobile/node_modules/@babel/parser/lib/index.js:12426:12)
    at TypeScriptParserMixin.parseMaybeAssignAllowIn (/Users/roshanajith/Documents/Products/DarpanAI/mobile/node_modules/@babel/parser/lib/index.js:10800:17)
    at TypeScriptParserMixin.parseMaybeAssignAllowInOrVoidPattern (/Users/roshanajith/Documents/Products/DarpanAI/mobile/node_modules/@babel/parser/lib/index.js:12493:17)
    at TypeScriptParserMixin.parseExprListItem (/Users/roshanajith/Documents/Products/DarpanAI/mobile/node_modules/@babel/parser/lib/index.js:12175:18)
    at TypeScriptParserMixin.parseCallExpressionArguments (/Users/roshanajith/Documents/Products/DarpanAI/mobile/node_modules/@babel/parser/lib/index.js:11252:22)
    at TypeScriptParserMixin.parseCoverCallAndAsyncArrowHead (/Users/roshanajith/Documents/Products/DarpanAI/mobile/node_modules/@babel/parser/lib/index.js:11186:29)
    at TypeScriptParserMixin.parseSubscript (/Users/roshanajith/Documents/Products/DarpanAI/mobile/node_modules/@babel/parser/lib/index.js:11120:19)
    at TypeScriptParserMixin.parseSubscript (/Users/roshanajith/Documents/Products/DarpanAI/mobile/node_modules/@babel/parser/lib/index.js:9272:18)
    at TypeScriptParserMixin.parseSubscripts (/Users/roshanajith/Documents/Products/DarpanAI/mobile/node_modules/@babel/parser/lib/index.js:11094:19)
    at TypeScriptParserMixin.parseExprSubscripts (/Users/roshanajith/Documents/Products/DarpanAI/mobile/node_modules/@babel/parser/lib/index.js:11085:17)
    at TypeScriptParserMixin.parseUpdate (/Users/roshanajith/Documents/Products/DarpanAI/mobile/node_modules/@babel/parser/lib/index.js:11066:21)
    at TypeScriptParserMixin.parseMaybeUnary (/Users/roshanajith/Documents/Products/DarpanAI/mobile/node_modules/@babel/parser/lib/index.js:11046:23)
iOS ./index.js ░░░░░░░░░░░░░░░░  0.0% (0/1)
iOS Bundling failed 10ms index.js (1 module)
 ERROR  SyntaxError: /Users/roshanajith/Documents/Products/DarpanAI/mobile/src/services/healthKitCore.ts: Unexpected token (120:13)

  118 |                 heightM: heightM ? Number(heightM.toFixed(2)) : null,
  119 |               });
> 120 |             });
      |              ^
  121 |           });
  122 |         });
  123 |       });
    at constructor (/Users/roshanajith/Documents/Products/DarpanAI/mobile/node_modules/@babel/parser/lib/index.js:365:19)
    at TypeScriptParserMixin.raise (/Users/roshanajith/Documents/Products/DarpanAI/mobile/node_modules/@babel/parser/lib/index.js:6599:19)
    at TypeScriptParserMixin.unexpected (/Users/roshanajith/Documents/Products/DarpanAI/mobile/node_modules/@babel/parser/lib/index.js:6619:16)
    at TypeScriptParserMixin.parseExprAtom (/Users/roshanajith/Documents/Products/DarpanAI/mobile/node_modules/@babel/parser/lib/index.js:11442:22)
    at TypeScriptParserMixin.parseExprSubscripts (/Users/roshanajith/Documents/Products/DarpanAI/mobile/node_modules/@babel/parser/lib/index.js:11081:23)
    at TypeScriptParserMixin.parseUpdate (/Users/roshanajith/Documents/Products/DarpanAI/mobile/node_modules/@babel/parser/lib/index.js:11066:21)
    at TypeScriptParserMixin.parseMaybeUnary (/Users/roshanajith/Documents/Products/DarpanAI/mobile/node_modules/@babel/parser/lib/index.js:11046:23)
    at TypeScriptParserMixin.parseMaybeUnary (/Users/roshanajith/Documents/Products/DarpanAI/mobile/node_modules/@babel/parser/lib/index.js:9837:18)
    at TypeScriptParserMixin.parseMaybeUnaryOrPrivate (/Users/roshanajith/Documents/Products/DarpanAI/mobile/node_modules/@babel/parser/lib/index.js:10899:61)
    at TypeScriptParserMixin.parseExprOps (/Users/roshanajith/Documents/Products/DarpanAI/mobile/node_modules/@babel/parser/lib/index.js:10904:23)
    at TypeScriptParserMixin.parseMaybeConditional (/Users/roshanajith/Documents/Products/DarpanAI/mobile/node_modules/@babel/parser/lib/index.js:10881:23)
    at TypeScriptParserMixin.parseMaybeAssign (/Users/roshanajith/Documents/Products/DarpanAI/mobile/node_modules/@babel/parser/lib/index.js:10831:21)
    at TypeScriptParserMixin.parseMaybeAssign (/Users/roshanajith/Documents/Products/DarpanAI/mobile/node_modules/@babel/parser/lib/index.js:9786:20)
    at TypeScriptParserMixin.parseExpressionBase (/Users/roshanajith/Documents/Products/DarpanAI/mobile/node_modules/@babel/parser/lib/index.js:10784:23)
    at /Users/roshanajith/Documents/Products/DarpanAI/mobile/node_modules/@babel/parser/lib/index.js:10780:39
    at TypeScriptParserMixin.allowInAnd (/Users/roshanajith/Documents/Products/DarpanAI/mobile/node_modules/@babel/parser/lib/index.js:12421:16)
    at TypeScriptParserMixin.parseExpression (/Users/roshanajith/Documents/Products/DarpanAI/mobile/node_modules/@babel/parser/lib/index.js:10780:17)
    at TypeScriptParserMixin.parseStatementContent (/Users/roshanajith/Documents/Products/DarpanAI/mobile/node_modules/@babel/parser/lib/index.js:12895:23)
    at TypeScriptParserMixin.parseStatementContent (/Users/roshanajith/Documents/Products/DarpanAI/mobile/node_modules/@babel/parser/lib/index.js:9508:18)
    at TypeScriptParserMixin.parseStatementLike (/Users/roshanajith/Documents/Products/DarpanAI/mobile/node_modules/@babel/parser/lib/index.js:12767:17)
    at TypeScriptParserMixin.parseStatementListItem (/Users/roshanajith/Documents/Products/DarpanAI/mobile/node_modules/@babel/parser/lib/index.js:12747:17)
    at TypeScriptParserMixin.parseBlockOrModuleBlockBody (/Users/roshanajith/Documents/Products/DarpanAI/mobile/node_modules/@babel/parser/lib/index.js:13316:61)
    at TypeScriptParserMixin.parseBlockBody (/Users/roshanajith/Documents/Products/DarpanAI/mobile/node_modules/@babel/parser/lib/index.js:13309:10)
    at TypeScriptParserMixin.parseBlock (/Users/roshanajith/Documents/Products/DarpanAI/mobile/node_modules/@babel/parser/lib/index.js:13297:10)
    at TypeScriptParserMixin.parseFunctionBody (/Users/roshanajith/Documents/Products/DarpanAI/mobile/node_modules/@babel/parser/lib/index.js:12100:24)
    at TypeScriptParserMixin.parseArrowExpression (/Users/roshanajith/Documents/Products/DarpanAI/mobile/node_modules/@babel/parser/lib/index.js:12075:10)
    at TypeScriptParserMixin.parseParenAndDistinguishExpression (/Users/roshanajith/Documents/Products/DarpanAI/mobile/node_modules/@babel/parser/lib/index.js:11687:12)
    at TypeScriptParserMixin.parseExprAtom (/Users/roshanajith/Documents/Products/DarpanAI/mobile/node_modules/@babel/parser/lib/index.js:11331:23)
    at TypeScriptParserMixin.parseExprSubscripts (/Users/roshanajith/Documents/Products/DarpanAI/mobile/node_modules/@babel/parser/lib/index.js:11081:23)
    at TypeScriptParserMixin.parseUpdate (/Users/roshanajith/Documents/Products/DarpanAI/mobile/node_modules/@babel/parser/lib/index.js:11066:21)
    at TypeScriptParserMixin.parseMaybeUnary (/Users/roshanajith/Documents/Products/DarpanAI/mobile/node_modules/@babel/parser/lib/index.js:11046:23)
    at TypeScriptParserMixin.parseMaybeUnary (/Users/roshanajith/Documents/Products/DarpanAI/mobile/node_modules/@babel/parser/lib/index.js:9837:18)
    at TypeScriptParserMixin.parseMaybeUnaryOrPrivate (/Users/roshanajith/Documents/Products/DarpanAI/mobile/node_modules/@babel/parser/lib/index.js:10899:61)
    at TypeScriptParserMixin.parseExprOps (/Users/roshanajith/Documents/Products/DarpanAI/mobile/node_modules/@babel/parser/lib/index.js:10904:23)
    at TypeScriptParserMixin.parseMaybeConditional (/Users/roshanajith/Documents/Products/DarpanAI/mobile/node_modules/@babel/parser/lib/index.js:10881:23)
    at TypeScriptParserMixin.parseMaybeAssign (/Users/roshanajith/Documents/Products/DarpanAI/mobile/node_modules/@babel/parser/lib/index.js:10831:21)
    at TypeScriptParserMixin.parseMaybeAssign (/Users/roshanajith/Documents/Products/DarpanAI/mobile/node_modules/@babel/parser/lib/index.js:9786:20)
    at /Users/roshanajith/Documents/Products/DarpanAI/mobile/node_modules/@babel/parser/lib/index.js:10800:39
    at TypeScriptParserMixin.allowInAnd (/Users/roshanajith/Documents/Products/DarpanAI/mobile/node_modules/@babel/parser/lib/index.js:12426:12)
    at TypeScriptParserMixin.parseMaybeAssignAllowIn (/Users/roshanajith/Documents/Products/DarpanAI/mobile/node_modules/@babel/parser/lib/index.js:10800:17)
    at TypeScriptParserMixin.parseMaybeAssignAllowInOrVoidPattern (/Users/roshanajith/Documents/Products/DarpanAI/mobile/node_modules/@babel/parser/lib/index.js:12493:17)
    at TypeScriptParserMixin.parseExprListItem (/Users/roshanajith/Documents/Products/DarpanAI/mobile/node_modules/@babel/parser/lib/index.js:12175:18)
    at TypeScriptParserMixin.parseCallExpressionArguments (/Users/roshanajith/Documents/Products/DarpanAI/mobile/node_modules/@babel/parser/lib/index.js:11252:22)
    at TypeScriptParserMixin.parseCoverCallAndAsyncArrowHead (/Users/roshanajith/Documents/Products/DarpanAI/mobile/node_modules/@babel/parser/lib/index.js:11186:29)
    at TypeScriptParserMixin.parseSubscript (/Users/roshanajith/Documents/Products/DarpanAI/mobile/node_modules/@babel/parser/lib/index.js:11120:19)
    at TypeScriptParserMixin.parseSubscript (/Users/roshanajith/Documents/Products/DarpanAI/mobile/node_modules/@babel/parser/lib/index.js:9272:18)
    at TypeScriptParserMixin.parseSubscripts (/Users/roshanajith/Documents/Products/DarpanAI/mobile/node_modules/@babel/parser/lib/index.js:11094:19)
    at TypeScriptParserMixin.parseExprSubscripts (/Users/roshanajith/Documents/Products/DarpanAI/mobile/node_modules/@babel/parser/lib/index.js:11085:17)
    at TypeScriptParserMixin.parseUpdate (/Users/roshanajith/Documents/Products/DarpanAI/mobile/node_modules/@babel/parser/lib/index.js:11066:21)
    at TypeScriptParserMixin.parseMaybeUnary (/Users/roshanajith/Documents/Products/DarpanAI/mobile/node_modules/@babel/parser/lib/index.js:11046:23)
iOS Bundling failed 11ms index.js (1 module)
 ERROR  SyntaxError: /Users/roshanajith/Documents/Products/DarpanAI/mobile/src/services/healthKitCore.ts: Unexpected token (120:13)

  118 |                 heightM: heightM ? Number(heightM.toFixed(2)) : null,
  119 |               });
> 120 |             });
      |              ^
  121 |           });
  122 |         });
  123 |       });
    at constructor (/Users/roshanajith/Documents/Products/DarpanAI/mobile/node_modules/@babel/parser/lib/index.js:365:19)
    at TypeScriptParserMixin.raise (/Users/roshanajith/Documents/Products/DarpanAI/mobile/node_modules/@babel/parser/lib/index.js:6599:19)
    at TypeScriptParserMixin.unexpected (/Users/roshanajith/Documents/Products/DarpanAI/mobile/node_modules/@babel/parser/lib/index.js:6619:16)
    at TypeScriptParserMixin.parseExprAtom (/Users/roshanajith/Documents/Products/DarpanAI/mobile/node_modules/@babel/parser/lib/index.js:11442:22)
    at TypeScriptParserMixin.parseExprSubscripts (/Users/roshanajith/Documents/Products/DarpanAI/mobile/node_modules/@babel/parser/lib/index.js:11081:23)
    at TypeScriptParserMixin.parseUpdate (/Users/roshanajith/Documents/Products/DarpanAI/mobile/node_modules/@babel/parser/lib/index.js:11066:21)
    at TypeScriptParserMixin.parseMaybeUnary (/Users/roshanajith/Documents/Products/DarpanAI/mobile/node_modules/@babel/parser/lib/index.js:11046:23)
    at TypeScriptParserMixin.parseMaybeUnary (/Users/roshanajith/Documents/Products/DarpanAI/mobile/node_modules/@babel/parser/lib/index.js:9837:18)
    at TypeScriptParserMixin.parseMaybeUnaryOrPrivate (/Users/roshanajith/Documents/Products/DarpanAI/mobile/node_modules/@babel/parser/lib/index.js:10899:61)
    at TypeScriptParserMixin.parseExprOps (/Users/roshanajith/Documents/Products/DarpanAI/mobile/node_modules/@babel/parser/lib/index.js:10904:23)
    at TypeScriptParserMixin.parseMaybeConditional (/Users/roshanajith/Documents/Products/DarpanAI/mobile/node_modules/@babel/parser/lib/index.js:10881:23)
    at TypeScriptParserMixin.parseMaybeAssign (/Users/roshanajith/Documents/Products/DarpanAI/mobile/node_modules/@babel/parser/lib/index.js:10831:21)
    at TypeScriptParserMixin.parseMaybeAssign (/Users/roshanajith/Documents/Products/DarpanAI/mobile/node_modules/@babel/parser/lib/index.js:9786:20)
    at TypeScriptParserMixin.parseExpressionBase (/Users/roshanajith/Documents/Products/DarpanAI/mobile/node_modules/@babel/parser/lib/index.js:10784:23)
    at /Users/roshanajith/Documents/Products/DarpanAI/mobile/node_modules/@babel/parser/lib/index.js:10780:39
    at TypeScriptParserMixin.allowInAnd (/Users/roshanajith/Documents/Products/DarpanAI/mobile/node_modules/@babel/parser/lib/index.js:12421:16)
    at TypeScriptParserMixin.parseExpression (/Users/roshanajith/Documents/Products/DarpanAI/mobile/node_modules/@babel/parser/lib/index.js:10780:17)
    at TypeScriptParserMixin.parseStatementContent (/Users/roshanajith/Documents/Products/DarpanAI/mobile/node_modules/@babel/parser/lib/index.js:12895:23)
    at TypeScriptParserMixin.parseStatementContent (/Users/roshanajith/Documents/Products/DarpanAI/mobile/node_modules/@babel/parser/lib/index.js:9508:18)
    at TypeScriptParserMixin.parseStatementLike (/Users/roshanajith/Documents/Products/DarpanAI/mobile/node_modules/@babel/parser/lib/index.js:12767:17)
    at TypeScriptParserMixin.parseStatementListItem (/Users/roshanajith/Documents/Products/DarpanAI/mobile/node_modules/@babel/parser/lib/index.js:12747:17)
    at TypeScriptParserMixin.parseBlockOrModuleBlockBody (/Users/roshanajith/Documents/Products/DarpanAI/mobile/node_modules/@babel/parser/lib/index.js:13316:61)
    at TypeScriptParserMixin.parseBlockBody (/Users/roshanajith/Documents/Products/DarpanAI/mobile/node_modules/@babel/parser/lib/index.js:13309:10)
    at TypeScriptParserMixin.parseBlock (/Users/roshanajith/Documents/Products/DarpanAI/mobile/node_modules/@babel/parser/lib/index.js:13297:10)
    at TypeScriptParserMixin.parseFunctionBody (/Users/roshanajith/Documents/Products/DarpanAI/mobile/node_modules/@babel/parser/lib/index.js:12100:24)
    at TypeScriptParserMixin.parseArrowExpression (/Users/roshanajith/Documents/Products/DarpanAI/mobile/node_modules/@babel/parser/lib/index.js:12075:10)
    at TypeScriptParserMixin.parseParenAndDistinguishExpression (/Users/roshanajith/Documents/Products/DarpanAI/mobile/node_modules/@babel/parser/lib/index.js:11687:12)
    at TypeScriptParserMixin.parseExprAtom (/Users/roshanajith/Documents/Products/DarpanAI/mobile/node_modules/@babel/parser/lib/index.js:11331:23)
    at TypeScriptParserMixin.parseExprSubscripts (/Users/roshanajith/Documents/Products/DarpanAI/mobile/node_modules/@babel/parser/lib/index.js:11081:23)
    at TypeScriptParserMixin.parseUpdate (/Users/roshanajith/Documents/Products/DarpanAI/mobile/node_modules/@babel/parser/lib/index.js:11066:21)
    at TypeScriptParserMixin.parseMaybeUnary (/Users/roshanajith/Documents/Products/DarpanAI/mobile/node_modules/@babel/parser/lib/index.js:11046:23)
    at TypeScriptParserMixin.parseMaybeUnary (/Users/roshanajith/Documents/Products/DarpanAI/mobile/node_modules/@babel/parser/lib/index.js:9837:18)
    at TypeScriptParserMixin.parseMaybeUnaryOrPrivate (/Users/roshanajith/Documents/Products/DarpanAI/mobile/node_modules/@babel/parser/lib/index.js:10899:61)
    at TypeScriptParserMixin.parseExprOps (/Users/roshanajith/Documents/Products/DarpanAI/mobile/node_modules/@babel/parser/lib/index.js:10904:23)
    at TypeScriptParserMixin.parseMaybeConditional (/Users/roshanajith/Documents/Products/DarpanAI/mobile/node_modules/@babel/parser/lib/index.js:10881:23)
    at TypeScriptParserMixin.parseMaybeAssign (/Users/roshanajith/Documents/Products/DarpanAI/mobile/node_modules/@babel/parser/lib/index.js:10831:21)
    at TypeScriptParserMixin.parseMaybeAssign (/Users/roshanajith/Documents/Products/DarpanAI/mobile/node_modules/@babel/parser/lib/index.js:9786:20)
    at /Users/roshanajith/Documents/Products/DarpanAI/mobile/node_modules/@babel/parser/lib/index.js:10800:39
    at TypeScriptParserMixin.allowInAnd (/Users/roshanajith/Documents/Products/DarpanAI/mobile/node_modules/@babel/parser/lib/index.js:12426:12)
    at TypeScriptParserMixin.parseMaybeAssignAllowIn (/Users/roshanajith/Documents/Products/DarpanAI/mobile/node_modules/@babel/parser/lib/index.js:10800:17)
    at TypeScriptParserMixin.parseMaybeAssignAllowInOrVoidPattern (/Users/roshanajith/Documents/Products/DarpanAI/mobile/node_modules/@babel/parser/lib/index.js:12493:17)
    at TypeScriptParserMixin.parseExprListItem (/Users/roshanajith/Documents/Products/DarpanAI/mobile/node_modules/@babel/parser/lib/index.js:12175:18)
    at TypeScriptParserMixin.parseCallExpressionArguments (/Users/roshanajith/Documents/Products/DarpanAI/mobile/node_modules/@babel/parser/lib/index.js:11252:22)
    at TypeScriptParserMixin.parseCoverCallAndAsyncArrowHead (/Users/roshanajith/Documents/Products/DarpanAI/mobile/node_modules/@babel/parser/lib/index.js:11186:29)
    at TypeScriptParserMixin.parseSubscript (/Users/roshanajith/Documents/Products/DarpanAI/mobile/node_modules/@babel/parser/lib/index.js:11120:19)
    at TypeScriptParserMixin.parseSubscript (/Users/roshanajith/Documents/Products/DarpanAI/mobile/node_modules/@babel/parser/lib/index.js:9272:18)
    at TypeScriptParserMixin.parseSubscripts (/Users/roshanajith/Documents/Products/DarpanAI/mobile/node_modules/@babel/parser/lib/index.js:11094:19)
    at TypeScriptParserMixin.parseExprSubscripts (/Users/roshanajith/Documents/Products/DarpanAI/mobile/node_modules/@babel/parser/lib/index.js:11085:17)
    at TypeScriptParserMixin.parseUpdate (/Users/roshanajith/Documents/Products/DarpanAI/mobile/node_modules/@babel/parser/lib/index.js:11066:21)
    at TypeScriptParserMixin.parseMaybeUnary (/Users/roshanajith/Documents/Products/DarpanAI/mobile/node_modules/@babel/parser/lib/index.js:11046:23)
iOS Bundling failed 9ms index.js (1 module)
 ERROR  SyntaxError: /Users/roshanajith/Documents/Products/DarpanAI/mobile/src/services/healthKitCore.ts: Unexpected token (120:13)

  118 |                 heightM: heightM ? Number(heightM.toFixed(2)) : null,
  119 |               });
> 120 |             });
      |              ^
  121 |           });
  122 |         });
  123 |       });
    at constructor (/Users/roshanajith/Documents/Products/DarpanAI/mobile/node_modules/@babel/parser/lib/index.js:365:19)
    at TypeScriptParserMixin.raise (/Users/roshanajith/Documents/Products/DarpanAI/mobile/node_modules/@babel/parser/lib/index.js:6599:19)
    at TypeScriptParserMixin.unexpected (/Users/roshanajith/Documents/Products/DarpanAI/mobile/node_modules/@babel/parser/lib/index.js:6619:16)
    at TypeScriptParserMixin.parseExprAtom (/Users/roshanajith/Documents/Products/DarpanAI/mobile/node_modules/@babel/parser/lib/index.js:11442:22)
    at TypeScriptParserMixin.parseExprSubscripts (/Users/roshanajith/Documents/Products/DarpanAI/mobile/node_modules/@babel/parser/lib/index.js:11081:23)
    at TypeScriptParserMixin.parseUpdate (/Users/roshanajith/Documents/Products/DarpanAI/mobile/node_modules/@babel/parser/lib/index.js:11066:21)
    at TypeScriptParserMixin.parseMaybeUnary (/Users/roshanajith/Documents/Products/DarpanAI/mobile/node_modules/@babel/parser/lib/index.js:11046:23)
    at TypeScriptParserMixin.parseMaybeUnary (/Users/roshanajith/Documents/Products/DarpanAI/mobile/node_modules/@babel/parser/lib/index.js:9837:18)
    at TypeScriptParserMixin.parseMaybeUnaryOrPrivate (/Users/roshanajith/Documents/Products/DarpanAI/mobile/node_modules/@babel/parser/lib/index.js:10899:61)
    at TypeScriptParserMixin.parseExprOps (/Users/roshanajith/Documents/Products/DarpanAI/mobile/node_modules/@babel/parser/lib/index.js:10904:23)
    at TypeScriptParserMixin.parseMaybeConditional (/Users/roshanajith/Documents/Products/DarpanAI/mobile/node_modules/@babel/parser/lib/index.js:10881:23)
    at TypeScriptParserMixin.parseMaybeAssign (/Users/roshanajith/Documents/Products/DarpanAI/mobile/node_modules/@babel/parser/lib/index.js:10831:21)
    at TypeScriptParserMixin.parseMaybeAssign (/Users/roshanajith/Documents/Products/DarpanAI/mobile/node_modules/@babel/parser/lib/index.js:9786:20)
    at TypeScriptParserMixin.parseExpressionBase (/Users/roshanajith/Documents/Products/DarpanAI/mobile/node_modules/@babel/parser/lib/index.js:10784:23)
    at /Users/roshanajith/Documents/Products/DarpanAI/mobile/node_modules/@babel/parser/lib/index.js:10780:39
    at TypeScriptParserMixin.allowInAnd (/Users/roshanajith/Documents/Products/DarpanAI/mobile/node_modules/@babel/parser/lib/index.js:12421:16)
    at TypeScriptParserMixin.parseExpression (/Users/roshanajith/Documents/Products/DarpanAI/mobile/node_modules/@babel/parser/lib/index.js:10780:17)
    at TypeScriptParserMixin.parseStatementContent (/Users/roshanajith/Documents/Products/DarpanAI/mobile/node_modules/@babel/parser/lib/index.js:12895:23)
    at TypeScriptParserMixin.parseStatementContent (/Users/roshanajith/Documents/Products/DarpanAI/mobile/node_modules/@babel/parser/lib/index.js:9508:18)
    at TypeScriptParserMixin.parseStatementLike (/Users/roshanajith/Documents/Products/DarpanAI/mobile/node_modules/@babel/parser/lib/index.js:12767:17)
    at TypeScriptParserMixin.parseStatementListItem (/Users/roshanajith/Documents/Products/DarpanAI/mobile/node_modules/@babel/parser/lib/index.js:12747:17)
    at TypeScriptParserMixin.parseBlockOrModuleBlockBody (/Users/roshanajith/Documents/Products/DarpanAI/mobile/node_modules/@babel/parser/lib/index.js:13316:61)
    at TypeScriptParserMixin.parseBlockBody (/Users/roshanajith/Documents/Products/DarpanAI/mobile/node_modules/@babel/parser/lib/index.js:13309:10)
    at TypeScriptParserMixin.parseBlock (/Users/roshanajith/Documents/Products/DarpanAI/mobile/node_modules/@babel/parser/lib/index.js:13297:10)
    at TypeScriptParserMixin.parseFunctionBody (/Users/roshanajith/Documents/Products/DarpanAI/mobile/node_modules/@babel/parser/lib/index.js:12100:24)
    at TypeScriptParserMixin.parseArrowExpression (/Users/roshanajith/Documents/Products/DarpanAI/mobile/node_modules/@babel/parser/lib/index.js:12075:10)
    at TypeScriptParserMixin.parseParenAndDistinguishExpression (/Users/roshanajith/Documents/Products/DarpanAI/mobile/node_modules/@babel/parser/lib/index.js:11687:12)
    at TypeScriptParserMixin.parseExprAtom (/Users/roshanajith/Documents/Products/DarpanAI/mobile/node_modules/@babel/parser/lib/index.js:11331:23)
    at TypeScriptParserMixin.parseExprSubscripts (/Users/roshanajith/Documents/Products/DarpanAI/mobile/node_modules/@babel/parser/lib/index.js:11081:23)
    at TypeScriptParserMixin.parseUpdate (/Users/roshanajith/Documents/Products/DarpanAI/mobile/node_modules/@babel/parser/lib/index.js:11066:21)
    at TypeScriptParserMixin.parseMaybeUnary (/Users/roshanajith/Documents/Products/DarpanAI/mobile/node_modules/@babel/parser/lib/index.js:11046:23)
    at TypeScriptParserMixin.parseMaybeUnary (/Users/roshanajith/Documents/Products/DarpanAI/mobile/node_modules/@babel/parser/lib/index.js:9837:18)
    at TypeScriptParserMixin.parseMaybeUnaryOrPrivate (/Users/roshanajith/Documents/Products/DarpanAI/mobile/node_modules/@babel/parser/lib/index.js:10899:61)
    at TypeScriptParserMixin.parseExprOps (/Users/roshanajith/Documents/Products/DarpanAI/mobile/node_modules/@babel/parser/lib/index.js:10904:23)
    at TypeScriptParserMixin.parseMaybeConditional (/Users/roshanajith/Documents/Products/DarpanAI/mobile/node_modules/@babel/parser/lib/index.js:10881:23)
    at TypeScriptParserMixin.parseMaybeAssign (/Users/roshanajith/Documents/Products/DarpanAI/mobile/node_modules/@babel/parser/lib/index.js:10831:21)
    at TypeScriptParserMixin.parseMaybeAssign (/Users/roshanajith/Documents/Products/DarpanAI/mobile/node_modules/@babel/parser/lib/index.js:9786:20)
    at /Users/roshanajith/Documents/Products/DarpanAI/mobile/node_modules/@babel/parser/lib/index.js:10800:39
    at TypeScriptParserMixin.allowInAnd (/Users/roshanajith/Documents/Products/DarpanAI/mobile/node_modules/@babel/parser/lib/index.js:12426:12)
    at TypeScriptParserMixin.parseMaybeAssignAllowIn (/Users/roshanajith/Documents/Products/DarpanAI/mobile/node_modules/@babel/parser/lib/index.js:10800:17)
    at TypeScriptParserMixin.parseMaybeAssignAllowInOrVoidPattern (/Users/roshanajith/Documents/Products/DarpanAI/mobile/node_modules/@babel/parser/lib/index.js:12493:17)
    at TypeScriptParserMixin.parseExprListItem (/Users/roshanajith/Documents/Products/DarpanAI/mobile/node_modules/@babel/parser/lib/index.js:12175:18)
    at TypeScriptParserMixin.parseCallExpressionArguments (/Users/roshanajith/Documents/Products/DarpanAI/mobile/node_modules/@babel/parser/lib/index.js:11252:22)
    at TypeScriptParserMixin.parseCoverCallAndAsyncArrowHead (/Users/roshanajith/Documents/Products/DarpanAI/mobile/node_modules/@babel/parser/lib/index.js:11186:29)
    at TypeScriptParserMixin.parseSubscript (/Users/roshanajith/Documents/Products/DarpanAI/mobile/node_modules/@babel/parser/lib/index.js:11120:19)
    at TypeScriptParserMixin.parseSubscript (/Users/roshanajith/Documents/Products/DarpanAI/mobile/node_modules/@babel/parser/lib/index.js:9272:18)
    at TypeScriptParserMixin.parseSubscripts (/Users/roshanajith/Documents/Products/DarpanAI/mobile/node_modules/@babel/parser/lib/index.js:11094:19)
    at TypeScriptParserMixin.parseExprSubscripts (/Users/roshanajith/Documents/Products/DarpanAI/mobile/node_modules/@babel/parser/lib/index.js:11085:17)
    at TypeScriptParserMixin.parseUpdate (/Users/roshanajith/Documents/Products/DarpanAI/mobile/node_modules/@babel/parser/lib/index.js:11066:21)
    at TypeScriptParserMixin.parseMaybeUnary (/Users/roshanajith/Documents/Products/DarpanAI/mobile/node_modules/@babel/parser/lib/index.js:11046:23)
iOS Bundling failed 8ms index.js (1 module)
 ERROR  SyntaxError: /Users/roshanajith/Documents/Products/DarpanAI/mobile/src/services/healthKitCore.ts: Unexpected token (120:13)

  118 |                 heightM: heightM ? Number(heightM.toFixed(2)) : null,
  119 |               });
> 120 |             });
      |              ^
  121 |           });
  122 |         });
  123 |       });
    at constructor (/Users/roshanajith/Documents/Products/DarpanAI/mobile/node_modules/@babel/parser/lib/index.js:365:19)
    at TypeScriptParserMixin.raise (/Users/roshanajith/Documents/Products/DarpanAI/mobile/node_modules/@babel/parser/lib/index.js:6599:19)
    at TypeScriptParserMixin.unexpected (/Users/roshanajith/Documents/Products/DarpanAI/mobile/node_modules/@babel/parser/lib/index.js:6619:16)
    at TypeScriptParserMixin.parseExprAtom (/Users/roshanajith/Documents/Products/DarpanAI/mobile/node_modules/@babel/parser/lib/index.js:11442:22)
    at TypeScriptParserMixin.parseExprSubscripts (/Users/roshanajith/Documents/Products/DarpanAI/mobile/node_modules/@babel/parser/lib/index.js:11081:23)
    at TypeScriptParserMixin.parseUpdate (/Users/roshanajith/Documents/Products/DarpanAI/mobile/node_modules/@babel/parser/lib/index.js:11066:21)
    at TypeScriptParserMixin.parseMaybeUnary (/Users/roshanajith/Documents/Products/DarpanAI/mobile/node_modules/@babel/parser/lib/index.js:11046:23)
    at TypeScriptParserMixin.parseMaybeUnary (/Users/roshanajith/Documents/Products/DarpanAI/mobile/node_modules/@babel/parser/lib/index.js:9837:18)
    at TypeScriptParserMixin.parseMaybeUnaryOrPrivate (/Users/roshanajith/Documents/Products/DarpanAI/mobile/node_modules/@babel/parser/lib/index.js:10899:61)
    at TypeScriptParserMixin.parseExprOps (/Users/roshanajith/Documents/Products/DarpanAI/mobile/node_modules/@babel/parser/lib/index.js:10904:23)
    at TypeScriptParserMixin.parseMaybeConditional (/Users/roshanajith/Documents/Products/DarpanAI/mobile/node_modules/@babel/parser/lib/index.js:10881:23)
    at TypeScriptParserMixin.parseMaybeAssign (/Users/roshanajith/Documents/Products/DarpanAI/mobile/node_modules/@babel/parser/lib/index.js:10831:21)
    at TypeScriptParserMixin.parseMaybeAssign (/Users/roshanajith/Documents/Products/DarpanAI/mobile/node_modules/@babel/parser/lib/index.js:9786:20)
    at TypeScriptParserMixin.parseExpressionBase (/Users/roshanajith/Documents/Products/DarpanAI/mobile/node_modules/@babel/parser/lib/index.js:10784:23)
    at /Users/roshanajith/Documents/Products/DarpanAI/mobile/node_modules/@babel/parser/lib/index.js:10780:39
    at TypeScriptParserMixin.allowInAnd (/Users/roshanajith/Documents/Products/DarpanAI/mobile/node_modules/@babel/parser/lib/index.js:12421:16)
    at TypeScriptParserMixin.parseExpression (/Users/roshanajith/Documents/Products/DarpanAI/mobile/node_modules/@babel/parser/lib/index.js:10780:17)
    at TypeScriptParserMixin.parseStatementContent (/Users/roshanajith/Documents/Products/DarpanAI/mobile/node_modules/@babel/parser/lib/index.js:12895:23)
    at TypeScriptParserMixin.parseStatementContent (/Users/roshanajith/Documents/Products/DarpanAI/mobile/node_modules/@babel/parser/lib/index.js:9508:18)
    at TypeScriptParserMixin.parseStatementLike (/Users/roshanajith/Documents/Products/DarpanAI/mobile/node_modules/@babel/parser/lib/index.js:12767:17)
    at TypeScriptParserMixin.parseStatementListItem (/Users/roshanajith/Documents/Products/DarpanAI/mobile/node_modules/@babel/parser/lib/index.js:12747:17)
    at TypeScriptParserMixin.parseBlockOrModuleBlockBody (/Users/roshanajith/Documents/Products/DarpanAI/mobile/node_modules/@babel/parser/lib/index.js:13316:61)
    at TypeScriptParserMixin.parseBlockBody (/Users/roshanajith/Documents/Products/DarpanAI/mobile/node_modules/@babel/parser/lib/index.js:13309:10)
    at TypeScriptParserMixin.parseBlock (/Users/roshanajith/Documents/Products/DarpanAI/mobile/node_modules/@babel/parser/lib/index.js:13297:10)
    at TypeScriptParserMixin.parseFunctionBody (/Users/roshanajith/Documents/Products/DarpanAI/mobile/node_modules/@babel/parser/lib/index.js:12100:24)
    at TypeScriptParserMixin.parseArrowExpression (/Users/roshanajith/Documents/Products/DarpanAI/mobile/node_modules/@babel/parser/lib/index.js:12075:10)
    at TypeScriptParserMixin.parseParenAndDistinguishExpression (/Users/roshanajith/Documents/Products/DarpanAI/mobile/node_modules/@babel/parser/lib/index.js:11687:12)
    at TypeScriptParserMixin.parseExprAtom (/Users/roshanajith/Documents/Products/DarpanAI/mobile/node_modules/@babel/parser/lib/index.js:11331:23)
    at TypeScriptParserMixin.parseExprSubscripts (/Users/roshanajith/Documents/Products/DarpanAI/mobile/node_modules/@babel/parser/lib/index.js:11081:23)
    at TypeScriptParserMixin.parseUpdate (/Users/roshanajith/Documents/Products/DarpanAI/mobile/node_modules/@babel/parser/lib/index.js:11066:21)
    at TypeScriptParserMixin.parseMaybeUnary (/Users/roshanajith/Documents/Products/DarpanAI/mobile/node_modules/@babel/parser/lib/index.js:11046:23)
    at TypeScriptParserMixin.parseMaybeUnary (/Users/roshanajith/Documents/Products/DarpanAI/mobile/node_modules/@babel/parser/lib/index.js:9837:18)
    at TypeScriptParserMixin.parseMaybeUnaryOrPrivate (/Users/roshanajith/Documents/Products/DarpanAI/mobile/node_modules/@babel/parser/lib/index.js:10899:61)
    at TypeScriptParserMixin.parseExprOps (/Users/roshanajith/Documents/Products/DarpanAI/mobile/node_modules/@babel/parser/lib/index.js:10904:23)
    at TypeScriptParserMixin.parseMaybeConditional (/Users/roshanajith/Documents/Products/DarpanAI/mobile/node_modules/@babel/parser/lib/index.js:10881:23)
    at TypeScriptParserMixin.parseMaybeAssign (/Users/roshanajith/Documents/Products/DarpanAI/mobile/node_modules/@babel/parser/lib/index.js:10831:21)
    at TypeScriptParserMixin.parseMaybeAssign (/Users/roshanajith/Documents/Products/DarpanAI/mobile/node_modules/@babel/parser/lib/index.js:9786:20)
    at /Users/roshanajith/Documents/Products/DarpanAI/mobile/node_modules/@babel/parser/lib/index.js:10800:39
    at TypeScriptParserMixin.allowInAnd (/Users/roshanajith/Documents/Products/DarpanAI/mobile/node_modules/@babel/parser/lib/index.js:12426:12)
    at TypeScriptParserMixin.parseMaybeAssignAllowIn (/Users/roshanajith/Documents/Products/DarpanAI/mobile/node_modules/@babel/parser/lib/index.js:10800:17)
    at TypeScriptParserMixin.parseMaybeAssignAllowInOrVoidPattern (/Users/roshanajith/Documents/Products/DarpanAI/mobile/node_modules/@babel/parser/lib/index.js:12493:17)
    at TypeScriptParserMixin.parseExprListItem (/Users/roshanajith/Documents/Products/DarpanAI/mobile/node_modules/@babel/parser/lib/index.js:12175:18)
    at TypeScriptParserMixin.parseCallExpressionArguments (/Users/roshanajith/Documents/Products/DarpanAI/mobile/node_modules/@babel/parser/lib/index.js:11252:22)
    at TypeScriptParserMixin.parseCoverCallAndAsyncArrowHead (/Users/roshanajith/Documents/Products/DarpanAI/mobile/node_modules/@babel/parser/lib/index.js:11186:29)
    at TypeScriptParserMixin.parseSubscript (/Users/roshanajith/Documents/Products/DarpanAI/mobile/node_modules/@babel/parser/lib/index.js:11120:19)
    at TypeScriptParserMixin.parseSubscript (/Users/roshanajith/Documents/Products/DarpanAI/mobile/node_modules/@babel/parser/lib/index.js:9272:18)
    at TypeScriptParserMixin.parseSubscripts (/Users/roshanajith/Documents/Products/DarpanAI/mobile/node_modules/@babel/parser/lib/index.js:11094:19)
    at TypeScriptParserMixin.parseExprSubscripts (/Users/roshanajith/Documents/Products/DarpanAI/mobile/node_modules/@babel/parser/lib/index.js:11085:17)
    at TypeScriptParserMixin.parseUpdate (/Users/roshanajith/Documents/Products/DarpanAI/mobile/node_modules/@babel/parser/lib/index.js:11066:21)
    at TypeScriptParserMixin.parseMaybeUnary (/Users/roshanajith/Documents/Products/DarpanAI/mobile/node_modules/@babel/parser/lib/index.js:11046:23)
iOS Bundling failed 8ms index.js (1 module)
 ERROR  SyntaxError: /Users/roshanajith/Documents/Products/DarpanAI/mobile/src/services/healthKitCore.ts: Unexpected token (120:13)

  118 |                 heightM: heightM ? Number(heightM.toFixed(2)) : null,
  119 |               });
> 120 |             });
      |              ^
  121 |           });
  122 |         });
  123 |       });
    at constructor (/Users/roshanajith/Documents/Products/DarpanAI/mobile/node_modules/@babel/parser/lib/index.js:365:19)
    at TypeScriptParserMixin.raise (/Users/roshanajith/Documents/Products/DarpanAI/mobile/node_modules/@babel/parser/lib/index.js:6599:19)
    at TypeScriptParserMixin.unexpected (/Users/roshanajith/Documents/Products/DarpanAI/mobile/node_modules/@babel/parser/lib/index.js:6619:16)
    at TypeScriptParserMixin.parseExprAtom (/Users/roshanajith/Documents/Products/DarpanAI/mobile/node_modules/@babel/parser/lib/index.js:11442:22)
    at TypeScriptParserMixin.parseExprSubscripts (/Users/roshanajith/Documents/Products/DarpanAI/mobile/node_modules/@babel/parser/lib/index.js:11081:23)
    at TypeScriptParserMixin.parseUpdate (/Users/roshanajith/Documents/Products/DarpanAI/mobile/node_modules/@babel/parser/lib/index.js:11066:21)
    at TypeScriptParserMixin.parseMaybeUnary (/Users/roshanajith/Documents/Products/DarpanAI/mobile/node_modules/@babel/parser/lib/index.js:11046:23)
    at TypeScriptParserMixin.parseMaybeUnary (/Users/roshanajith/Documents/Products/DarpanAI/mobile/node_modules/@babel/parser/lib/index.js:9837:18)
    at TypeScriptParserMixin.parseMaybeUnaryOrPrivate (/Users/roshanajith/Documents/Products/DarpanAI/mobile/node_modules/@babel/parser/lib/index.js:10899:61)
    at TypeScriptParserMixin.parseExprOps (/Users/roshanajith/Documents/Products/DarpanAI/mobile/node_modules/@babel/parser/lib/index.js:10904:23)
    at TypeScriptParserMixin.parseMaybeConditional (/Users/roshanajith/Documents/Products/DarpanAI/mobile/node_modules/@babel/parser/lib/index.js:10881:23)
    at TypeScriptParserMixin.parseMaybeAssign (/Users/roshanajith/Documents/Products/DarpanAI/mobile/node_modules/@babel/parser/lib/index.js:10831:21)
    at TypeScriptParserMixin.parseMaybeAssign (/Users/roshanajith/Documents/Products/DarpanAI/mobile/node_modules/@babel/parser/lib/index.js:9786:20)
    at TypeScriptParserMixin.parseExpressionBase (/Users/roshanajith/Documents/Products/DarpanAI/mobile/node_modules/@babel/parser/lib/index.js:10784:23)
    at /Users/roshanajith/Documents/Products/DarpanAI/mobile/node_modules/@babel/parser/lib/index.js:10780:39
    at TypeScriptParserMixin.allowInAnd (/Users/roshanajith/Documents/Products/DarpanAI/mobile/node_modules/@babel/parser/lib/index.js:12421:16)
    at TypeScriptParserMixin.parseExpression (/Users/roshanajith/Documents/Products/DarpanAI/mobile/node_modules/@babel/parser/lib/index.js:10780:17)
    at TypeScriptParserMixin.parseStatementContent (/Users/roshanajith/Documents/Products/DarpanAI/mobile/node_modules/@babel/parser/lib/index.js:12895:23)
    at TypeScriptParserMixin.parseStatementContent (/Users/roshanajith/Documents/Products/DarpanAI/mobile/node_modules/@babel/parser/lib/index.js:9508:18)
    at TypeScriptParserMixin.parseStatementLike (/Users/roshanajith/Documents/Products/DarpanAI/mobile/node_modules/@babel/parser/lib/index.js:12767:17)
    at TypeScriptParserMixin.parseStatementListItem (/Users/roshanajith/Documents/Products/DarpanAI/mobile/node_modules/@babel/parser/lib/index.js:12747:17)
    at TypeScriptParserMixin.parseBlockOrModuleBlockBody (/Users/roshanajith/Documents/Products/DarpanAI/mobile/node_modules/@babel/parser/lib/index.js:13316:61)
    at TypeScriptParserMixin.parseBlockBody (/Users/roshanajith/Documents/Products/DarpanAI/mobile/node_modules/@babel/parser/lib/index.js:13309:10)
    at TypeScriptParserMixin.parseBlock (/Users/roshanajith/Documents/Products/DarpanAI/mobile/node_modules/@babel/parser/lib/index.js:13297:10)
    at TypeScriptParserMixin.parseFunctionBody (/Users/roshanajith/Documents/Products/DarpanAI/mobile/node_modules/@babel/parser/lib/index.js:12100:24)
    at TypeScriptParserMixin.parseArrowExpression (/Users/roshanajith/Documents/Products/DarpanAI/mobile/node_modules/@babel/parser/lib/index.js:12075:10)
    at TypeScriptParserMixin.parseParenAndDistinguishExpression (/Users/roshanajith/Documents/Products/DarpanAI/mobile/node_modules/@babel/parser/lib/index.js:11687:12)
    at TypeScriptParserMixin.parseExprAtom (/Users/roshanajith/Documents/Products/DarpanAI/mobile/node_modules/@babel/parser/lib/index.js:11331:23)
    at TypeScriptParserMixin.parseExprSubscripts (/Users/roshanajith/Documents/Products/DarpanAI/mobile/node_modules/@babel/parser/lib/index.js:11081:23)
    at TypeScriptParserMixin.parseUpdate (/Users/roshanajith/Documents/Products/DarpanAI/mobile/node_modules/@babel/parser/lib/index.js:11066:21)
    at TypeScriptParserMixin.parseMaybeUnary (/Users/roshanajith/Documents/Products/DarpanAI/mobile/node_modules/@babel/parser/lib/index.js:11046:23)
    at TypeScriptParserMixin.parseMaybeUnary (/Users/roshanajith/Documents/Products/DarpanAI/mobile/node_modules/@babel/parser/lib/index.js:9837:18)
    at TypeScriptParserMixin.parseMaybeUnaryOrPrivate (/Users/roshanajith/Documents/Products/DarpanAI/mobile/node_modules/@babel/parser/lib/index.js:10899:61)
    at TypeScriptParserMixin.parseExprOps (/Users/roshanajith/Documents/Products/DarpanAI/mobile/node_modules/@babel/parser/lib/index.js:10904:23)
    at TypeScriptParserMixin.parseMaybeConditional (/Users/roshanajith/Documents/Products/DarpanAI/mobile/node_modules/@babel/parser/lib/index.js:10881:23)
    at TypeScriptParserMixin.parseMaybeAssign (/Users/roshanajith/Documents/Products/DarpanAI/mobile/node_modules/@babel/parser/lib/index.js:10831:21)
    at TypeScriptParserMixin.parseMaybeAssign (/Users/roshanajith/Documents/Products/DarpanAI/mobile/node_modules/@babel/parser/lib/index.js:9786:20)
    at /Users/roshanajith/Documents/Products/DarpanAI/mobile/node_modules/@babel/parser/lib/index.js:10800:39
    at TypeScriptParserMixin.allowInAnd (/Users/roshanajith/Documents/Products/DarpanAI/mobile/node_modules/@babel/parser/lib/index.js:12426:12)
    at TypeScriptParserMixin.parseMaybeAssignAllowIn (/Users/roshanajith/Documents/Products/DarpanAI/mobile/node_modules/@babel/parser/lib/index.js:10800:17)
    at TypeScriptParserMixin.parseMaybeAssignAllowInOrVoidPattern (/Users/roshanajith/Documents/Products/DarpanAI/mobile/node_modules/@babel/parser/lib/index.js:12493:17)
    at TypeScriptParserMixin.parseExprListItem (/Users/roshanajith/Documents/Products/DarpanAI/mobile/node_modules/@babel/parser/lib/index.js:12175:18)
    at TypeScriptParserMixin.parseCallExpressionArguments (/Users/roshanajith/Documents/Products/DarpanAI/mobile/node_modules/@babel/parser/lib/index.js:11252:22)
    at TypeScriptParserMixin.parseCoverCallAndAsyncArrowHead (/Users/roshanajith/Documents/Products/DarpanAI/mobile/node_modules/@babel/parser/lib/index.js:11186:29)
    at TypeScriptParserMixin.parseSubscript (/Users/roshanajith/Documents/Products/DarpanAI/mobile/node_modules/@babel/parser/lib/index.js:11120:19)
    at TypeScriptParserMixin.parseSubscript (/Users/roshanajith/Documents/Products/DarpanAI/mobile/node_modules/@babel/parser/lib/index.js:9272:18)
    at TypeScriptParserMixin.parseSubscripts (/Users/roshanajith/Documents/Products/DarpanAI/mobile/node_modules/@babel/parser/lib/index.js:11094:19)
    at TypeScriptParserMixin.parseExprSubscripts (/Users/roshanajith/Documents/Products/DarpanAI/mobile/node_modules/@babel/parser/lib/index.js:11085:17)
    at TypeScriptParserMixin.parseUpdate (/Users/roshanajith/Documents/Products/DarpanAI/mobile/node_modules/@babel/parser/lib/index.js:11066:21)
    at TypeScriptParserMixin.parseMaybeUnary (/Users/roshanajith/Documents/Products/DarpanAI/mobile/node_modules/@babel/parser/lib/index.js:11046:23)
iOS Bundling failed 9ms index.js (1 module)
 ERROR  SyntaxError: /Users/roshanajith/Documents/Products/DarpanAI/mobile/src/services/healthKitCore.ts: Unexpected token (120:13)

  118 |                 heightM: heightM ? Number(heightM.toFixed(2)) : null,
  119 |               });
> 120 |             });
      |              ^
  121 |           });
  122 |         });
  123 |       });
    at constructor (/Users/roshanajith/Documents/Products/DarpanAI/mobile/node_modules/@babel/parser/lib/index.js:365:19)
    at TypeScriptParserMixin.raise (/Users/roshanajith/Documents/Products/DarpanAI/mobile/node_modules/@babel/parser/lib/index.js:6599:19)
    at TypeScriptParserMixin.unexpected (/Users/roshanajith/Documents/Products/DarpanAI/mobile/node_modules/@babel/parser/lib/index.js:6619:16)
    at TypeScriptParserMixin.parseExprAtom (/Users/roshanajith/Documents/Products/DarpanAI/mobile/node_modules/@babel/parser/lib/index.js:11442:22)
    at TypeScriptParserMixin.parseExprSubscripts (/Users/roshanajith/Documents/Products/DarpanAI/mobile/node_modules/@babel/parser/lib/index.js:11081:23)
    at TypeScriptParserMixin.parseUpdate (/Users/roshanajith/Documents/Products/DarpanAI/mobile/node_modules/@babel/parser/lib/index.js:11066:21)
    at TypeScriptParserMixin.parseMaybeUnary (/Users/roshanajith/Documents/Products/DarpanAI/mobile/node_modules/@babel/parser/lib/index.js:11046:23)
    at TypeScriptParserMixin.parseMaybeUnary (/Users/roshanajith/Documents/Products/DarpanAI/mobile/node_modules/@babel/parser/lib/index.js:9837:18)
    at TypeScriptParserMixin.parseMaybeUnaryOrPrivate (/Users/roshanajith/Documents/Products/DarpanAI/mobile/node_modules/@babel/parser/lib/index.js:10899:61)
    at TypeScriptParserMixin.parseExprOps (/Users/roshanajith/Documents/Products/DarpanAI/mobile/node_modules/@babel/parser/lib/index.js:10904:23)
    at TypeScriptParserMixin.parseMaybeConditional (/Users/roshanajith/Documents/Products/DarpanAI/mobile/node_modules/@babel/parser/lib/index.js:10881:23)
    at TypeScriptParserMixin.parseMaybeAssign (/Users/roshanajith/Documents/Products/DarpanAI/mobile/node_modules/@babel/parser/lib/index.js:10831:21)
    at TypeScriptParserMixin.parseMaybeAssign (/Users/roshanajith/Documents/Products/DarpanAI/mobile/node_modules/@babel/parser/lib/index.js:9786:20)
    at TypeScriptParserMixin.parseExpressionBase (/Users/roshanajith/Documents/Products/DarpanAI/mobile/node_modules/@babel/parser/lib/index.js:10784:23)
    at /Users/roshanajith/Documents/Products/DarpanAI/mobile/node_modules/@babel/parser/lib/index.js:10780:39
    at TypeScriptParserMixin.allowInAnd (/Users/roshanajith/Documents/Products/DarpanAI/mobile/node_modules/@babel/parser/lib/index.js:12421:16)
    at TypeScriptParserMixin.parseExpression (/Users/roshanajith/Documents/Products/DarpanAI/mobile/node_modules/@babel/parser/lib/index.js:10780:17)
    at TypeScriptParserMixin.parseStatementContent (/Users/roshanajith/Documents/Products/DarpanAI/mobile/node_modules/@babel/parser/lib/index.js:12895:23)
    at TypeScriptParserMixin.parseStatementContent (/Users/roshanajith/Documents/Products/DarpanAI/mobile/node_modules/@babel/parser/lib/index.js:9508:18)
    at TypeScriptParserMixin.parseStatementLike (/Users/roshanajith/Documents/Products/DarpanAI/mobile/node_modules/@babel/parser/lib/index.js:12767:17)
    at TypeScriptParserMixin.parseStatementListItem (/Users/roshanajith/Documents/Products/DarpanAI/mobile/node_modules/@babel/parser/lib/index.js:12747:17)
    at TypeScriptParserMixin.parseBlockOrModuleBlockBody (/Users/roshanajith/Documents/Products/DarpanAI/mobile/node_modules/@babel/parser/lib/index.js:13316:61)
    at TypeScriptParserMixin.parseBlockBody (/Users/roshanajith/Documents/Products/DarpanAI/mobile/node_modules/@babel/parser/lib/index.js:13309:10)
    at TypeScriptParserMixin.parseBlock (/Users/roshanajith/Documents/Products/DarpanAI/mobile/node_modules/@babel/parser/lib/index.js:13297:10)
    at TypeScriptParserMixin.parseFunctionBody (/Users/roshanajith/Documents/Products/DarpanAI/mobile/node_modules/@babel/parser/lib/index.js:12100:24)
    at TypeScriptParserMixin.parseArrowExpression (/Users/roshanajith/Documents/Products/DarpanAI/mobile/node_modules/@babel/parser/lib/index.js:12075:10)
    at TypeScriptParserMixin.parseParenAndDistinguishExpression (/Users/roshanajith/Documents/Products/DarpanAI/mobile/node_modules/@babel/parser/lib/index.js:11687:12)
    at TypeScriptParserMixin.parseExprAtom (/Users/roshanajith/Documents/Products/DarpanAI/mobile/node_modules/@babel/parser/lib/index.js:11331:23)
    at TypeScriptParserMixin.parseExprSubscripts (/Users/roshanajith/Documents/Products/DarpanAI/mobile/node_modules/@babel/parser/lib/index.js:11081:23)
    at TypeScriptParserMixin.parseUpdate (/Users/roshanajith/Documents/Products/DarpanAI/mobile/node_modules/@babel/parser/lib/index.js:11066:21)
    at TypeScriptParserMixin.parseMaybeUnary (/Users/roshanajith/Documents/Products/DarpanAI/mobile/node_modules/@babel/parser/lib/index.js:11046:23)
    at TypeScriptParserMixin.parseMaybeUnary (/Users/roshanajith/Documents/Products/DarpanAI/mobile/node_modules/@babel/parser/lib/index.js:9837:18)
    at TypeScriptParserMixin.parseMaybeUnaryOrPrivate (/Users/roshanajith/Documents/Products/DarpanAI/mobile/node_modules/@babel/parser/lib/index.js:10899:61)
    at TypeScriptParserMixin.parseExprOps (/Users/roshanajith/Documents/Products/DarpanAI/mobile/node_modules/@babel/parser/lib/index.js:10904:23)
    at TypeScriptParserMixin.parseMaybeConditional (/Users/roshanajith/Documents/Products/DarpanAI/mobile/node_modules/@babel/parser/lib/index.js:10881:23)
    at TypeScriptParserMixin.parseMaybeAssign (/Users/roshanajith/Documents/Products/DarpanAI/mobile/node_modules/@babel/parser/lib/index.js:10831:21)
    at TypeScriptParserMixin.parseMaybeAssign (/Users/roshanajith/Documents/Products/DarpanAI/mobile/node_modules/@babel/parser/lib/index.js:9786:20)
    at /Users/roshanajith/Documents/Products/DarpanAI/mobile/node_modules/@babel/parser/lib/index.js:10800:39
    at TypeScriptParserMixin.allowInAnd (/Users/roshanajith/Documents/Products/DarpanAI/mobile/node_modules/@babel/parser/lib/index.js:12426:12)
    at TypeScriptParserMixin.parseMaybeAssignAllowIn (/Users/roshanajith/Documents/Products/DarpanAI/mobile/node_modules/@babel/parser/lib/index.js:10800:17)
    at TypeScriptParserMixin.parseMaybeAssignAllowInOrVoidPattern (/Users/roshanajith/Documents/Products/DarpanAI/mobile/node_modules/@babel/parser/lib/index.js:12493:17)
    at TypeScriptParserMixin.parseExprListItem (/Users/roshanajith/Documents/Products/DarpanAI/mobile/node_modules/@babel/parser/lib/index.js:12175:18)
    at TypeScriptParserMixin.parseCallExpressionArguments (/Users/roshanajith/Documents/Products/DarpanAI/mobile/node_modules/@babel/parser/lib/index.js:11252:22)
    at TypeScriptParserMixin.parseCoverCallAndAsyncArrowHead (/Users/roshanajith/Documents/Products/DarpanAI/mobile/node_modules/@babel/parser/lib/index.js:11186:29)
    at TypeScriptParserMixin.parseSubscript (/Users/roshanajith/Documents/Products/DarpanAI/mobile/node_modules/@babel/parser/lib/index.js:11120:19)
    at TypeScriptParserMixin.parseSubscript (/Users/roshanajith/Documents/Products/DarpanAI/mobile/node_modules/@babel/parser/lib/index.js:9272:18)
    at TypeScriptParserMixin.parseSubscripts (/Users/roshanajith/Documents/Products/DarpanAI/mobile/node_modules/@babel/parser/lib/index.js:11094:19)
    at TypeScriptParserMixin.parseExprSubscripts (/Users/roshanajith/Documents/Products/DarpanAI/mobile/node_modules/@babel/parser/lib/index.js:11085:17)
    at TypeScriptParserMixin.parseUpdate (/Users/roshanajith/Documents/Products/DarpanAI/mobile/node_modules/@babel/parser/lib/index.js:11066:21)
    at TypeScriptParserMixin.parseMaybeUnary (/Users/roshanajith/Documents/Products/DarpanAI/mobile/node_modules/@babel/parser/lib/index.js:11046:23)
iOS ./index.js ░░░░░░░░░░░░░░░░  0.0% (0/1)
iOS Bundling failed 10ms index.js (1 module)
 ERROR  SyntaxError: /Users/roshanajith/Documents/Products/DarpanAI/mobile/src/services/healthKitCore.ts: Unexpected token (120:13)

  118 |                 heightM: heightM ? Number(heightM.toFixed(2)) : null,
  119 |               });
> 120 |             });
      |              ^
  121 |           });
  122 |         });
  123 |       });
    at constructor (/Users/roshanajith/Documents/Products/DarpanAI/mobile/node_modules/@babel/parser/lib/index.js:365:19)
    at TypeScriptParserMixin.raise (/Users/roshanajith/Documents/Products/DarpanAI/mobile/node_modules/@babel/parser/lib/index.js:6599:19)
    at TypeScriptParserMixin.unexpected (/Users/roshanajith/Documents/Products/DarpanAI/mobile/node_modules/@babel/parser/lib/index.js:6619:16)
    at TypeScriptParserMixin.parseExprAtom (/Users/roshanajith/Documents/Products/DarpanAI/mobile/node_modules/@babel/parser/lib/index.js:11442:22)
    at TypeScriptParserMixin.parseExprSubscripts (/Users/roshanajith/Documents/Products/DarpanAI/mobile/node_modules/@babel/parser/lib/index.js:11081:23)
    at TypeScriptParserMixin.parseUpdate (/Users/roshanajith/Documents/Products/DarpanAI/mobile/node_modules/@babel/parser/lib/index.js:11066:21)
    at TypeScriptParserMixin.parseMaybeUnary (/Users/roshanajith/Documents/Products/DarpanAI/mobile/node_modules/@babel/parser/lib/index.js:11046:23)
    at TypeScriptParserMixin.parseMaybeUnary (/Users/roshanajith/Documents/Products/DarpanAI/mobile/node_modules/@babel/parser/lib/index.js:9837:18)
    at TypeScriptParserMixin.parseMaybeUnaryOrPrivate (/Users/roshanajith/Documents/Products/DarpanAI/mobile/node_modules/@babel/parser/lib/index.js:10899:61)
    at TypeScriptParserMixin.parseExprOps (/Users/roshanajith/Documents/Products/DarpanAI/mobile/node_modules/@babel/parser/lib/index.js:10904:23)
    at TypeScriptParserMixin.parseMaybeConditional (/Users/roshanajith/Documents/Products/DarpanAI/mobile/node_modules/@babel/parser/lib/index.js:10881:23)
    at TypeScriptParserMixin.parseMaybeAssign (/Users/roshanajith/Documents/Products/DarpanAI/mobile/node_modules/@babel/parser/lib/index.js:10831:21)
    at TypeScriptParserMixin.parseMaybeAssign (/Users/roshanajith/Documents/Products/DarpanAI/mobile/node_modules/@babel/parser/lib/index.js:9786:20)
    at TypeScriptParserMixin.parseExpressionBase (/Users/roshanajith/Documents/Products/DarpanAI/mobile/node_modules/@babel/parser/lib/index.js:10784:23)
    at /Users/roshanajith/Documents/Products/DarpanAI/mobile/node_modules/@babel/parser/lib/index.js:10780:39
    at TypeScriptParserMixin.allowInAnd (/Users/roshanajith/Documents/Products/DarpanAI/mobile/node_modules/@babel/parser/lib/index.js:12421:16)
    at TypeScriptParserMixin.parseExpression (/Users/roshanajith/Documents/Products/DarpanAI/mobile/node_modules/@babel/parser/lib/index.js:10780:17)
    at TypeScriptParserMixin.parseStatementContent (/Users/roshanajith/Documents/Products/DarpanAI/mobile/node_modules/@babel/parser/lib/index.js:12895:23)
    at TypeScriptParserMixin.parseStatementContent (/Users/roshanajith/Documents/Products/DarpanAI/mobile/node_modules/@babel/parser/lib/index.js:9508:18)
    at TypeScriptParserMixin.parseStatementLike (/Users/roshanajith/Documents/Products/DarpanAI/mobile/node_modules/@babel/parser/lib/index.js:12767:17)
    at TypeScriptParserMixin.parseStatementListItem (/Users/roshanajith/Documents/Products/DarpanAI/mobile/node_modules/@babel/parser/lib/index.js:12747:17)
    at TypeScriptParserMixin.parseBlockOrModuleBlockBody (/Users/roshanajith/Documents/Products/DarpanAI/mobile/node_modules/@babel/parser/lib/index.js:13316:61)
    at TypeScriptParserMixin.parseBlockBody (/Users/roshanajith/Documents/Products/DarpanAI/mobile/node_modules/@babel/parser/lib/index.js:13309:10)
    at TypeScriptParserMixin.parseBlock (/Users/roshanajith/Documents/Products/DarpanAI/mobile/node_modules/@babel/parser/lib/index.js:13297:10)
    at TypeScriptParserMixin.parseFunctionBody (/Users/roshanajith/Documents/Products/DarpanAI/mobile/node_modules/@babel/parser/lib/index.js:12100:24)
    at TypeScriptParserMixin.parseArrowExpression (/Users/roshanajith/Documents/Products/DarpanAI/mobile/node_modules/@babel/parser/lib/index.js:12075:10)
    at TypeScriptParserMixin.parseParenAndDistinguishExpression (/Users/roshanajith/Documents/Products/DarpanAI/mobile/node_modules/@babel/parser/lib/index.js:11687:12)
    at TypeScriptParserMixin.parseExprAtom (/Users/roshanajith/Documents/Products/DarpanAI/mobile/node_modules/@babel/parser/lib/index.js:11331:23)
    at TypeScriptParserMixin.parseExprSubscripts (/Users/roshanajith/Documents/Products/DarpanAI/mobile/node_modules/@babel/parser/lib/index.js:11081:23)
    at TypeScriptParserMixin.parseUpdate (/Users/roshanajith/Documents/Products/DarpanAI/mobile/node_modules/@babel/parser/lib/index.js:11066:21)
    at TypeScriptParserMixin.parseMaybeUnary (/Users/roshanajith/Documents/Products/DarpanAI/mobile/node_modules/@babel/parser/lib/index.js:11046:23)
    at TypeScriptParserMixin.parseMaybeUnary (/Users/roshanajith/Documents/Products/DarpanAI/mobile/node_modules/@babel/parser/lib/index.js:9837:18)
    at TypeScriptParserMixin.parseMaybeUnaryOrPrivate (/Users/roshanajith/Documents/Products/DarpanAI/mobile/node_modules/@babel/parser/lib/index.js:10899:61)
    at TypeScriptParserMixin.parseExprOps (/Users/roshanajith/Documents/Products/DarpanAI/mobile/node_modules/@babel/parser/lib/index.js:10904:23)
    at TypeScriptParserMixin.parseMaybeConditional (/Users/roshanajith/Documents/Products/DarpanAI/mobile/node_modules/@babel/parser/lib/index.js:10881:23)
    at TypeScriptParserMixin.parseMaybeAssign (/Users/roshanajith/Documents/Products/DarpanAI/mobile/node_modules/@babel/parser/lib/index.js:10831:21)
    at TypeScriptParserMixin.parseMaybeAssign (/Users/roshanajith/Documents/Products/DarpanAI/mobile/node_modules/@babel/parser/lib/index.js:9786:20)
    at /Users/roshanajith/Documents/Products/DarpanAI/mobile/node_modules/@babel/parser/lib/index.js:10800:39
    at TypeScriptParserMixin.allowInAnd (/Users/roshanajith/Documents/Products/DarpanAI/mobile/node_modules/@babel/parser/lib/index.js:12426:12)
    at TypeScriptParserMixin.parseMaybeAssignAllowIn (/Users/roshanajith/Documents/Products/DarpanAI/mobile/node_modules/@babel/parser/lib/index.js:10800:17)
    at TypeScriptParserMixin.parseMaybeAssignAllowInOrVoidPattern (/Users/roshanajith/Documents/Products/DarpanAI/mobile/node_modules/@babel/parser/lib/index.js:12493:17)
    at TypeScriptParserMixin.parseExprListItem (/Users/roshanajith/Documents/Products/DarpanAI/mobile/node_modules/@babel/parser/lib/index.js:12175:18)
    at TypeScriptParserMixin.parseCallExpressionArguments (/Users/roshanajith/Documents/Products/DarpanAI/mobile/node_modules/@babel/parser/lib/index.js:11252:22)
    at TypeScriptParserMixin.parseCoverCallAndAsyncArrowHead (/Users/roshanajith/Documents/Products/DarpanAI/mobile/node_modules/@babel/parser/lib/index.js:11186:29)
    at TypeScriptParserMixin.parseSubscript (/Users/roshanajith/Documents/Products/DarpanAI/mobile/node_modules/@babel/parser/lib/index.js:11120:19)
    at TypeScriptParserMixin.parseSubscript (/Users/roshanajith/Documents/Products/DarpanAI/mobile/node_modules/@babel/parser/lib/index.js:9272:18)
    at TypeScriptParserMixin.parseSubscripts (/Users/roshanajith/Documents/Products/DarpanAI/mobile/node_modules/@babel/parser/lib/index.js:11094:19)
    at TypeScriptParserMixin.parseExprSubscripts (/Users/roshanajith/Documents/Products/DarpanAI/mobile/node_modules/@babel/parser/lib/index.js:11085:17)
    at TypeScriptParserMixin.parseUpdate (/Users/roshanajith/Documents/Products/DarpanAI/mobile/node_modules/@babel/parser/lib/index.js:11066:21)
    at TypeScriptParserMixin.parseMaybeUnary (/Users/roshanajith/Documents/Products/DarpanAI/mobile/node_modules/@babel/parser/lib/index.js:11046:23)
iOS ./index.js ░░░░░░░░░░░░░░░░  0.0% (0/1)
iOS Bundling failed 23ms index.js (1 module)
 ERROR  SyntaxError: /Users/roshanajith/Documents/Products/DarpanAI/mobile/src/services/healthKitCore.ts: Unexpected token (120:13)

  118 |                 heightM: heightM ? Number(heightM.toFixed(2)) : null,
  119 |               });
> 120 |             });
      |              ^
  121 |           });
  122 |         });
  123 |       });
    at constructor (/Users/roshanajith/Documents/Products/DarpanAI/mobile/node_modules/@babel/parser/lib/index.js:365:19)
    at TypeScriptParserMixin.raise (/Users/roshanajith/Documents/Products/DarpanAI/mobile/node_modules/@babel/parser/lib/index.js:6599:19)
    at TypeScriptParserMixin.unexpected (/Users/roshanajith/Documents/Products/DarpanAI/mobile/node_modules/@babel/parser/lib/index.js:6619:16)
    at TypeScriptParserMixin.parseExprAtom (/Users/roshanajith/Documents/Products/DarpanAI/mobile/node_modules/@babel/parser/lib/index.js:11442:22)
    at TypeScriptParserMixin.parseExprSubscripts (/Users/roshanajith/Documents/Products/DarpanAI/mobile/node_modules/@babel/parser/lib/index.js:11081:23)
    at TypeScriptParserMixin.parseUpdate (/Users/roshanajith/Documents/Products/DarpanAI/mobile/node_modules/@babel/parser/lib/index.js:11066:21)
    at TypeScriptParserMixin.parseMaybeUnary (/Users/roshanajith/Documents/Products/DarpanAI/mobile/node_modules/@babel/parser/lib/index.js:11046:23)
    at TypeScriptParserMixin.parseMaybeUnary (/Users/roshanajith/Documents/Products/DarpanAI/mobile/node_modules/@babel/parser/lib/index.js:9837:18)
    at TypeScriptParserMixin.parseMaybeUnaryOrPrivate (/Users/roshanajith/Documents/Products/DarpanAI/mobile/node_modules/@babel/parser/lib/index.js:10899:61)
    at TypeScriptParserMixin.parseExprOps (/Users/roshanajith/Documents/Products/DarpanAI/mobile/node_modules/@babel/parser/lib/index.js:10904:23)
    at TypeScriptParserMixin.parseMaybeConditional (/Users/roshanajith/Documents/Products/DarpanAI/mobile/node_modules/@babel/parser/lib/index.js:10881:23)
    at TypeScriptParserMixin.parseMaybeAssign (/Users/roshanajith/Documents/Products/DarpanAI/mobile/node_modules/@babel/parser/lib/index.js:10831:21)
    at TypeScriptParserMixin.parseMaybeAssign (/Users/roshanajith/Documents/Products/DarpanAI/mobile/node_modules/@babel/parser/lib/index.js:9786:20)
    at TypeScriptParserMixin.parseExpressionBase (/Users/roshanajith/Documents/Products/DarpanAI/mobile/node_modules/@babel/parser/lib/index.js:10784:23)
    at /Users/roshanajith/Documents/Products/DarpanAI/mobile/node_modules/@babel/parser/lib/index.js:10780:39
    at TypeScriptParserMixin.allowInAnd (/Users/roshanajith/Documents/Products/DarpanAI/mobile/node_modules/@babel/parser/lib/index.js:12421:16)
    at TypeScriptParserMixin.parseExpression (/Users/roshanajith/Documents/Products/DarpanAI/mobile/node_modules/@babel/parser/lib/index.js:10780:17)
    at TypeScriptParserMixin.parseStatementContent (/Users/roshanajith/Documents/Products/DarpanAI/mobile/node_modules/@babel/parser/lib/index.js:12895:23)
    at TypeScriptParserMixin.parseStatementContent (/Users/roshanajith/Documents/Products/DarpanAI/mobile/node_modules/@babel/parser/lib/index.js:9508:18)
    at TypeScriptParserMixin.parseStatementLike (/Users/roshanajith/Documents/Products/DarpanAI/mobile/node_modules/@babel/parser/lib/index.js:12767:17)
    at TypeScriptParserMixin.parseStatementListItem (/Users/roshanajith/Documents/Products/DarpanAI/mobile/node_modules/@babel/parser/lib/index.js:12747:17)
    at TypeScriptParserMixin.parseBlockOrModuleBlockBody (/Users/roshanajith/Documents/Products/DarpanAI/mobile/node_modules/@babel/parser/lib/index.js:13316:61)
    at TypeScriptParserMixin.parseBlockBody (/Users/roshanajith/Documents/Products/DarpanAI/mobile/node_modules/@babel/parser/lib/index.js:13309:10)
    at TypeScriptParserMixin.parseBlock (/Users/roshanajith/Documents/Products/DarpanAI/mobile/node_modules/@babel/parser/lib/index.js:13297:10)
    at TypeScriptParserMixin.parseFunctionBody (/Users/roshanajith/Documents/Products/DarpanAI/mobile/node_modules/@babel/parser/lib/index.js:12100:24)
    at TypeScriptParserMixin.parseArrowExpression (/Users/roshanajith/Documents/Products/DarpanAI/mobile/node_modules/@babel/parser/lib/index.js:12075:10)
    at TypeScriptParserMixin.parseParenAndDistinguishExpression (/Users/roshanajith/Documents/Products/DarpanAI/mobile/node_modules/@babel/parser/lib/index.js:11687:12)
    at TypeScriptParserMixin.parseExprAtom (/Users/roshanajith/Documents/Products/DarpanAI/mobile/node_modules/@babel/parser/lib/index.js:11331:23)
    at TypeScriptParserMixin.parseExprSubscripts (/Users/roshanajith/Documents/Products/DarpanAI/mobile/node_modules/@babel/parser/lib/index.js:11081:23)
    at TypeScriptParserMixin.parseUpdate (/Users/roshanajith/Documents/Products/DarpanAI/mobile/node_modules/@babel/parser/lib/index.js:11066:21)
    at TypeScriptParserMixin.parseMaybeUnary (/Users/roshanajith/Documents/Products/DarpanAI/mobile/node_modules/@babel/parser/lib/index.js:11046:23)
    at TypeScriptParserMixin.parseMaybeUnary (/Users/roshanajith/Documents/Products/DarpanAI/mobile/node_modules/@babel/parser/lib/index.js:9837:18)
    at TypeScriptParserMixin.parseMaybeUnaryOrPrivate (/Users/roshanajith/Documents/Products/DarpanAI/mobile/node_modules/@babel/parser/lib/index.js:10899:61)
    at TypeScriptParserMixin.parseExprOps (/Users/roshanajith/Documents/Products/DarpanAI/mobile/node_modules/@babel/parser/lib/index.js:10904:23)
    at TypeScriptParserMixin.parseMaybeConditional (/Users/roshanajith/Documents/Products/DarpanAI/mobile/node_modules/@babel/parser/lib/index.js:10881:23)
    at TypeScriptParserMixin.parseMaybeAssign (/Users/roshanajith/Documents/Products/DarpanAI/mobile/node_modules/@babel/parser/lib/index.js:10831:21)
    at TypeScriptParserMixin.parseMaybeAssign (/Users/roshanajith/Documents/Products/DarpanAI/mobile/node_modules/@babel/parser/lib/index.js:9786:20)
    at /Users/roshanajith/Documents/Products/DarpanAI/mobile/node_modules/@babel/parser/lib/index.js:10800:39
    at TypeScriptParserMixin.allowInAnd (/Users/roshanajith/Documents/Products/DarpanAI/mobile/node_modules/@babel/parser/lib/index.js:12426:12)
    at TypeScriptParserMixin.parseMaybeAssignAllowIn (/Users/roshanajith/Documents/Products/DarpanAI/mobile/node_modules/@babel/parser/lib/index.js:10800:17)
    at TypeScriptParserMixin.parseMaybeAssignAllowInOrVoidPattern (/Users/roshanajith/Documents/Products/DarpanAI/mobile/node_modules/@babel/parser/lib/index.js:12493:17)
    at TypeScriptParserMixin.parseExprListItem (/Users/roshanajith/Documents/Products/DarpanAI/mobile/node_modules/@babel/parser/lib/index.js:12175:18)
    at TypeScriptParserMixin.parseCallExpressionArguments (/Users/roshanajith/Documents/Products/DarpanAI/mobile/node_modules/@babel/parser/lib/index.js:11252:22)
    at TypeScriptParserMixin.parseCoverCallAndAsyncArrowHead (/Users/roshanajith/Documents/Products/DarpanAI/mobile/node_modules/@babel/parser/lib/index.js:11186:29)
    at TypeScriptParserMixin.parseSubscript (/Users/roshanajith/Documents/Products/DarpanAI/mobile/node_modules/@babel/parser/lib/index.js:11120:19)
    at TypeScriptParserMixin.parseSubscript (/Users/roshanajith/Documents/Products/DarpanAI/mobile/node_modules/@babel/parser/lib/index.js:9272:18)
    at TypeScriptParserMixin.parseSubscripts (/Users/roshanajith/Documents/Products/DarpanAI/mobile/node_modules/@babel/parser/lib/index.js:11094:19)
    at TypeScriptParserMixin.parseExprSubscripts (/Users/roshanajith/Documents/Products/DarpanAI/mobile/node_modules/@babel/parser/lib/index.js:11085:17)
    at TypeScriptParserMixin.parseUpdate (/Users/roshanajith/Documents/Products/DarpanAI/mobile/node_modules/@babel/parser/lib/index.js:11066:21)
    at TypeScriptParserMixin.parseMaybeUnary (/Users/roshanajith/Documents/Products/DarpanAI/mobile/node_modules/@babel/parser/lib/index.js:11046:23)
iOS Bundling failed 6ms index.js (1 module)
 ERROR  SyntaxError: /Users/roshanajith/Documents/Products/DarpanAI/mobile/src/services/healthKitCore.ts: Unexpected token (120:13)

  118 |                 heightM: heightM ? Number(heightM.toFixed(2)) : null,
  119 |               });
> 120 |             });
      |              ^
  121 |           });
  122 |         });
  123 |       });
    at constructor (/Users/roshanajith/Documents/Products/DarpanAI/mobile/node_modules/@babel/parser/lib/index.js:365:19)
    at TypeScriptParserMixin.raise (/Users/roshanajith/Documents/Products/DarpanAI/mobile/node_modules/@babel/parser/lib/index.js:6599:19)
    at TypeScriptParserMixin.unexpected (/Users/roshanajith/Documents/Products/DarpanAI/mobile/node_modules/@babel/parser/lib/index.js:6619:16)
    at TypeScriptParserMixin.parseExprAtom (/Users/roshanajith/Documents/Products/DarpanAI/mobile/node_modules/@babel/parser/lib/index.js:11442:22)
    at TypeScriptParserMixin.parseExprSubscripts (/Users/roshanajith/Documents/Products/DarpanAI/mobile/node_modules/@babel/parser/lib/index.js:11081:23)
    at TypeScriptParserMixin.parseUpdate (/Users/roshanajith/Documents/Products/DarpanAI/mobile/node_modules/@babel/parser/lib/index.js:11066:21)
    at TypeScriptParserMixin.parseMaybeUnary (/Users/roshanajith/Documents/Products/DarpanAI/mobile/node_modules/@babel/parser/lib/index.js:11046:23)
    at TypeScriptParserMixin.parseMaybeUnary (/Users/roshanajith/Documents/Products/DarpanAI/mobile/node_modules/@babel/parser/lib/index.js:9837:18)
    at TypeScriptParserMixin.parseMaybeUnaryOrPrivate (/Users/roshanajith/Documents/Products/DarpanAI/mobile/node_modules/@babel/parser/lib/index.js:10899:61)
    at TypeScriptParserMixin.parseExprOps (/Users/roshanajith/Documents/Products/DarpanAI/mobile/node_modules/@babel/parser/lib/index.js:10904:23)
    at TypeScriptParserMixin.parseMaybeConditional (/Users/roshanajith/Documents/Products/DarpanAI/mobile/node_modules/@babel/parser/lib/index.js:10881:23)
    at TypeScriptParserMixin.parseMaybeAssign (/Users/roshanajith/Documents/Products/DarpanAI/mobile/node_modules/@babel/parser/lib/index.js:10831:21)
    at TypeScriptParserMixin.parseMaybeAssign (/Users/roshanajith/Documents/Products/DarpanAI/mobile/node_modules/@babel/parser/lib/index.js:9786:20)
    at TypeScriptParserMixin.parseExpressionBase (/Users/roshanajith/Documents/Products/DarpanAI/mobile/node_modules/@babel/parser/lib/index.js:10784:23)
    at /Users/roshanajith/Documents/Products/DarpanAI/mobile/node_modules/@babel/parser/lib/index.js:10780:39
    at TypeScriptParserMixin.allowInAnd (/Users/roshanajith/Documents/Products/DarpanAI/mobile/node_modules/@babel/parser/lib/index.js:12421:16)
    at TypeScriptParserMixin.parseExpression (/Users/roshanajith/Documents/Products/DarpanAI/mobile/node_modules/@babel/parser/lib/index.js:10780:17)
    at TypeScriptParserMixin.parseStatementContent (/Users/roshanajith/Documents/Products/DarpanAI/mobile/node_modules/@babel/parser/lib/index.js:12895:23)
    at TypeScriptParserMixin.parseStatementContent (/Users/roshanajith/Documents/Products/DarpanAI/mobile/node_modules/@babel/parser/lib/index.js:9508:18)
    at TypeScriptParserMixin.parseStatementLike (/Users/roshanajith/Documents/Products/DarpanAI/mobile/node_modules/@babel/parser/lib/index.js:12767:17)
    at TypeScriptParserMixin.parseStatementListItem (/Users/roshanajith/Documents/Products/DarpanAI/mobile/node_modules/@babel/parser/lib/index.js:12747:17)
    at TypeScriptParserMixin.parseBlockOrModuleBlockBody (/Users/roshanajith/Documents/Products/DarpanAI/mobile/node_modules/@babel/parser/lib/index.js:13316:61)
    at TypeScriptParserMixin.parseBlockBody (/Users/roshanajith/Documents/Products/DarpanAI/mobile/node_modules/@babel/parser/lib/index.js:13309:10)
    at TypeScriptParserMixin.parseBlock (/Users/roshanajith/Documents/Products/DarpanAI/mobile/node_modules/@babel/parser/lib/index.js:13297:10)
    at TypeScriptParserMixin.parseFunctionBody (/Users/roshanajith/Documents/Products/DarpanAI/mobile/node_modules/@babel/parser/lib/index.js:12100:24)
    at TypeScriptParserMixin.parseArrowExpression (/Users/roshanajith/Documents/Products/DarpanAI/mobile/node_modules/@babel/parser/lib/index.js:12075:10)
    at TypeScriptParserMixin.parseParenAndDistinguishExpression (/Users/roshanajith/Documents/Products/DarpanAI/mobile/node_modules/@babel/parser/lib/index.js:11687:12)
    at TypeScriptParserMixin.parseExprAtom (/Users/roshanajith/Documents/Products/DarpanAI/mobile/node_modules/@babel/parser/lib/index.js:11331:23)
    at TypeScriptParserMixin.parseExprSubscripts (/Users/roshanajith/Documents/Products/DarpanAI/mobile/node_modules/@babel/parser/lib/index.js:11081:23)
    at TypeScriptParserMixin.parseUpdate (/Users/roshanajith/Documents/Products/DarpanAI/mobile/node_modules/@babel/parser/lib/index.js:11066:21)
    at TypeScriptParserMixin.parseMaybeUnary (/Users/roshanajith/Documents/Products/DarpanAI/mobile/node_modules/@babel/parser/lib/index.js:11046:23)
    at TypeScriptParserMixin.parseMaybeUnary (/Users/roshanajith/Documents/Products/DarpanAI/mobile/node_modules/@babel/parser/lib/index.js:9837:18)
    at TypeScriptParserMixin.parseMaybeUnaryOrPrivate (/Users/roshanajith/Documents/Products/DarpanAI/mobile/node_modules/@babel/parser/lib/index.js:10899:61)
    at TypeScriptParserMixin.parseExprOps (/Users/roshanajith/Documents/Products/DarpanAI/mobile/node_modules/@babel/parser/lib/index.js:10904:23)
    at TypeScriptParserMixin.parseMaybeConditional (/Users/roshanajith/Documents/Products/DarpanAI/mobile/node_modules/@babel/parser/lib/index.js:10881:23)
    at TypeScriptParserMixin.parseMaybeAssign (/Users/roshanajith/Documents/Products/DarpanAI/mobile/node_modules/@babel/parser/lib/index.js:10831:21)
    at TypeScriptParserMixin.parseMaybeAssign (/Users/roshanajith/Documents/Products/DarpanAI/mobile/node_modules/@babel/parser/lib/index.js:9786:20)
    at /Users/roshanajith/Documents/Products/DarpanAI/mobile/node_modules/@babel/parser/lib/index.js:10800:39
    at TypeScriptParserMixin.allowInAnd (/Users/roshanajith/Documents/Products/DarpanAI/mobile/node_modules/@babel/parser/lib/index.js:12426:12)
    at TypeScriptParserMixin.parseMaybeAssignAllowIn (/Users/roshanajith/Documents/Products/DarpanAI/mobile/node_modules/@babel/parser/lib/index.js:10800:17)
    at TypeScriptParserMixin.parseMaybeAssignAllowInOrVoidPattern (/Users/roshanajith/Documents/Products/DarpanAI/mobile/node_modules/@babel/parser/lib/index.js:12493:17)
    at TypeScriptParserMixin.parseExprListItem (/Users/roshanajith/Documents/Products/DarpanAI/mobile/node_modules/@babel/parser/lib/index.js:12175:18)
    at TypeScriptParserMixin.parseCallExpressionArguments (/Users/roshanajith/Documents/Products/DarpanAI/mobile/node_modules/@babel/parser/lib/index.js:11252:22)
    at TypeScriptParserMixin.parseCoverCallAndAsyncArrowHead (/Users/roshanajith/Documents/Products/DarpanAI/mobile/node_modules/@babel/parser/lib/index.js:11186:29)
    at TypeScriptParserMixin.parseSubscript (/Users/roshanajith/Documents/Products/DarpanAI/mobile/node_modules/@babel/parser/lib/index.js:11120:19)
    at TypeScriptParserMixin.parseSubscript (/Users/roshanajith/Documents/Products/DarpanAI/mobile/node_modules/@babel/parser/lib/index.js:9272:18)
    at TypeScriptParserMixin.parseSubscripts (/Users/roshanajith/Documents/Products/DarpanAI/mobile/node_modules/@babel/parser/lib/index.js:11094:19)
    at TypeScriptParserMixin.parseExprSubscripts (/Users/roshanajith/Documents/Products/DarpanAI/mobile/node_modules/@babel/parser/lib/index.js:11085:17)
    at TypeScriptParserMixin.parseUpdate (/Users/roshanajith/Documents/Products/DarpanAI/mobile/node_modules/@babel/parser/lib/index.js:11066:21)
    at TypeScriptParserMixin.parseMaybeUnary (/Users/roshanajith/Documents/Products/DarpanAI/mobile/node_modules/@babel/parser/lib/index.js:11046:23)
iOS Bundling failed 11ms index.js (1 module)
 ERROR  SyntaxError: /Users/roshanajith/Documents/Products/DarpanAI/mobile/src/services/healthKitCore.ts: Unexpected token (120:13)

  118 |                 heightM: heightM ? Number(heightM.toFixed(2)) : null,
  119 |               });
> 120 |             });
      |              ^
  121 |           });
  122 |         });
  123 |       });
    at constructor (/Users/roshanajith/Documents/Products/DarpanAI/mobile/node_modules/@babel/parser/lib/index.js:365:19)
    at TypeScriptParserMixin.raise (/Users/roshanajith/Documents/Products/DarpanAI/mobile/node_modules/@babel/parser/lib/index.js:6599:19)
    at TypeScriptParserMixin.unexpected (/Users/roshanajith/Documents/Products/DarpanAI/mobile/node_modules/@babel/parser/lib/index.js:6619:16)
    at TypeScriptParserMixin.parseExprAtom (/Users/roshanajith/Documents/Products/DarpanAI/mobile/node_modules/@babel/parser/lib/index.js:11442:22)
    at TypeScriptParserMixin.parseExprSubscripts (/Users/roshanajith/Documents/Products/DarpanAI/mobile/node_modules/@babel/parser/lib/index.js:11081:23)
    at TypeScriptParserMixin.parseUpdate (/Users/roshanajith/Documents/Products/DarpanAI/mobile/node_modules/@babel/parser/lib/index.js:11066:21)
    at TypeScriptParserMixin.parseMaybeUnary (/Users/roshanajith/Documents/Products/DarpanAI/mobile/node_modules/@babel/parser/lib/index.js:11046:23)
    at TypeScriptParserMixin.parseMaybeUnary (/Users/roshanajith/Documents/Products/DarpanAI/mobile/node_modules/@babel/parser/lib/index.js:9837:18)
    at TypeScriptParserMixin.parseMaybeUnaryOrPrivate (/Users/roshanajith/Documents/Products/DarpanAI/mobile/node_modules/@babel/parser/lib/index.js:10899:61)
    at TypeScriptParserMixin.parseExprOps (/Users/roshanajith/Documents/Products/DarpanAI/mobile/node_modules/@babel/parser/lib/index.js:10904:23)
    at TypeScriptParserMixin.parseMaybeConditional (/Users/roshanajith/Documents/Products/DarpanAI/mobile/node_modules/@babel/parser/lib/index.js:10881:23)
    at TypeScriptParserMixin.parseMaybeAssign (/Users/roshanajith/Documents/Products/DarpanAI/mobile/node_modules/@babel/parser/lib/index.js:10831:21)
    at TypeScriptParserMixin.parseMaybeAssign (/Users/roshanajith/Documents/Products/DarpanAI/mobile/node_modules/@babel/parser/lib/index.js:9786:20)
    at TypeScriptParserMixin.parseExpressionBase (/Users/roshanajith/Documents/Products/DarpanAI/mobile/node_modules/@babel/parser/lib/index.js:10784:23)
    at /Users/roshanajith/Documents/Products/DarpanAI/mobile/node_modules/@babel/parser/lib/index.js:10780:39
    at TypeScriptParserMixin.allowInAnd (/Users/roshanajith/Documents/Products/DarpanAI/mobile/node_modules/@babel/parser/lib/index.js:12421:16)
    at TypeScriptParserMixin.parseExpression (/Users/roshanajith/Documents/Products/DarpanAI/mobile/node_modules/@babel/parser/lib/index.js:10780:17)
    at TypeScriptParserMixin.parseStatementContent (/Users/roshanajith/Documents/Products/DarpanAI/mobile/node_modules/@babel/parser/lib/index.js:12895:23)
    at TypeScriptParserMixin.parseStatementContent (/Users/roshanajith/Documents/Products/DarpanAI/mobile/node_modules/@babel/parser/lib/index.js:9508:18)
    at TypeScriptParserMixin.parseStatementLike (/Users/roshanajith/Documents/Products/DarpanAI/mobile/node_modules/@babel/parser/lib/index.js:12767:17)
    at TypeScriptParserMixin.parseStatementListItem (/Users/roshanajith/Documents/Products/DarpanAI/mobile/node_modules/@babel/parser/lib/index.js:12747:17)
    at TypeScriptParserMixin.parseBlockOrModuleBlockBody (/Users/roshanajith/Documents/Products/DarpanAI/mobile/node_modules/@babel/parser/lib/index.js:13316:61)
    at TypeScriptParserMixin.parseBlockBody (/Users/roshanajith/Documents/Products/DarpanAI/mobile/node_modules/@babel/parser/lib/index.js:13309:10)
    at TypeScriptParserMixin.parseBlock (/Users/roshanajith/Documents/Products/DarpanAI/mobile/node_modules/@babel/parser/lib/index.js:13297:10)
    at TypeScriptParserMixin.parseFunctionBody (/Users/roshanajith/Documents/Products/DarpanAI/mobile/node_modules/@babel/parser/lib/index.js:12100:24)
    at TypeScriptParserMixin.parseArrowExpression (/Users/roshanajith/Documents/Products/DarpanAI/mobile/node_modules/@babel/parser/lib/index.js:12075:10)
    at TypeScriptParserMixin.parseParenAndDistinguishExpression (/Users/roshanajith/Documents/Products/DarpanAI/mobile/node_modules/@babel/parser/lib/index.js:11687:12)
    at TypeScriptParserMixin.parseExprAtom (/Users/roshanajith/Documents/Products/DarpanAI/mobile/node_modules/@babel/parser/lib/index.js:11331:23)
    at TypeScriptParserMixin.parseExprSubscripts (/Users/roshanajith/Documents/Products/DarpanAI/mobile/node_modules/@babel/parser/lib/index.js:11081:23)
    at TypeScriptParserMixin.parseUpdate (/Users/roshanajith/Documents/Products/DarpanAI/mobile/node_modules/@babel/parser/lib/index.js:11066:21)
    at TypeScriptParserMixin.parseMaybeUnary (/Users/roshanajith/Documents/Products/DarpanAI/mobile/node_modules/@babel/parser/lib/index.js:11046:23)
    at TypeScriptParserMixin.parseMaybeUnary (/Users/roshanajith/Documents/Products/DarpanAI/mobile/node_modules/@babel/parser/lib/index.js:9837:18)
    at TypeScriptParserMixin.parseMaybeUnaryOrPrivate (/Users/roshanajith/Documents/Products/DarpanAI/mobile/node_modules/@babel/parser/lib/index.js:10899:61)
    at TypeScriptParserMixin.parseExprOps (/Users/roshanajith/Documents/Products/DarpanAI/mobile/node_modules/@babel/parser/lib/index.js:10904:23)
    at TypeScriptParserMixin.parseMaybeConditional (/Users/roshanajith/Documents/Products/DarpanAI/mobile/node_modules/@babel/parser/lib/index.js:10881:23)
    at TypeScriptParserMixin.parseMaybeAssign (/Users/roshanajith/Documents/Products/DarpanAI/mobile/node_modules/@babel/parser/lib/index.js:10831:21)
    at TypeScriptParserMixin.parseMaybeAssign (/Users/roshanajith/Documents/Products/DarpanAI/mobile/node_modules/@babel/parser/lib/index.js:9786:20)
    at /Users/roshanajith/Documents/Products/DarpanAI/mobile/node_modules/@babel/parser/lib/index.js:10800:39
    at TypeScriptParserMixin.allowInAnd (/Users/roshanajith/Documents/Products/DarpanAI/mobile/node_modules/@babel/parser/lib/index.js:12426:12)
    at TypeScriptParserMixin.parseMaybeAssignAllowIn (/Users/roshanajith/Documents/Products/DarpanAI/mobile/node_modules/@babel/parser/lib/index.js:10800:17)
    at TypeScriptParserMixin.parseMaybeAssignAllowInOrVoidPattern (/Users/roshanajith/Documents/Products/DarpanAI/mobile/node_modules/@babel/parser/lib/index.js:12493:17)
    at TypeScriptParserMixin.parseExprListItem (/Users/roshanajith/Documents/Products/DarpanAI/mobile/node_modules/@babel/parser/lib/index.js:12175:18)
    at TypeScriptParserMixin.parseCallExpressionArguments (/Users/roshanajith/Documents/Products/DarpanAI/mobile/node_modules/@babel/parser/lib/index.js:11252:22)
    at TypeScriptParserMixin.parseCoverCallAndAsyncArrowHead (/Users/roshanajith/Documents/Products/DarpanAI/mobile/node_modules/@babel/parser/lib/index.js:11186:29)
    at TypeScriptParserMixin.parseSubscript (/Users/roshanajith/Documents/Products/DarpanAI/mobile/node_modules/@babel/parser/lib/index.js:11120:19)
    at TypeScriptParserMixin.parseSubscript (/Users/roshanajith/Documents/Products/DarpanAI/mobile/node_modules/@babel/parser/lib/index.js:9272:18)
    at TypeScriptParserMixin.parseSubscripts (/Users/roshanajith/Documents/Products/DarpanAI/mobile/node_modules/@babel/parser/lib/index.js:11094:19)
    at TypeScriptParserMixin.parseExprSubscripts (/Users/roshanajith/Documents/Products/DarpanAI/mobile/node_modules/@babel/parser/lib/index.js:11085:17)
    at TypeScriptParserMixin.parseUpdate (/Users/roshanajith/Documents/Products/DarpanAI/mobile/node_modules/@babel/parser/lib/index.js:11066:21)
    at TypeScriptParserMixin.parseMaybeUnary (/Users/roshanajith/Documents/Products/DarpanAI/mobile/node_modules/@babel/parser/lib/index.js:11046:23)
iOS Bundling failed 9ms index.js (1 module)
 ERROR  SyntaxError: /Users/roshanajith/Documents/Products/DarpanAI/mobile/src/services/healthKitCore.ts: Unexpected token (120:13)

  118 |                 heightM: heightM ? Number(heightM.toFixed(2)) : null,
  119 |               });
> 120 |             });
      |              ^
  121 |           });
  122 |         });
  123 |       });
    at constructor (/Users/roshanajith/Documents/Products/DarpanAI/mobile/node_modules/@babel/parser/lib/index.js:365:19)
    at TypeScriptParserMixin.raise (/Users/roshanajith/Documents/Products/DarpanAI/mobile/node_modules/@babel/parser/lib/index.js:6599:19)
    at TypeScriptParserMixin.unexpected (/Users/roshanajith/Documents/Products/DarpanAI/mobile/node_modules/@babel/parser/lib/index.js:6619:16)
    at TypeScriptParserMixin.parseExprAtom (/Users/roshanajith/Documents/Products/DarpanAI/mobile/node_modules/@babel/parser/lib/index.js:11442:22)
    at TypeScriptParserMixin.parseExprSubscripts (/Users/roshanajith/Documents/Products/DarpanAI/mobile/node_modules/@babel/parser/lib/index.js:11081:23)
    at TypeScriptParserMixin.parseUpdate (/Users/roshanajith/Documents/Products/DarpanAI/mobile/node_modules/@babel/parser/lib/index.js:11066:21)
    at TypeScriptParserMixin.parseMaybeUnary (/Users/roshanajith/Documents/Products/DarpanAI/mobile/node_modules/@babel/parser/lib/index.js:11046:23)
    at TypeScriptParserMixin.parseMaybeUnary (/Users/roshanajith/Documents/Products/DarpanAI/mobile/node_modules/@babel/parser/lib/index.js:9837:18)
    at TypeScriptParserMixin.parseMaybeUnaryOrPrivate (/Users/roshanajith/Documents/Products/DarpanAI/mobile/node_modules/@babel/parser/lib/index.js:10899:61)
    at TypeScriptParserMixin.parseExprOps (/Users/roshanajith/Documents/Products/DarpanAI/mobile/node_modules/@babel/parser/lib/index.js:10904:23)
    at TypeScriptParserMixin.parseMaybeConditional (/Users/roshanajith/Documents/Products/DarpanAI/mobile/node_modules/@babel/parser/lib/index.js:10881:23)
    at TypeScriptParserMixin.parseMaybeAssign (/Users/roshanajith/Documents/Products/DarpanAI/mobile/node_modules/@babel/parser/lib/index.js:10831:21)
    at TypeScriptParserMixin.parseMaybeAssign (/Users/roshanajith/Documents/Products/DarpanAI/mobile/node_modules/@babel/parser/lib/index.js:9786:20)
    at TypeScriptParserMixin.parseExpressionBase (/Users/roshanajith/Documents/Products/DarpanAI/mobile/node_modules/@babel/parser/lib/index.js:10784:23)
    at /Users/roshanajith/Documents/Products/DarpanAI/mobile/node_modules/@babel/parser/lib/index.js:10780:39
    at TypeScriptParserMixin.allowInAnd (/Users/roshanajith/Documents/Products/DarpanAI/mobile/node_modules/@babel/parser/lib/index.js:12421:16)
    at TypeScriptParserMixin.parseExpression (/Users/roshanajith/Documents/Products/DarpanAI/mobile/node_modules/@babel/parser/lib/index.js:10780:17)
    at TypeScriptParserMixin.parseStatementContent (/Users/roshanajith/Documents/Products/DarpanAI/mobile/node_modules/@babel/parser/lib/index.js:12895:23)
    at TypeScriptParserMixin.parseStatementContent (/Users/roshanajith/Documents/Products/DarpanAI/mobile/node_modules/@babel/parser/lib/index.js:9508:18)
    at TypeScriptParserMixin.parseStatementLike (/Users/roshanajith/Documents/Products/DarpanAI/mobile/node_modules/@babel/parser/lib/index.js:12767:17)
    at TypeScriptParserMixin.parseStatementListItem (/Users/roshanajith/Documents/Products/DarpanAI/mobile/node_modules/@babel/parser/lib/index.js:12747:17)
    at TypeScriptParserMixin.parseBlockOrModuleBlockBody (/Users/roshanajith/Documents/Products/DarpanAI/mobile/node_modules/@babel/parser/lib/index.js:13316:61)
    at TypeScriptParserMixin.parseBlockBody (/Users/roshanajith/Documents/Products/DarpanAI/mobile/node_modules/@babel/parser/lib/index.js:13309:10)
    at TypeScriptParserMixin.parseBlock (/Users/roshanajith/Documents/Products/DarpanAI/mobile/node_modules/@babel/parser/lib/index.js:13297:10)
    at TypeScriptParserMixin.parseFunctionBody (/Users/roshanajith/Documents/Products/DarpanAI/mobile/node_modules/@babel/parser/lib/index.js:12100:24)
    at TypeScriptParserMixin.parseArrowExpression (/Users/roshanajith/Documents/Products/DarpanAI/mobile/node_modules/@babel/parser/lib/index.js:12075:10)
    at TypeScriptParserMixin.parseParenAndDistinguishExpression (/Users/roshanajith/Documents/Products/DarpanAI/mobile/node_modules/@babel/parser/lib/index.js:11687:12)
    at TypeScriptParserMixin.parseExprAtom (/Users/roshanajith/Documents/Products/DarpanAI/mobile/node_modules/@babel/parser/lib/index.js:11331:23)
    at TypeScriptParserMixin.parseExprSubscripts (/Users/roshanajith/Documents/Products/DarpanAI/mobile/node_modules/@babel/parser/lib/index.js:11081:23)
    at TypeScriptParserMixin.parseUpdate (/Users/roshanajith/Documents/Products/DarpanAI/mobile/node_modules/@babel/parser/lib/index.js:11066:21)
    at TypeScriptParserMixin.parseMaybeUnary (/Users/roshanajith/Documents/Products/DarpanAI/mobile/node_modules/@babel/parser/lib/index.js:11046:23)
    at TypeScriptParserMixin.parseMaybeUnary (/Users/roshanajith/Documents/Products/DarpanAI/mobile/node_modules/@babel/parser/lib/index.js:9837:18)
    at TypeScriptParserMixin.parseMaybeUnaryOrPrivate (/Users/roshanajith/Documents/Products/DarpanAI/mobile/node_modules/@babel/parser/lib/index.js:10899:61)
    at TypeScriptParserMixin.parseExprOps (/Users/roshanajith/Documents/Products/DarpanAI/mobile/node_modules/@babel/parser/lib/index.js:10904:23)
    at TypeScriptParserMixin.parseMaybeConditional (/Users/roshanajith/Documents/Products/DarpanAI/mobile/node_modules/@babel/parser/lib/index.js:10881:23)
    at TypeScriptParserMixin.parseMaybeAssign (/Users/roshanajith/Documents/Products/DarpanAI/mobile/node_modules/@babel/parser/lib/index.js:10831:21)
    at TypeScriptParserMixin.parseMaybeAssign (/Users/roshanajith/Documents/Products/DarpanAI/mobile/node_modules/@babel/parser/lib/index.js:9786:20)
    at /Users/roshanajith/Documents/Products/DarpanAI/mobile/node_modules/@babel/parser/lib/index.js:10800:39
    at TypeScriptParserMixin.allowInAnd (/Users/roshanajith/Documents/Products/DarpanAI/mobile/node_modules/@babel/parser/lib/index.js:12426:12)
    at TypeScriptParserMixin.parseMaybeAssignAllowIn (/Users/roshanajith/Documents/Products/DarpanAI/mobile/node_modules/@babel/parser/lib/index.js:10800:17)
    at TypeScriptParserMixin.parseMaybeAssignAllowInOrVoidPattern (/Users/roshanajith/Documents/Products/DarpanAI/mobile/node_modules/@babel/parser/lib/index.js:12493:17)
    at TypeScriptParserMixin.parseExprListItem (/Users/roshanajith/Documents/Products/DarpanAI/mobile/node_modules/@babel/parser/lib/index.js:12175:18)
    at TypeScriptParserMixin.parseCallExpressionArguments (/Users/roshanajith/Documents/Products/DarpanAI/mobile/node_modules/@babel/parser/lib/index.js:11252:22)
    at TypeScriptParserMixin.parseCoverCallAndAsyncArrowHead (/Users/roshanajith/Documents/Products/DarpanAI/mobile/node_modules/@babel/parser/lib/index.js:11186:29)
    at TypeScriptParserMixin.parseSubscript (/Users/roshanajith/Documents/Products/DarpanAI/mobile/node_modules/@babel/parser/lib/index.js:11120:19)
    at TypeScriptParserMixin.parseSubscript (/Users/roshanajith/Documents/Products/DarpanAI/mobile/node_modules/@babel/parser/lib/index.js:9272:18)
    at TypeScriptParserMixin.parseSubscripts (/Users/roshanajith/Documents/Products/DarpanAI/mobile/node_modules/@babel/parser/lib/index.js:11094:19)
    at TypeScriptParserMixin.parseExprSubscripts (/Users/roshanajith/Documents/Products/DarpanAI/mobile/node_modules/@babel/parser/lib/index.js:11085:17)
    at TypeScriptParserMixin.parseUpdate (/Users/roshanajith/Documents/Products/DarpanAI/mobile/node_modules/@babel/parser/lib/index.js:11066:21)
    at TypeScriptParserMixin.parseMaybeUnary (/Users/roshanajith/Documents/Products/DarpanAI/mobile/node_modules/@babel/parser/lib/index.js:11046:23)
iOS Bundling failed 9ms index.js (1 module)
 ERROR  SyntaxError: /Users/roshanajith/Documents/Products/DarpanAI/mobile/src/services/healthKitCore.ts: Unexpected token (120:13)

  118 |                 heightM: heightM ? Number(heightM.toFixed(2)) : null,
  119 |               });
> 120 |             });
      |              ^
  121 |           });
  122 |         });
  123 |       });
    at constructor (/Users/roshanajith/Documents/Products/DarpanAI/mobile/node_modules/@babel/parser/lib/index.js:365:19)
    at TypeScriptParserMixin.raise (/Users/roshanajith/Documents/Products/DarpanAI/mobile/node_modules/@babel/parser/lib/index.js:6599:19)
    at TypeScriptParserMixin.unexpected (/Users/roshanajith/Documents/Products/DarpanAI/mobile/node_modules/@babel/parser/lib/index.js:6619:16)
    at TypeScriptParserMixin.parseExprAtom (/Users/roshanajith/Documents/Products/DarpanAI/mobile/node_modules/@babel/parser/lib/index.js:11442:22)
    at TypeScriptParserMixin.parseExprSubscripts (/Users/roshanajith/Documents/Products/DarpanAI/mobile/node_modules/@babel/parser/lib/index.js:11081:23)
    at TypeScriptParserMixin.parseUpdate (/Users/roshanajith/Documents/Products/DarpanAI/mobile/node_modules/@babel/parser/lib/index.js:11066:21)
    at TypeScriptParserMixin.parseMaybeUnary (/Users/roshanajith/Documents/Products/DarpanAI/mobile/node_modules/@babel/parser/lib/index.js:11046:23)
    at TypeScriptParserMixin.parseMaybeUnary (/Users/roshanajith/Documents/Products/DarpanAI/mobile/node_modules/@babel/parser/lib/index.js:9837:18)
    at TypeScriptParserMixin.parseMaybeUnaryOrPrivate (/Users/roshanajith/Documents/Products/DarpanAI/mobile/node_modules/@babel/parser/lib/index.js:10899:61)
    at TypeScriptParserMixin.parseExprOps (/Users/roshanajith/Documents/Products/DarpanAI/mobile/node_modules/@babel/parser/lib/index.js:10904:23)
    at TypeScriptParserMixin.parseMaybeConditional (/Users/roshanajith/Documents/Products/DarpanAI/mobile/node_modules/@babel/parser/lib/index.js:10881:23)
    at TypeScriptParserMixin.parseMaybeAssign (/Users/roshanajith/Documents/Products/DarpanAI/mobile/node_modules/@babel/parser/lib/index.js:10831:21)
    at TypeScriptParserMixin.parseMaybeAssign (/Users/roshanajith/Documents/Products/DarpanAI/mobile/node_modules/@babel/parser/lib/index.js:9786:20)
    at TypeScriptParserMixin.parseExpressionBase (/Users/roshanajith/Documents/Products/DarpanAI/mobile/node_modules/@babel/parser/lib/index.js:10784:23)
    at /Users/roshanajith/Documents/Products/DarpanAI/mobile/node_modules/@babel/parser/lib/index.js:10780:39
    at TypeScriptParserMixin.allowInAnd (/Users/roshanajith/Documents/Products/DarpanAI/mobile/node_modules/@babel/parser/lib/index.js:12421:16)
    at TypeScriptParserMixin.parseExpression (/Users/roshanajith/Documents/Products/DarpanAI/mobile/node_modules/@babel/parser/lib/index.js:10780:17)
    at TypeScriptParserMixin.parseStatementContent (/Users/roshanajith/Documents/Products/DarpanAI/mobile/node_modules/@babel/parser/lib/index.js:12895:23)
    at TypeScriptParserMixin.parseStatementContent (/Users/roshanajith/Documents/Products/DarpanAI/mobile/node_modules/@babel/parser/lib/index.js:9508:18)
    at TypeScriptParserMixin.parseStatementLike (/Users/roshanajith/Documents/Products/DarpanAI/mobile/node_modules/@babel/parser/lib/index.js:12767:17)
    at TypeScriptParserMixin.parseStatementListItem (/Users/roshanajith/Documents/Products/DarpanAI/mobile/node_modules/@babel/parser/lib/index.js:12747:17)
    at TypeScriptParserMixin.parseBlockOrModuleBlockBody (/Users/roshanajith/Documents/Products/DarpanAI/mobile/node_modules/@babel/parser/lib/index.js:13316:61)
    at TypeScriptParserMixin.parseBlockBody (/Users/roshanajith/Documents/Products/DarpanAI/mobile/node_modules/@babel/parser/lib/index.js:13309:10)
    at TypeScriptParserMixin.parseBlock (/Users/roshanajith/Documents/Products/DarpanAI/mobile/node_modules/@babel/parser/lib/index.js:13297:10)
    at TypeScriptParserMixin.parseFunctionBody (/Users/roshanajith/Documents/Products/DarpanAI/mobile/node_modules/@babel/parser/lib/index.js:12100:24)
    at TypeScriptParserMixin.parseArrowExpression (/Users/roshanajith/Documents/Products/DarpanAI/mobile/node_modules/@babel/parser/lib/index.js:12075:10)
    at TypeScriptParserMixin.parseParenAndDistinguishExpression (/Users/roshanajith/Documents/Products/DarpanAI/mobile/node_modules/@babel/parser/lib/index.js:11687:12)
    at TypeScriptParserMixin.parseExprAtom (/Users/roshanajith/Documents/Products/DarpanAI/mobile/node_modules/@babel/parser/lib/index.js:11331:23)
    at TypeScriptParserMixin.parseExprSubscripts (/Users/roshanajith/Documents/Products/DarpanAI/mobile/node_modules/@babel/parser/lib/index.js:11081:23)
    at TypeScriptParserMixin.parseUpdate (/Users/roshanajith/Documents/Products/DarpanAI/mobile/node_modules/@babel/parser/lib/index.js:11066:21)
    at TypeScriptParserMixin.parseMaybeUnary (/Users/roshanajith/Documents/Products/DarpanAI/mobile/node_modules/@babel/parser/lib/index.js:11046:23)
    at TypeScriptParserMixin.parseMaybeUnary (/Users/roshanajith/Documents/Products/DarpanAI/mobile/node_modules/@babel/parser/lib/index.js:9837:18)
    at TypeScriptParserMixin.parseMaybeUnaryOrPrivate (/Users/roshanajith/Documents/Products/DarpanAI/mobile/node_modules/@babel/parser/lib/index.js:10899:61)
    at TypeScriptParserMixin.parseExprOps (/Users/roshanajith/Documents/Products/DarpanAI/mobile/node_modules/@babel/parser/lib/index.js:10904:23)
    at TypeScriptParserMixin.parseMaybeConditional (/Users/roshanajith/Documents/Products/DarpanAI/mobile/node_modules/@babel/parser/lib/index.js:10881:23)
    at TypeScriptParserMixin.parseMaybeAssign (/Users/roshanajith/Documents/Products/DarpanAI/mobile/node_modules/@babel/parser/lib/index.js:10831:21)
    at TypeScriptParserMixin.parseMaybeAssign (/Users/roshanajith/Documents/Products/DarpanAI/mobile/node_modules/@babel/parser/lib/index.js:9786:20)
    at /Users/roshanajith/Documents/Products/DarpanAI/mobile/node_modules/@babel/parser/lib/index.js:10800:39
    at TypeScriptParserMixin.allowInAnd (/Users/roshanajith/Documents/Products/DarpanAI/mobile/node_modules/@babel/parser/lib/index.js:12426:12)
    at TypeScriptParserMixin.parseMaybeAssignAllowIn (/Users/roshanajith/Documents/Products/DarpanAI/mobile/node_modules/@babel/parser/lib/index.js:10800:17)
    at TypeScriptParserMixin.parseMaybeAssignAllowInOrVoidPattern (/Users/roshanajith/Documents/Products/DarpanAI/mobile/node_modules/@babel/parser/lib/index.js:12493:17)
    at TypeScriptParserMixin.parseExprListItem (/Users/roshanajith/Documents/Products/DarpanAI/mobile/node_modules/@babel/parser/lib/index.js:12175:18)
    at TypeScriptParserMixin.parseCallExpressionArguments (/Users/roshanajith/Documents/Products/DarpanAI/mobile/node_modules/@babel/parser/lib/index.js:11252:22)
    at TypeScriptParserMixin.parseCoverCallAndAsyncArrowHead (/Users/roshanajith/Documents/Products/DarpanAI/mobile/node_modules/@babel/parser/lib/index.js:11186:29)
    at TypeScriptParserMixin.parseSubscript (/Users/roshanajith/Documents/Products/DarpanAI/mobile/node_modules/@babel/parser/lib/index.js:11120:19)
    at TypeScriptParserMixin.parseSubscript (/Users/roshanajith/Documents/Products/DarpanAI/mobile/node_modules/@babel/parser/lib/index.js:9272:18)
    at TypeScriptParserMixin.parseSubscripts (/Users/roshanajith/Documents/Products/DarpanAI/mobile/node_modules/@babel/parser/lib/index.js:11094:19)
    at TypeScriptParserMixin.parseExprSubscripts (/Users/roshanajith/Documents/Products/DarpanAI/mobile/node_modules/@babel/parser/lib/index.js:11085:17)
    at TypeScriptParserMixin.parseUpdate (/Users/roshanajith/Documents/Products/DarpanAI/mobile/node_modules/@babel/parser/lib/index.js:11066:21)
    at TypeScriptParserMixin.parseMaybeUnary (/Users/roshanajith/Documents/Products/DarpanAI/mobile/node_modules/@babel/parser/lib/index.js:11046:23)
iOS ./index.js ░░░░░░░░░░░░░░░░  0.0% (0/1)
iOS Bundling failed 7ms index.js (1 module)
 ERROR  SyntaxError: /Users/roshanajith/Documents/Products/DarpanAI/mobile/src/services/healthKitCore.ts: Unexpected token (120:13)

  118 |                 heightM: heightM ? Number(heightM.toFixed(2)) : null,
  119 |               });
> 120 |             });
      |              ^
  121 |           });
  122 |         });
  123 |       });
    at constructor (/Users/roshanajith/Documents/Products/DarpanAI/mobile/node_modules/@babel/parser/lib/index.js:365:19)
    at TypeScriptParserMixin.raise (/Users/roshanajith/Documents/Products/DarpanAI/mobile/node_modules/@babel/parser/lib/index.js:6599:19)
    at TypeScriptParserMixin.unexpected (/Users/roshanajith/Documents/Products/DarpanAI/mobile/node_modules/@babel/parser/lib/index.js:6619:16)
    at TypeScriptParserMixin.parseExprAtom (/Users/roshanajith/Documents/Products/DarpanAI/mobile/node_modules/@babel/parser/lib/index.js:11442:22)
    at TypeScriptParserMixin.parseExprSubscripts (/Users/roshanajith/Documents/Products/DarpanAI/mobile/node_modules/@babel/parser/lib/index.js:11081:23)
    at TypeScriptParserMixin.parseUpdate (/Users/roshanajith/Documents/Products/DarpanAI/mobile/node_modules/@babel/parser/lib/index.js:11066:21)
    at TypeScriptParserMixin.parseMaybeUnary (/Users/roshanajith/Documents/Products/DarpanAI/mobile/node_modules/@babel/parser/lib/index.js:11046:23)
    at TypeScriptParserMixin.parseMaybeUnary (/Users/roshanajith/Documents/Products/DarpanAI/mobile/node_modules/@babel/parser/lib/index.js:9837:18)
    at TypeScriptParserMixin.parseMaybeUnaryOrPrivate (/Users/roshanajith/Documents/Products/DarpanAI/mobile/node_modules/@babel/parser/lib/index.js:10899:61)
    at TypeScriptParserMixin.parseExprOps (/Users/roshanajith/Documents/Products/DarpanAI/mobile/node_modules/@babel/parser/lib/index.js:10904:23)
    at TypeScriptParserMixin.parseMaybeConditional (/Users/roshanajith/Documents/Products/DarpanAI/mobile/node_modules/@babel/parser/lib/index.js:10881:23)
    at TypeScriptParserMixin.parseMaybeAssign (/Users/roshanajith/Documents/Products/DarpanAI/mobile/node_modules/@babel/parser/lib/index.js:10831:21)
    at TypeScriptParserMixin.parseMaybeAssign (/Users/roshanajith/Documents/Products/DarpanAI/mobile/node_modules/@babel/parser/lib/index.js:9786:20)
    at TypeScriptParserMixin.parseExpressionBase (/Users/roshanajith/Documents/Products/DarpanAI/mobile/node_modules/@babel/parser/lib/index.js:10784:23)
    at /Users/roshanajith/Documents/Products/DarpanAI/mobile/node_modules/@babel/parser/lib/index.js:10780:39
    at TypeScriptParserMixin.allowInAnd (/Users/roshanajith/Documents/Products/DarpanAI/mobile/node_modules/@babel/parser/lib/index.js:12421:16)
    at TypeScriptParserMixin.parseExpression (/Users/roshanajith/Documents/Products/DarpanAI/mobile/node_modules/@babel/parser/lib/index.js:10780:17)
    at TypeScriptParserMixin.parseStatementContent (/Users/roshanajith/Documents/Products/DarpanAI/mobile/node_modules/@babel/parser/lib/index.js:12895:23)
    at TypeScriptParserMixin.parseStatementContent (/Users/roshanajith/Documents/Products/DarpanAI/mobile/node_modules/@babel/parser/lib/index.js:9508:18)
    at TypeScriptParserMixin.parseStatementLike (/Users/roshanajith/Documents/Products/DarpanAI/mobile/node_modules/@babel/parser/lib/index.js:12767:17)
    at TypeScriptParserMixin.parseStatementListItem (/Users/roshanajith/Documents/Products/DarpanAI/mobile/node_modules/@babel/parser/lib/index.js:12747:17)
    at TypeScriptParserMixin.parseBlockOrModuleBlockBody (/Users/roshanajith/Documents/Products/DarpanAI/mobile/node_modules/@babel/parser/lib/index.js:13316:61)
    at TypeScriptParserMixin.parseBlockBody (/Users/roshanajith/Documents/Products/DarpanAI/mobile/node_modules/@babel/parser/lib/index.js:13309:10)
    at TypeScriptParserMixin.parseBlock (/Users/roshanajith/Documents/Products/DarpanAI/mobile/node_modules/@babel/parser/lib/index.js:13297:10)
    at TypeScriptParserMixin.parseFunctionBody (/Users/roshanajith/Documents/Products/DarpanAI/mobile/node_modules/@babel/parser/lib/index.js:12100:24)
    at TypeScriptParserMixin.parseArrowExpression (/Users/roshanajith/Documents/Products/DarpanAI/mobile/node_modules/@babel/parser/lib/index.js:12075:10)
    at TypeScriptParserMixin.parseParenAndDistinguishExpression (/Users/roshanajith/Documents/Products/DarpanAI/mobile/node_modules/@babel/parser/lib/index.js:11687:12)
    at TypeScriptParserMixin.parseExprAtom (/Users/roshanajith/Documents/Products/DarpanAI/mobile/node_modules/@babel/parser/lib/index.js:11331:23)
    at TypeScriptParserMixin.parseExprSubscripts (/Users/roshanajith/Documents/Products/DarpanAI/mobile/node_modules/@babel/parser/lib/index.js:11081:23)
    at TypeScriptParserMixin.parseUpdate (/Users/roshanajith/Documents/Products/DarpanAI/mobile/node_modules/@babel/parser/lib/index.js:11066:21)
    at TypeScriptParserMixin.parseMaybeUnary (/Users/roshanajith/Documents/Products/DarpanAI/mobile/node_modules/@babel/parser/lib/index.js:11046:23)
    at TypeScriptParserMixin.parseMaybeUnary (/Users/roshanajith/Documents/Products/DarpanAI/mobile/node_modules/@babel/parser/lib/index.js:9837:18)
    at TypeScriptParserMixin.parseMaybeUnaryOrPrivate (/Users/roshanajith/Documents/Products/DarpanAI/mobile/node_modules/@babel/parser/lib/index.js:10899:61)
    at TypeScriptParserMixin.parseExprOps (/Users/roshanajith/Documents/Products/DarpanAI/mobile/node_modules/@babel/parser/lib/index.js:10904:23)
    at TypeScriptParserMixin.parseMaybeConditional (/Users/roshanajith/Documents/Products/DarpanAI/mobile/node_modules/@babel/parser/lib/index.js:10881:23)
    at TypeScriptParserMixin.parseMaybeAssign (/Users/roshanajith/Documents/Products/DarpanAI/mobile/node_modules/@babel/parser/lib/index.js:10831:21)
    at TypeScriptParserMixin.parseMaybeAssign (/Users/roshanajith/Documents/Products/DarpanAI/mobile/node_modules/@babel/parser/lib/index.js:9786:20)
    at /Users/roshanajith/Documents/Products/DarpanAI/mobile/node_modules/@babel/parser/lib/index.js:10800:39
    at TypeScriptParserMixin.allowInAnd (/Users/roshanajith/Documents/Products/DarpanAI/mobile/node_modules/@babel/parser/lib/index.js:12426:12)
    at TypeScriptParserMixin.parseMaybeAssignAllowIn (/Users/roshanajith/Documents/Products/DarpanAI/mobile/node_modules/@babel/parser/lib/index.js:10800:17)
    at TypeScriptParserMixin.parseMaybeAssignAllowInOrVoidPattern (/Users/roshanajith/Documents/Products/DarpanAI/mobile/node_modules/@babel/parser/lib/index.js:12493:17)
    at TypeScriptParserMixin.parseExprListItem (/Users/roshanajith/Documents/Products/DarpanAI/mobile/node_modules/@babel/parser/lib/index.js:12175:18)
    at TypeScriptParserMixin.parseCallExpressionArguments (/Users/roshanajith/Documents/Products/DarpanAI/mobile/node_modules/@babel/parser/lib/index.js:11252:22)
    at TypeScriptParserMixin.parseCoverCallAndAsyncArrowHead (/Users/roshanajith/Documents/Products/DarpanAI/mobile/node_modules/@babel/parser/lib/index.js:11186:29)
    at TypeScriptParserMixin.parseSubscript (/Users/roshanajith/Documents/Products/DarpanAI/mobile/node_modules/@babel/parser/lib/index.js:11120:19)
    at TypeScriptParserMixin.parseSubscript (/Users/roshanajith/Documents/Products/DarpanAI/mobile/node_modules/@babel/parser/lib/index.js:9272:18)
    at TypeScriptParserMixin.parseSubscripts (/Users/roshanajith/Documents/Products/DarpanAI/mobile/node_modules/@babel/parser/lib/index.js:11094:19)
    at TypeScriptParserMixin.parseExprSubscripts (/Users/roshanajith/Documents/Products/DarpanAI/mobile/node_modules/@babel/parser/lib/index.js:11085:17)
    at TypeScriptParserMixin.parseUpdate (/Users/roshanajith/Documents/Products/DarpanAI/mobile/node_modules/@babel/parser/lib/index.js:11066:21)
    at TypeScriptParserMixin.parseMaybeUnary (/Users/roshanajith/Documents/Products/DarpanAI/mobile/node_modules/@babel/parser/lib/index.js:11046:23)
iOS Bundling failed 6ms index.js (1 module)
 ERROR  SyntaxError: /Users/roshanajith/Documents/Products/DarpanAI/mobile/src/services/healthKitCore.ts: Unexpected token (120:13)

  118 |                 heightM: heightM ? Number(heightM.toFixed(2)) : null,
  119 |               });
> 120 |             });
      |              ^
  121 |           });
  122 |         });
  123 |       });
    at constructor (/Users/roshanajith/Documents/Products/DarpanAI/mobile/node_modules/@babel/parser/lib/index.js:365:19)
    at TypeScriptParserMixin.raise (/Users/roshanajith/Documents/Products/DarpanAI/mobile/node_modules/@babel/parser/lib/index.js:6599:19)
    at TypeScriptParserMixin.unexpected (/Users/roshanajith/Documents/Products/DarpanAI/mobile/node_modules/@babel/parser/lib/index.js:6619:16)
    at TypeScriptParserMixin.parseExprAtom (/Users/roshanajith/Documents/Products/DarpanAI/mobile/node_modules/@babel/parser/lib/index.js:11442:22)
    at TypeScriptParserMixin.parseExprSubscripts (/Users/roshanajith/Documents/Products/DarpanAI/mobile/node_modules/@babel/parser/lib/index.js:11081:23)
    at TypeScriptParserMixin.parseUpdate (/Users/roshanajith/Documents/Products/DarpanAI/mobile/node_modules/@babel/parser/lib/index.js:11066:21)
    at TypeScriptParserMixin.parseMaybeUnary (/Users/roshanajith/Documents/Products/DarpanAI/mobile/node_modules/@babel/parser/lib/index.js:11046:23)
    at TypeScriptParserMixin.parseMaybeUnary (/Users/roshanajith/Documents/Products/DarpanAI/mobile/node_modules/@babel/parser/lib/index.js:9837:18)
    at TypeScriptParserMixin.parseMaybeUnaryOrPrivate (/Users/roshanajith/Documents/Products/DarpanAI/mobile/node_modules/@babel/parser/lib/index.js:10899:61)
    at TypeScriptParserMixin.parseExprOps (/Users/roshanajith/Documents/Products/DarpanAI/mobile/node_modules/@babel/parser/lib/index.js:10904:23)
    at TypeScriptParserMixin.parseMaybeConditional (/Users/roshanajith/Documents/Products/DarpanAI/mobile/node_modules/@babel/parser/lib/index.js:10881:23)
    at TypeScriptParserMixin.parseMaybeAssign (/Users/roshanajith/Documents/Products/DarpanAI/mobile/node_modules/@babel/parser/lib/index.js:10831:21)
    at TypeScriptParserMixin.parseMaybeAssign (/Users/roshanajith/Documents/Products/DarpanAI/mobile/node_modules/@babel/parser/lib/index.js:9786:20)
    at TypeScriptParserMixin.parseExpressionBase (/Users/roshanajith/Documents/Products/DarpanAI/mobile/node_modules/@babel/parser/lib/index.js:10784:23)
    at /Users/roshanajith/Documents/Products/DarpanAI/mobile/node_modules/@babel/parser/lib/index.js:10780:39
    at TypeScriptParserMixin.allowInAnd (/Users/roshanajith/Documents/Products/DarpanAI/mobile/node_modules/@babel/parser/lib/index.js:12421:16)
    at TypeScriptParserMixin.parseExpression (/Users/roshanajith/Documents/Products/DarpanAI/mobile/node_modules/@babel/parser/lib/index.js:10780:17)
    at TypeScriptParserMixin.parseStatementContent (/Users/roshanajith/Documents/Products/DarpanAI/mobile/node_modules/@babel/parser/lib/index.js:12895:23)
    at TypeScriptParserMixin.parseStatementContent (/Users/roshanajith/Documents/Products/DarpanAI/mobile/node_modules/@babel/parser/lib/index.js:9508:18)
    at TypeScriptParserMixin.parseStatementLike (/Users/roshanajith/Documents/Products/DarpanAI/mobile/node_modules/@babel/parser/lib/index.js:12767:17)
    at TypeScriptParserMixin.parseStatementListItem (/Users/roshanajith/Documents/Products/DarpanAI/mobile/node_modules/@babel/parser/lib/index.js:12747:17)
    at TypeScriptParserMixin.parseBlockOrModuleBlockBody (/Users/roshanajith/Documents/Products/DarpanAI/mobile/node_modules/@babel/parser/lib/index.js:13316:61)
    at TypeScriptParserMixin.parseBlockBody (/Users/roshanajith/Documents/Products/DarpanAI/mobile/node_modules/@babel/parser/lib/index.js:13309:10)
    at TypeScriptParserMixin.parseBlock (/Users/roshanajith/Documents/Products/DarpanAI/mobile/node_modules/@babel/parser/lib/index.js:13297:10)
    at TypeScriptParserMixin.parseFunctionBody (/Users/roshanajith/Documents/Products/DarpanAI/mobile/node_modules/@babel/parser/lib/index.js:12100:24)
    at TypeScriptParserMixin.parseArrowExpression (/Users/roshanajith/Documents/Products/DarpanAI/mobile/node_modules/@babel/parser/lib/index.js:12075:10)
    at TypeScriptParserMixin.parseParenAndDistinguishExpression (/Users/roshanajith/Documents/Products/DarpanAI/mobile/node_modules/@babel/parser/lib/index.js:11687:12)
    at TypeScriptParserMixin.parseExprAtom (/Users/roshanajith/Documents/Products/DarpanAI/mobile/node_modules/@babel/parser/lib/index.js:11331:23)
    at TypeScriptParserMixin.parseExprSubscripts (/Users/roshanajith/Documents/Products/DarpanAI/mobile/node_modules/@babel/parser/lib/index.js:11081:23)
    at TypeScriptParserMixin.parseUpdate (/Users/roshanajith/Documents/Products/DarpanAI/mobile/node_modules/@babel/parser/lib/index.js:11066:21)
    at TypeScriptParserMixin.parseMaybeUnary (/Users/roshanajith/Documents/Products/DarpanAI/mobile/node_modules/@babel/parser/lib/index.js:11046:23)
    at TypeScriptParserMixin.parseMaybeUnary (/Users/roshanajith/Documents/Products/DarpanAI/mobile/node_modules/@babel/parser/lib/index.js:9837:18)
    at TypeScriptParserMixin.parseMaybeUnaryOrPrivate (/Users/roshanajith/Documents/Products/DarpanAI/mobile/node_modules/@babel/parser/lib/index.js:10899:61)
    at TypeScriptParserMixin.parseExprOps (/Users/roshanajith/Documents/Products/DarpanAI/mobile/node_modules/@babel/parser/lib/index.js:10904:23)
    at TypeScriptParserMixin.parseMaybeConditional (/Users/roshanajith/Documents/Products/DarpanAI/mobile/node_modules/@babel/parser/lib/index.js:10881:23)
    at TypeScriptParserMixin.parseMaybeAssign (/Users/roshanajith/Documents/Products/DarpanAI/mobile/node_modules/@babel/parser/lib/index.js:10831:21)
    at TypeScriptParserMixin.parseMaybeAssign (/Users/roshanajith/Documents/Products/DarpanAI/mobile/node_modules/@babel/parser/lib/index.js:9786:20)
    at /Users/roshanajith/Documents/Products/DarpanAI/mobile/node_modules/@babel/parser/lib/index.js:10800:39
    at TypeScriptParserMixin.allowInAnd (/Users/roshanajith/Documents/Products/DarpanAI/mobile/node_modules/@babel/parser/lib/index.js:12426:12)
    at TypeScriptParserMixin.parseMaybeAssignAllowIn (/Users/roshanajith/Documents/Products/DarpanAI/mobile/node_modules/@babel/parser/lib/index.js:10800:17)
    at TypeScriptParserMixin.parseMaybeAssignAllowInOrVoidPattern (/Users/roshanajith/Documents/Products/DarpanAI/mobile/node_modules/@babel/parser/lib/index.js:12493:17)
    at TypeScriptParserMixin.parseExprListItem (/Users/roshanajith/Documents/Products/DarpanAI/mobile/node_modules/@babel/parser/lib/index.js:12175:18)
    at TypeScriptParserMixin.parseCallExpressionArguments (/Users/roshanajith/Documents/Products/DarpanAI/mobile/node_modules/@babel/parser/lib/index.js:11252:22)
    at TypeScriptParserMixin.parseCoverCallAndAsyncArrowHead (/Users/roshanajith/Documents/Products/DarpanAI/mobile/node_modules/@babel/parser/lib/index.js:11186:29)
    at TypeScriptParserMixin.parseSubscript (/Users/roshanajith/Documents/Products/DarpanAI/mobile/node_modules/@babel/parser/lib/index.js:11120:19)
    at TypeScriptParserMixin.parseSubscript (/Users/roshanajith/Documents/Products/DarpanAI/mobile/node_modules/@babel/parser/lib/index.js:9272:18)
    at TypeScriptParserMixin.parseSubscripts (/Users/roshanajith/Documents/Products/DarpanAI/mobile/node_modules/@babel/parser/lib/index.js:11094:19)
    at TypeScriptParserMixin.parseExprSubscripts (/Users/roshanajith/Documents/Products/DarpanAI/mobile/node_modules/@babel/parser/lib/index.js:11085:17)
    at TypeScriptParserMixin.parseUpdate (/Users/roshanajith/Documents/Products/DarpanAI/mobile/node_modules/@babel/parser/lib/index.js:11066:21)
    at TypeScriptParserMixin.parseMaybeUnary (/Users/roshanajith/Documents/Products/DarpanAI/mobile/node_modules/@babel/parser/lib/index.js:11046:23)
iOS Bundling failed 6ms index.js (1 module)
 ERROR  SyntaxError: /Users/roshanajith/Documents/Products/DarpanAI/mobile/src/services/healthKitCore.ts: Unexpected token (120:13)

  118 |                 heightM: heightM ? Number(heightM.toFixed(2)) : null,
  119 |               });
> 120 |             });
      |              ^
  121 |           });
  122 |         });
  123 |       });
    at constructor (/Users/roshanajith/Documents/Products/DarpanAI/mobile/node_modules/@babel/parser/lib/index.js:365:19)
    at TypeScriptParserMixin.raise (/Users/roshanajith/Documents/Products/DarpanAI/mobile/node_modules/@babel/parser/lib/index.js:6599:19)
    at TypeScriptParserMixin.unexpected (/Users/roshanajith/Documents/Products/DarpanAI/mobile/node_modules/@babel/parser/lib/index.js:6619:16)
    at TypeScriptParserMixin.parseExprAtom (/Users/roshanajith/Documents/Products/DarpanAI/mobile/node_modules/@babel/parser/lib/index.js:11442:22)
    at TypeScriptParserMixin.parseExprSubscripts (/Users/roshanajith/Documents/Products/DarpanAI/mobile/node_modules/@babel/parser/lib/index.js:11081:23)
    at TypeScriptParserMixin.parseUpdate (/Users/roshanajith/Documents/Products/DarpanAI/mobile/node_modules/@babel/parser/lib/index.js:11066:21)
    at TypeScriptParserMixin.parseMaybeUnary (/Users/roshanajith/Documents/Products/DarpanAI/mobile/node_modules/@babel/parser/lib/index.js:11046:23)
    at TypeScriptParserMixin.parseMaybeUnary (/Users/roshanajith/Documents/Products/DarpanAI/mobile/node_modules/@babel/parser/lib/index.js:9837:18)
    at TypeScriptParserMixin.parseMaybeUnaryOrPrivate (/Users/roshanajith/Documents/Products/DarpanAI/mobile/node_modules/@babel/parser/lib/index.js:10899:61)
    at TypeScriptParserMixin.parseExprOps (/Users/roshanajith/Documents/Products/DarpanAI/mobile/node_modules/@babel/parser/lib/index.js:10904:23)
    at TypeScriptParserMixin.parseMaybeConditional (/Users/roshanajith/Documents/Products/DarpanAI/mobile/node_modules/@babel/parser/lib/index.js:10881:23)
    at TypeScriptParserMixin.parseMaybeAssign (/Users/roshanajith/Documents/Products/DarpanAI/mobile/node_modules/@babel/parser/lib/index.js:10831:21)
    at TypeScriptParserMixin.parseMaybeAssign (/Users/roshanajith/Documents/Products/DarpanAI/mobile/node_modules/@babel/parser/lib/index.js:9786:20)
    at TypeScriptParserMixin.parseExpressionBase (/Users/roshanajith/Documents/Products/DarpanAI/mobile/node_modules/@babel/parser/lib/index.js:10784:23)
    at /Users/roshanajith/Documents/Products/DarpanAI/mobile/node_modules/@babel/parser/lib/index.js:10780:39
    at TypeScriptParserMixin.allowInAnd (/Users/roshanajith/Documents/Products/DarpanAI/mobile/node_modules/@babel/parser/lib/index.js:12421:16)
    at TypeScriptParserMixin.parseExpression (/Users/roshanajith/Documents/Products/DarpanAI/mobile/node_modules/@babel/parser/lib/index.js:10780:17)
    at TypeScriptParserMixin.parseStatementContent (/Users/roshanajith/Documents/Products/DarpanAI/mobile/node_modules/@babel/parser/lib/index.js:12895:23)
    at TypeScriptParserMixin.parseStatementContent (/Users/roshanajith/Documents/Products/DarpanAI/mobile/node_modules/@babel/parser/lib/index.js:9508:18)
    at TypeScriptParserMixin.parseStatementLike (/Users/roshanajith/Documents/Products/DarpanAI/mobile/node_modules/@babel/parser/lib/index.js:12767:17)
    at TypeScriptParserMixin.parseStatementListItem (/Users/roshanajith/Documents/Products/DarpanAI/mobile/node_modules/@babel/parser/lib/index.js:12747:17)
    at TypeScriptParserMixin.parseBlockOrModuleBlockBody (/Users/roshanajith/Documents/Products/DarpanAI/mobile/node_modules/@babel/parser/lib/index.js:13316:61)
    at TypeScriptParserMixin.parseBlockBody (/Users/roshanajith/Documents/Products/DarpanAI/mobile/node_modules/@babel/parser/lib/index.js:13309:10)
    at TypeScriptParserMixin.parseBlock (/Users/roshanajith/Documents/Products/DarpanAI/mobile/node_modules/@babel/parser/lib/index.js:13297:10)
    at TypeScriptParserMixin.parseFunctionBody (/Users/roshanajith/Documents/Products/DarpanAI/mobile/node_modules/@babel/parser/lib/index.js:12100:24)
    at TypeScriptParserMixin.parseArrowExpression (/Users/roshanajith/Documents/Products/DarpanAI/mobile/node_modules/@babel/parser/lib/index.js:12075:10)
    at TypeScriptParserMixin.parseParenAndDistinguishExpression (/Users/roshanajith/Documents/Products/DarpanAI/mobile/node_modules/@babel/parser/lib/index.js:11687:12)
    at TypeScriptParserMixin.parseExprAtom (/Users/roshanajith/Documents/Products/DarpanAI/mobile/node_modules/@babel/parser/lib/index.js:11331:23)
    at TypeScriptParserMixin.parseExprSubscripts (/Users/roshanajith/Documents/Products/DarpanAI/mobile/node_modules/@babel/parser/lib/index.js:11081:23)
    at TypeScriptParserMixin.parseUpdate (/Users/roshanajith/Documents/Products/DarpanAI/mobile/node_modules/@babel/parser/lib/index.js:11066:21)
    at TypeScriptParserMixin.parseMaybeUnary (/Users/roshanajith/Documents/Products/DarpanAI/mobile/node_modules/@babel/parser/lib/index.js:11046:23)
    at TypeScriptParserMixin.parseMaybeUnary (/Users/roshanajith/Documents/Products/DarpanAI/mobile/node_modules/@babel/parser/lib/index.js:9837:18)
    at TypeScriptParserMixin.parseMaybeUnaryOrPrivate (/Users/roshanajith/Documents/Products/DarpanAI/mobile/node_modules/@babel/parser/lib/index.js:10899:61)
    at TypeScriptParserMixin.parseExprOps (/Users/roshanajith/Documents/Products/DarpanAI/mobile/node_modules/@babel/parser/lib/index.js:10904:23)
    at TypeScriptParserMixin.parseMaybeConditional (/Users/roshanajith/Documents/Products/DarpanAI/mobile/node_modules/@babel/parser/lib/index.js:10881:23)
    at TypeScriptParserMixin.parseMaybeAssign (/Users/roshanajith/Documents/Products/DarpanAI/mobile/node_modules/@babel/parser/lib/index.js:10831:21)
    at TypeScriptParserMixin.parseMaybeAssign (/Users/roshanajith/Documents/Products/DarpanAI/mobile/node_modules/@babel/parser/lib/index.js:9786:20)
    at /Users/roshanajith/Documents/Products/DarpanAI/mobile/node_modules/@babel/parser/lib/index.js:10800:39
    at TypeScriptParserMixin.allowInAnd (/Users/roshanajith/Documents/Products/DarpanAI/mobile/node_modules/@babel/parser/lib/index.js:12426:12)
    at TypeScriptParserMixin.parseMaybeAssignAllowIn (/Users/roshanajith/Documents/Products/DarpanAI/mobile/node_modules/@babel/parser/lib/index.js:10800:17)
    at TypeScriptParserMixin.parseMaybeAssignAllowInOrVoidPattern (/Users/roshanajith/Documents/Products/DarpanAI/mobile/node_modules/@babel/parser/lib/index.js:12493:17)
    at TypeScriptParserMixin.parseExprListItem (/Users/roshanajith/Documents/Products/DarpanAI/mobile/node_modules/@babel/parser/lib/index.js:12175:18)
    at TypeScriptParserMixin.parseCallExpressionArguments (/Users/roshanajith/Documents/Products/DarpanAI/mobile/node_modules/@babel/parser/lib/index.js:11252:22)
    at TypeScriptParserMixin.parseCoverCallAndAsyncArrowHead (/Users/roshanajith/Documents/Products/DarpanAI/mobile/node_modules/@babel/parser/lib/index.js:11186:29)
    at TypeScriptParserMixin.parseSubscript (/Users/roshanajith/Documents/Products/DarpanAI/mobile/node_modules/@babel/parser/lib/index.js:11120:19)
    at TypeScriptParserMixin.parseSubscript (/Users/roshanajith/Documents/Products/DarpanAI/mobile/node_modules/@babel/parser/lib/index.js:9272:18)
    at TypeScriptParserMixin.parseSubscripts (/Users/roshanajith/Documents/Products/DarpanAI/mobile/node_modules/@babel/parser/lib/index.js:11094:19)
    at TypeScriptParserMixin.parseExprSubscripts (/Users/roshanajith/Documents/Products/DarpanAI/mobile/node_modules/@babel/parser/lib/index.js:11085:17)
    at TypeScriptParserMixin.parseUpdate (/Users/roshanajith/Documents/Products/DarpanAI/mobile/node_modules/@babel/parser/lib/index.js:11066:21)
    at TypeScriptParserMixin.parseMaybeUnary (/Users/roshanajith/Documents/Products/DarpanAI/mobile/node_modules/@babel/parser/lib/index.js:11046:23)
iOS Bundling failed 6ms index.js (1 module)
 ERROR  SyntaxError: /Users/roshanajith/Documents/Products/DarpanAI/mobile/src/services/healthKitCore.ts: Unexpected token (120:13)

  118 |                 heightM: heightM ? Number(heightM.toFixed(2)) : null,
  119 |               });
> 120 |             });
      |              ^
  121 |           });
  122 |         });
  123 |       });
    at constructor (/Users/roshanajith/Documents/Products/DarpanAI/mobile/node_modules/@babel/parser/lib/index.js:365:19)
    at TypeScriptParserMixin.raise (/Users/roshanajith/Documents/Products/DarpanAI/mobile/node_modules/@babel/parser/lib/index.js:6599:19)
    at TypeScriptParserMixin.unexpected (/Users/roshanajith/Documents/Products/DarpanAI/mobile/node_modules/@babel/parser/lib/index.js:6619:16)
    at TypeScriptParserMixin.parseExprAtom (/Users/roshanajith/Documents/Products/DarpanAI/mobile/node_modules/@babel/parser/lib/index.js:11442:22)
    at TypeScriptParserMixin.parseExprSubscripts (/Users/roshanajith/Documents/Products/DarpanAI/mobile/node_modules/@babel/parser/lib/index.js:11081:23)
    at TypeScriptParserMixin.parseUpdate (/Users/roshanajith/Documents/Products/DarpanAI/mobile/node_modules/@babel/parser/lib/index.js:11066:21)
    at TypeScriptParserMixin.parseMaybeUnary (/Users/roshanajith/Documents/Products/DarpanAI/mobile/node_modules/@babel/parser/lib/index.js:11046:23)
    at TypeScriptParserMixin.parseMaybeUnary (/Users/roshanajith/Documents/Products/DarpanAI/mobile/node_modules/@babel/parser/lib/index.js:9837:18)
    at TypeScriptParserMixin.parseMaybeUnaryOrPrivate (/Users/roshanajith/Documents/Products/DarpanAI/mobile/node_modules/@babel/parser/lib/index.js:10899:61)
    at TypeScriptParserMixin.parseExprOps (/Users/roshanajith/Documents/Products/DarpanAI/mobile/node_modules/@babel/parser/lib/index.js:10904:23)
    at TypeScriptParserMixin.parseMaybeConditional (/Users/roshanajith/Documents/Products/DarpanAI/mobile/node_modules/@babel/parser/lib/index.js:10881:23)
    at TypeScriptParserMixin.parseMaybeAssign (/Users/roshanajith/Documents/Products/DarpanAI/mobile/node_modules/@babel/parser/lib/index.js:10831:21)
    at TypeScriptParserMixin.parseMaybeAssign (/Users/roshanajith/Documents/Products/DarpanAI/mobile/node_modules/@babel/parser/lib/index.js:9786:20)
    at TypeScriptParserMixin.parseExpressionBase (/Users/roshanajith/Documents/Products/DarpanAI/mobile/node_modules/@babel/parser/lib/index.js:10784:23)
    at /Users/roshanajith/Documents/Products/DarpanAI/mobile/node_modules/@babel/parser/lib/index.js:10780:39
    at TypeScriptParserMixin.allowInAnd (/Users/roshanajith/Documents/Products/DarpanAI/mobile/node_modules/@babel/parser/lib/index.js:12421:16)
    at TypeScriptParserMixin.parseExpression (/Users/roshanajith/Documents/Products/DarpanAI/mobile/node_modules/@babel/parser/lib/index.js:10780:17)
    at TypeScriptParserMixin.parseStatementContent (/Users/roshanajith/Documents/Products/DarpanAI/mobile/node_modules/@babel/parser/lib/index.js:12895:23)
    at TypeScriptParserMixin.parseStatementContent (/Users/roshanajith/Documents/Products/DarpanAI/mobile/node_modules/@babel/parser/lib/index.js:9508:18)
    at TypeScriptParserMixin.parseStatementLike (/Users/roshanajith/Documents/Products/DarpanAI/mobile/node_modules/@babel/parser/lib/index.js:12767:17)
    at TypeScriptParserMixin.parseStatementListItem (/Users/roshanajith/Documents/Products/DarpanAI/mobile/node_modules/@babel/parser/lib/index.js:12747:17)
    at TypeScriptParserMixin.parseBlockOrModuleBlockBody (/Users/roshanajith/Documents/Products/DarpanAI/mobile/node_modules/@babel/parser/lib/index.js:13316:61)
    at TypeScriptParserMixin.parseBlockBody (/Users/roshanajith/Documents/Products/DarpanAI/mobile/node_modules/@babel/parser/lib/index.js:13309:10)
    at TypeScriptParserMixin.parseBlock (/Users/roshanajith/Documents/Products/DarpanAI/mobile/node_modules/@babel/parser/lib/index.js:13297:10)
    at TypeScriptParserMixin.parseFunctionBody (/Users/roshanajith/Documents/Products/DarpanAI/mobile/node_modules/@babel/parser/lib/index.js:12100:24)
    at TypeScriptParserMixin.parseArrowExpression (/Users/roshanajith/Documents/Products/DarpanAI/mobile/node_modules/@babel/parser/lib/index.js:12075:10)
    at TypeScriptParserMixin.parseParenAndDistinguishExpression (/Users/roshanajith/Documents/Products/DarpanAI/mobile/node_modules/@babel/parser/lib/index.js:11687:12)
    at TypeScriptParserMixin.parseExprAtom (/Users/roshanajith/Documents/Products/DarpanAI/mobile/node_modules/@babel/parser/lib/index.js:11331:23)
    at TypeScriptParserMixin.parseExprSubscripts (/Users/roshanajith/Documents/Products/DarpanAI/mobile/node_modules/@babel/parser/lib/index.js:11081:23)
    at TypeScriptParserMixin.parseUpdate (/Users/roshanajith/Documents/Products/DarpanAI/mobile/node_modules/@babel/parser/lib/index.js:11066:21)
    at TypeScriptParserMixin.parseMaybeUnary (/Users/roshanajith/Documents/Products/DarpanAI/mobile/node_modules/@babel/parser/lib/index.js:11046:23)
    at TypeScriptParserMixin.parseMaybeUnary (/Users/roshanajith/Documents/Products/DarpanAI/mobile/node_modules/@babel/parser/lib/index.js:9837:18)
    at TypeScriptParserMixin.parseMaybeUnaryOrPrivate (/Users/roshanajith/Documents/Products/DarpanAI/mobile/node_modules/@babel/parser/lib/index.js:10899:61)
    at TypeScriptParserMixin.parseExprOps (/Users/roshanajith/Documents/Products/DarpanAI/mobile/node_modules/@babel/parser/lib/index.js:10904:23)
    at TypeScriptParserMixin.parseMaybeConditional (/Users/roshanajith/Documents/Products/DarpanAI/mobile/node_modules/@babel/parser/lib/index.js:10881:23)
    at TypeScriptParserMixin.parseMaybeAssign (/Users/roshanajith/Documents/Products/DarpanAI/mobile/node_modules/@babel/parser/lib/index.js:10831:21)
    at TypeScriptParserMixin.parseMaybeAssign (/Users/roshanajith/Documents/Products/DarpanAI/mobile/node_modules/@babel/parser/lib/index.js:9786:20)
    at /Users/roshanajith/Documents/Products/DarpanAI/mobile/node_modules/@babel/parser/lib/index.js:10800:39
    at TypeScriptParserMixin.allowInAnd (/Users/roshanajith/Documents/Products/DarpanAI/mobile/node_modules/@babel/parser/lib/index.js:12426:12)
    at TypeScriptParserMixin.parseMaybeAssignAllowIn (/Users/roshanajith/Documents/Products/DarpanAI/mobile/node_modules/@babel/parser/lib/index.js:10800:17)
    at TypeScriptParserMixin.parseMaybeAssignAllowInOrVoidPattern (/Users/roshanajith/Documents/Products/DarpanAI/mobile/node_modules/@babel/parser/lib/index.js:12493:17)
    at TypeScriptParserMixin.parseExprListItem (/Users/roshanajith/Documents/Products/DarpanAI/mobile/node_modules/@babel/parser/lib/index.js:12175:18)
    at TypeScriptParserMixin.parseCallExpressionArguments (/Users/roshanajith/Documents/Products/DarpanAI/mobile/node_modules/@babel/parser/lib/index.js:11252:22)
    at TypeScriptParserMixin.parseCoverCallAndAsyncArrowHead (/Users/roshanajith/Documents/Products/DarpanAI/mobile/node_modules/@babel/parser/lib/index.js:11186:29)
    at TypeScriptParserMixin.parseSubscript (/Users/roshanajith/Documents/Products/DarpanAI/mobile/node_modules/@babel/parser/lib/index.js:11120:19)
    at TypeScriptParserMixin.parseSubscript (/Users/roshanajith/Documents/Products/DarpanAI/mobile/node_modules/@babel/parser/lib/index.js:9272:18)
    at TypeScriptParserMixin.parseSubscripts (/Users/roshanajith/Documents/Products/DarpanAI/mobile/node_modules/@babel/parser/lib/index.js:11094:19)
    at TypeScriptParserMixin.parseExprSubscripts (/Users/roshanajith/Documents/Products/DarpanAI/mobile/node_modules/@babel/parser/lib/index.js:11085:17)
    at TypeScriptParserMixin.parseUpdate (/Users/roshanajith/Documents/Products/DarpanAI/mobile/node_modules/@babel/parser/lib/index.js:11066:21)
    at TypeScriptParserMixin.parseMaybeUnary (/Users/roshanajith/Documents/Products/DarpanAI/mobile/node_modules/@babel/parser/lib/index.js:11046:23)
iOS Bundling failed 5ms index.js (1 module)
 ERROR  SyntaxError: /Users/roshanajith/Documents/Products/DarpanAI/mobile/src/services/healthKitCore.ts: Unexpected token (120:13)

  118 |                 heightM: heightM ? Number(heightM.toFixed(2)) : null,
  119 |               });
> 120 |             });
      |              ^
  121 |           });
  122 |         });
  123 |       });
    at constructor (/Users/roshanajith/Documents/Products/DarpanAI/mobile/node_modules/@babel/parser/lib/index.js:365:19)
    at TypeScriptParserMixin.raise (/Users/roshanajith/Documents/Products/DarpanAI/mobile/node_modules/@babel/parser/lib/index.js:6599:19)
    at TypeScriptParserMixin.unexpected (/Users/roshanajith/Documents/Products/DarpanAI/mobile/node_modules/@babel/parser/lib/index.js:6619:16)
    at TypeScriptParserMixin.parseExprAtom (/Users/roshanajith/Documents/Products/DarpanAI/mobile/node_modules/@babel/parser/lib/index.js:11442:22)
    at TypeScriptParserMixin.parseExprSubscripts (/Users/roshanajith/Documents/Products/DarpanAI/mobile/node_modules/@babel/parser/lib/index.js:11081:23)
    at TypeScriptParserMixin.parseUpdate (/Users/roshanajith/Documents/Products/DarpanAI/mobile/node_modules/@babel/parser/lib/index.js:11066:21)
    at TypeScriptParserMixin.parseMaybeUnary (/Users/roshanajith/Documents/Products/DarpanAI/mobile/node_modules/@babel/parser/lib/index.js:11046:23)
    at TypeScriptParserMixin.parseMaybeUnary (/Users/roshanajith/Documents/Products/DarpanAI/mobile/node_modules/@babel/parser/lib/index.js:9837:18)
    at TypeScriptParserMixin.parseMaybeUnaryOrPrivate (/Users/roshanajith/Documents/Products/DarpanAI/mobile/node_modules/@babel/parser/lib/index.js:10899:61)
    at TypeScriptParserMixin.parseExprOps (/Users/roshanajith/Documents/Products/DarpanAI/mobile/node_modules/@babel/parser/lib/index.js:10904:23)
    at TypeScriptParserMixin.parseMaybeConditional (/Users/roshanajith/Documents/Products/DarpanAI/mobile/node_modules/@babel/parser/lib/index.js:10881:23)
    at TypeScriptParserMixin.parseMaybeAssign (/Users/roshanajith/Documents/Products/DarpanAI/mobile/node_modules/@babel/parser/lib/index.js:10831:21)
    at TypeScriptParserMixin.parseMaybeAssign (/Users/roshanajith/Documents/Products/DarpanAI/mobile/node_modules/@babel/parser/lib/index.js:9786:20)
    at TypeScriptParserMixin.parseExpressionBase (/Users/roshanajith/Documents/Products/DarpanAI/mobile/node_modules/@babel/parser/lib/index.js:10784:23)
    at /Users/roshanajith/Documents/Products/DarpanAI/mobile/node_modules/@babel/parser/lib/index.js:10780:39
    at TypeScriptParserMixin.allowInAnd (/Users/roshanajith/Documents/Products/DarpanAI/mobile/node_modules/@babel/parser/lib/index.js:12421:16)
    at TypeScriptParserMixin.parseExpression (/Users/roshanajith/Documents/Products/DarpanAI/mobile/node_modules/@babel/parser/lib/index.js:10780:17)
    at TypeScriptParserMixin.parseStatementContent (/Users/roshanajith/Documents/Products/DarpanAI/mobile/node_modules/@babel/parser/lib/index.js:12895:23)
    at TypeScriptParserMixin.parseStatementContent (/Users/roshanajith/Documents/Products/DarpanAI/mobile/node_modules/@babel/parser/lib/index.js:9508:18)
    at TypeScriptParserMixin.parseStatementLike (/Users/roshanajith/Documents/Products/DarpanAI/mobile/node_modules/@babel/parser/lib/index.js:12767:17)
    at TypeScriptParserMixin.parseStatementListItem (/Users/roshanajith/Documents/Products/DarpanAI/mobile/node_modules/@babel/parser/lib/index.js:12747:17)
    at TypeScriptParserMixin.parseBlockOrModuleBlockBody (/Users/roshanajith/Documents/Products/DarpanAI/mobile/node_modules/@babel/parser/lib/index.js:13316:61)
    at TypeScriptParserMixin.parseBlockBody (/Users/roshanajith/Documents/Products/DarpanAI/mobile/node_modules/@babel/parser/lib/index.js:13309:10)
    at TypeScriptParserMixin.parseBlock (/Users/roshanajith/Documents/Products/DarpanAI/mobile/node_modules/@babel/parser/lib/index.js:13297:10)
    at TypeScriptParserMixin.parseFunctionBody (/Users/roshanajith/Documents/Products/DarpanAI/mobile/node_modules/@babel/parser/lib/index.js:12100:24)
    at TypeScriptParserMixin.parseArrowExpression (/Users/roshanajith/Documents/Products/DarpanAI/mobile/node_modules/@babel/parser/lib/index.js:12075:10)
    at TypeScriptParserMixin.parseParenAndDistinguishExpression (/Users/roshanajith/Documents/Products/DarpanAI/mobile/node_modules/@babel/parser/lib/index.js:11687:12)
    at TypeScriptParserMixin.parseExprAtom (/Users/roshanajith/Documents/Products/DarpanAI/mobile/node_modules/@babel/parser/lib/index.js:11331:23)
    at TypeScriptParserMixin.parseExprSubscripts (/Users/roshanajith/Documents/Products/DarpanAI/mobile/node_modules/@babel/parser/lib/index.js:11081:23)
    at TypeScriptParserMixin.parseUpdate (/Users/roshanajith/Documents/Products/DarpanAI/mobile/node_modules/@babel/parser/lib/index.js:11066:21)
    at TypeScriptParserMixin.parseMaybeUnary (/Users/roshanajith/Documents/Products/DarpanAI/mobile/node_modules/@babel/parser/lib/index.js:11046:23)
    at TypeScriptParserMixin.parseMaybeUnary (/Users/roshanajith/Documents/Products/DarpanAI/mobile/node_modules/@babel/parser/lib/index.js:9837:18)
    at TypeScriptParserMixin.parseMaybeUnaryOrPrivate (/Users/roshanajith/Documents/Products/DarpanAI/mobile/node_modules/@babel/parser/lib/index.js:10899:61)
    at TypeScriptParserMixin.parseExprOps (/Users/roshanajith/Documents/Products/DarpanAI/mobile/node_modules/@babel/parser/lib/index.js:10904:23)
    at TypeScriptParserMixin.parseMaybeConditional (/Users/roshanajith/Documents/Products/DarpanAI/mobile/node_modules/@babel/parser/lib/index.js:10881:23)
    at TypeScriptParserMixin.parseMaybeAssign (/Users/roshanajith/Documents/Products/DarpanAI/mobile/node_modules/@babel/parser/lib/index.js:10831:21)
    at TypeScriptParserMixin.parseMaybeAssign (/Users/roshanajith/Documents/Products/DarpanAI/mobile/node_modules/@babel/parser/lib/index.js:9786:20)
    at /Users/roshanajith/Documents/Products/DarpanAI/mobile/node_modules/@babel/parser/lib/index.js:10800:39
    at TypeScriptParserMixin.allowInAnd (/Users/roshanajith/Documents/Products/DarpanAI/mobile/node_modules/@babel/parser/lib/index.js:12426:12)
    at TypeScriptParserMixin.parseMaybeAssignAllowIn (/Users/roshanajith/Documents/Products/DarpanAI/mobile/node_modules/@babel/parser/lib/index.js:10800:17)
    at TypeScriptParserMixin.parseMaybeAssignAllowInOrVoidPattern (/Users/roshanajith/Documents/Products/DarpanAI/mobile/node_modules/@babel/parser/lib/index.js:12493:17)
    at TypeScriptParserMixin.parseExprListItem (/Users/roshanajith/Documents/Products/DarpanAI/mobile/node_modules/@babel/parser/lib/index.js:12175:18)
    at TypeScriptParserMixin.parseCallExpressionArguments (/Users/roshanajith/Documents/Products/DarpanAI/mobile/node_modules/@babel/parser/lib/index.js:11252:22)
    at TypeScriptParserMixin.parseCoverCallAndAsyncArrowHead (/Users/roshanajith/Documents/Products/DarpanAI/mobile/node_modules/@babel/parser/lib/index.js:11186:29)
    at TypeScriptParserMixin.parseSubscript (/Users/roshanajith/Documents/Products/DarpanAI/mobile/node_modules/@babel/parser/lib/index.js:11120:19)
    at TypeScriptParserMixin.parseSubscript (/Users/roshanajith/Documents/Products/DarpanAI/mobile/node_modules/@babel/parser/lib/index.js:9272:18)
    at TypeScriptParserMixin.parseSubscripts (/Users/roshanajith/Documents/Products/DarpanAI/mobile/node_modules/@babel/parser/lib/index.js:11094:19)
    at TypeScriptParserMixin.parseExprSubscripts (/Users/roshanajith/Documents/Products/DarpanAI/mobile/node_modules/@babel/parser/lib/index.js:11085:17)
    at TypeScriptParserMixin.parseUpdate (/Users/roshanajith/Documents/Products/DarpanAI/mobile/node_modules/@babel/parser/lib/index.js:11066:21)
    at TypeScriptParserMixin.parseMaybeUnary (/Users/roshanajith/Documents/Products/DarpanAI/mobile/node_modules/@babel/parser/lib/index.js:11046:23)
iOS Bundling failed 5ms index.js (1 module)
 ERROR  SyntaxError: /Users/roshanajith/Documents/Products/DarpanAI/mobile/src/services/healthKitCore.ts: Unexpected token (120:13)

  118 |                 heightM: heightM ? Number(heightM.toFixed(2)) : null,
  119 |               });
> 120 |             });
      |              ^
  121 |           });
  122 |         });
  123 |       });
    at constructor (/Users/roshanajith/Documents/Products/DarpanAI/mobile/node_modules/@babel/parser/lib/index.js:365:19)
    at TypeScriptParserMixin.raise (/Users/roshanajith/Documents/Products/DarpanAI/mobile/node_modules/@babel/parser/lib/index.js:6599:19)
    at TypeScriptParserMixin.unexpected (/Users/roshanajith/Documents/Products/DarpanAI/mobile/node_modules/@babel/parser/lib/index.js:6619:16)
    at TypeScriptParserMixin.parseExprAtom (/Users/roshanajith/Documents/Products/DarpanAI/mobile/node_modules/@babel/parser/lib/index.js:11442:22)
    at TypeScriptParserMixin.parseExprSubscripts (/Users/roshanajith/Documents/Products/DarpanAI/mobile/node_modules/@babel/parser/lib/index.js:11081:23)
    at TypeScriptParserMixin.parseUpdate (/Users/roshanajith/Documents/Products/DarpanAI/mobile/node_modules/@babel/parser/lib/index.js:11066:21)
    at TypeScriptParserMixin.parseMaybeUnary (/Users/roshanajith/Documents/Products/DarpanAI/mobile/node_modules/@babel/parser/lib/index.js:11046:23)
    at TypeScriptParserMixin.parseMaybeUnary (/Users/roshanajith/Documents/Products/DarpanAI/mobile/node_modules/@babel/parser/lib/index.js:9837:18)
    at TypeScriptParserMixin.parseMaybeUnaryOrPrivate (/Users/roshanajith/Documents/Products/DarpanAI/mobile/node_modules/@babel/parser/lib/index.js:10899:61)
    at TypeScriptParserMixin.parseExprOps (/Users/roshanajith/Documents/Products/DarpanAI/mobile/node_modules/@babel/parser/lib/index.js:10904:23)
    at TypeScriptParserMixin.parseMaybeConditional (/Users/roshanajith/Documents/Products/DarpanAI/mobile/node_modules/@babel/parser/lib/index.js:10881:23)
    at TypeScriptParserMixin.parseMaybeAssign (/Users/roshanajith/Documents/Products/DarpanAI/mobile/node_modules/@babel/parser/lib/index.js:10831:21)
    at TypeScriptParserMixin.parseMaybeAssign (/Users/roshanajith/Documents/Products/DarpanAI/mobile/node_modules/@babel/parser/lib/index.js:9786:20)
    at TypeScriptParserMixin.parseExpressionBase (/Users/roshanajith/Documents/Products/DarpanAI/mobile/node_modules/@babel/parser/lib/index.js:10784:23)
    at /Users/roshanajith/Documents/Products/DarpanAI/mobile/node_modules/@babel/parser/lib/index.js:10780:39
    at TypeScriptParserMixin.allowInAnd (/Users/roshanajith/Documents/Products/DarpanAI/mobile/node_modules/@babel/parser/lib/index.js:12421:16)
    at TypeScriptParserMixin.parseExpression (/Users/roshanajith/Documents/Products/DarpanAI/mobile/node_modules/@babel/parser/lib/index.js:10780:17)
    at TypeScriptParserMixin.parseStatementContent (/Users/roshanajith/Documents/Products/DarpanAI/mobile/node_modules/@babel/parser/lib/index.js:12895:23)
    at TypeScriptParserMixin.parseStatementContent (/Users/roshanajith/Documents/Products/DarpanAI/mobile/node_modules/@babel/parser/lib/index.js:9508:18)
    at TypeScriptParserMixin.parseStatementLike (/Users/roshanajith/Documents/Products/DarpanAI/mobile/node_modules/@babel/parser/lib/index.js:12767:17)
    at TypeScriptParserMixin.parseStatementListItem (/Users/roshanajith/Documents/Products/DarpanAI/mobile/node_modules/@babel/parser/lib/index.js:12747:17)
    at TypeScriptParserMixin.parseBlockOrModuleBlockBody (/Users/roshanajith/Documents/Products/DarpanAI/mobile/node_modules/@babel/parser/lib/index.js:13316:61)
    at TypeScriptParserMixin.parseBlockBody (/Users/roshanajith/Documents/Products/DarpanAI/mobile/node_modules/@babel/parser/lib/index.js:13309:10)
    at TypeScriptParserMixin.parseBlock (/Users/roshanajith/Documents/Products/DarpanAI/mobile/node_modules/@babel/parser/lib/index.js:13297:10)
    at TypeScriptParserMixin.parseFunctionBody (/Users/roshanajith/Documents/Products/DarpanAI/mobile/node_modules/@babel/parser/lib/index.js:12100:24)
    at TypeScriptParserMixin.parseArrowExpression (/Users/roshanajith/Documents/Products/DarpanAI/mobile/node_modules/@babel/parser/lib/index.js:12075:10)
    at TypeScriptParserMixin.parseParenAndDistinguishExpression (/Users/roshanajith/Documents/Products/DarpanAI/mobile/node_modules/@babel/parser/lib/index.js:11687:12)
    at TypeScriptParserMixin.parseExprAtom (/Users/roshanajith/Documents/Products/DarpanAI/mobile/node_modules/@babel/parser/lib/index.js:11331:23)
    at TypeScriptParserMixin.parseExprSubscripts (/Users/roshanajith/Documents/Products/DarpanAI/mobile/node_modules/@babel/parser/lib/index.js:11081:23)
    at TypeScriptParserMixin.parseUpdate (/Users/roshanajith/Documents/Products/DarpanAI/mobile/node_modules/@babel/parser/lib/index.js:11066:21)
    at TypeScriptParserMixin.parseMaybeUnary (/Users/roshanajith/Documents/Products/DarpanAI/mobile/node_modules/@babel/parser/lib/index.js:11046:23)
    at TypeScriptParserMixin.parseMaybeUnary (/Users/roshanajith/Documents/Products/DarpanAI/mobile/node_modules/@babel/parser/lib/index.js:9837:18)
    at TypeScriptParserMixin.parseMaybeUnaryOrPrivate (/Users/roshanajith/Documents/Products/DarpanAI/mobile/node_modules/@babel/parser/lib/index.js:10899:61)
    at TypeScriptParserMixin.parseExprOps (/Users/roshanajith/Documents/Products/DarpanAI/mobile/node_modules/@babel/parser/lib/index.js:10904:23)
    at TypeScriptParserMixin.parseMaybeConditional (/Users/roshanajith/Documents/Products/DarpanAI/mobile/node_modules/@babel/parser/lib/index.js:10881:23)
    at TypeScriptParserMixin.parseMaybeAssign (/Users/roshanajith/Documents/Products/DarpanAI/mobile/node_modules/@babel/parser/lib/index.js:10831:21)
    at TypeScriptParserMixin.parseMaybeAssign (/Users/roshanajith/Documents/Products/DarpanAI/mobile/node_modules/@babel/parser/lib/index.js:9786:20)
    at /Users/roshanajith/Documents/Products/DarpanAI/mobile/node_modules/@babel/parser/lib/index.js:10800:39
    at TypeScriptParserMixin.allowInAnd (/Users/roshanajith/Documents/Products/DarpanAI/mobile/node_modules/@babel/parser/lib/index.js:12426:12)
    at TypeScriptParserMixin.parseMaybeAssignAllowIn (/Users/roshanajith/Documents/Products/DarpanAI/mobile/node_modules/@babel/parser/lib/index.js:10800:17)
    at TypeScriptParserMixin.parseMaybeAssignAllowInOrVoidPattern (/Users/roshanajith/Documents/Products/DarpanAI/mobile/node_modules/@babel/parser/lib/index.js:12493:17)
    at TypeScriptParserMixin.parseExprListItem (/Users/roshanajith/Documents/Products/DarpanAI/mobile/node_modules/@babel/parser/lib/index.js:12175:18)
    at TypeScriptParserMixin.parseCallExpressionArguments (/Users/roshanajith/Documents/Products/DarpanAI/mobile/node_modules/@babel/parser/lib/index.js:11252:22)
    at TypeScriptParserMixin.parseCoverCallAndAsyncArrowHead (/Users/roshanajith/Documents/Products/DarpanAI/mobile/node_modules/@babel/parser/lib/index.js:11186:29)
    at TypeScriptParserMixin.parseSubscript (/Users/roshanajith/Documents/Products/DarpanAI/mobile/node_modules/@babel/parser/lib/index.js:11120:19)
    at TypeScriptParserMixin.parseSubscript (/Users/roshanajith/Documents/Products/DarpanAI/mobile/node_modules/@babel/parser/lib/index.js:9272:18)
    at TypeScriptParserMixin.parseSubscripts (/Users/roshanajith/Documents/Products/DarpanAI/mobile/node_modules/@babel/parser/lib/index.js:11094:19)
    at TypeScriptParserMixin.parseExprSubscripts (/Users/roshanajith/Documents/Products/DarpanAI/mobile/node_modules/@babel/parser/lib/index.js:11085:17)
    at TypeScriptParserMixin.parseUpdate (/Users/roshanajith/Documents/Products/DarpanAI/mobile/node_modules/@babel/parser/lib/index.js:11066:21)
    at TypeScriptParserMixin.parseMaybeUnary (/Users/roshanajith/Documents/Products/DarpanAI/mobile/node_modules/@babel/parser/lib/index.js:11046:23)
iOS ./index.js ░░░░░░░░░░░░░░░░  0.0% (0/1)
iOS Bundling failed 23ms index.js (1 module)
 ERROR  SyntaxError: /Users/roshanajith/Documents/Products/DarpanAI/mobile/src/services/healthKitCore.ts: Unexpected token (120:13)

  118 |                 heightM: heightM ? Number(heightM.toFixed(2)) : null,
  119 |               });
> 120 |             });
      |              ^
  121 |           });
  122 |         });
  123 |       });
    at constructor (/Users/roshanajith/Documents/Products/DarpanAI/mobile/node_modules/@babel/parser/lib/index.js:365:19)
    at TypeScriptParserMixin.raise (/Users/roshanajith/Documents/Products/DarpanAI/mobile/node_modules/@babel/parser/lib/index.js:6599:19)
    at TypeScriptParserMixin.unexpected (/Users/roshanajith/Documents/Products/DarpanAI/mobile/node_modules/@babel/parser/lib/index.js:6619:16)
    at TypeScriptParserMixin.parseExprAtom (/Users/roshanajith/Documents/Products/DarpanAI/mobile/node_modules/@babel/parser/lib/index.js:11442:22)
    at TypeScriptParserMixin.parseExprSubscripts (/Users/roshanajith/Documents/Products/DarpanAI/mobile/node_modules/@babel/parser/lib/index.js:11081:23)
    at TypeScriptParserMixin.parseUpdate (/Users/roshanajith/Documents/Products/DarpanAI/mobile/node_modules/@babel/parser/lib/index.js:11066:21)
    at TypeScriptParserMixin.parseMaybeUnary (/Users/roshanajith/Documents/Products/DarpanAI/mobile/node_modules/@babel/parser/lib/index.js:11046:23)
    at TypeScriptParserMixin.parseMaybeUnary (/Users/roshanajith/Documents/Products/DarpanAI/mobile/node_modules/@babel/parser/lib/index.js:9837:18)
    at TypeScriptParserMixin.parseMaybeUnaryOrPrivate (/Users/roshanajith/Documents/Products/DarpanAI/mobile/node_modules/@babel/parser/lib/index.js:10899:61)
    at TypeScriptParserMixin.parseExprOps (/Users/roshanajith/Documents/Products/DarpanAI/mobile/node_modules/@babel/parser/lib/index.js:10904:23)
    at TypeScriptParserMixin.parseMaybeConditional (/Users/roshanajith/Documents/Products/DarpanAI/mobile/node_modules/@babel/parser/lib/index.js:10881:23)
    at TypeScriptParserMixin.parseMaybeAssign (/Users/roshanajith/Documents/Products/DarpanAI/mobile/node_modules/@babel/parser/lib/index.js:10831:21)
    at TypeScriptParserMixin.parseMaybeAssign (/Users/roshanajith/Documents/Products/DarpanAI/mobile/node_modules/@babel/parser/lib/index.js:9786:20)
    at TypeScriptParserMixin.parseExpressionBase (/Users/roshanajith/Documents/Products/DarpanAI/mobile/node_modules/@babel/parser/lib/index.js:10784:23)
    at /Users/roshanajith/Documents/Products/DarpanAI/mobile/node_modules/@babel/parser/lib/index.js:10780:39
    at TypeScriptParserMixin.allowInAnd (/Users/roshanajith/Documents/Products/DarpanAI/mobile/node_modules/@babel/parser/lib/index.js:12421:16)
    at TypeScriptParserMixin.parseExpression (/Users/roshanajith/Documents/Products/DarpanAI/mobile/node_modules/@babel/parser/lib/index.js:10780:17)
    at TypeScriptParserMixin.parseStatementContent (/Users/roshanajith/Documents/Products/DarpanAI/mobile/node_modules/@babel/parser/lib/index.js:12895:23)
    at TypeScriptParserMixin.parseStatementContent (/Users/roshanajith/Documents/Products/DarpanAI/mobile/node_modules/@babel/parser/lib/index.js:9508:18)
    at TypeScriptParserMixin.parseStatementLike (/Users/roshanajith/Documents/Products/DarpanAI/mobile/node_modules/@babel/parser/lib/index.js:12767:17)
    at TypeScriptParserMixin.parseStatementListItem (/Users/roshanajith/Documents/Products/DarpanAI/mobile/node_modules/@babel/parser/lib/index.js:12747:17)
    at TypeScriptParserMixin.parseBlockOrModuleBlockBody (/Users/roshanajith/Documents/Products/DarpanAI/mobile/node_modules/@babel/parser/lib/index.js:13316:61)
    at TypeScriptParserMixin.parseBlockBody (/Users/roshanajith/Documents/Products/DarpanAI/mobile/node_modules/@babel/parser/lib/index.js:13309:10)
    at TypeScriptParserMixin.parseBlock (/Users/roshanajith/Documents/Products/DarpanAI/mobile/node_modules/@babel/parser/lib/index.js:13297:10)
    at TypeScriptParserMixin.parseFunctionBody (/Users/roshanajith/Documents/Products/DarpanAI/mobile/node_modules/@babel/parser/lib/index.js:12100:24)
    at TypeScriptParserMixin.parseArrowExpression (/Users/roshanajith/Documents/Products/DarpanAI/mobile/node_modules/@babel/parser/lib/index.js:12075:10)
    at TypeScriptParserMixin.parseParenAndDistinguishExpression (/Users/roshanajith/Documents/Products/DarpanAI/mobile/node_modules/@babel/parser/lib/index.js:11687:12)
    at TypeScriptParserMixin.parseExprAtom (/Users/roshanajith/Documents/Products/DarpanAI/mobile/node_modules/@babel/parser/lib/index.js:11331:23)
    at TypeScriptParserMixin.parseExprSubscripts (/Users/roshanajith/Documents/Products/DarpanAI/mobile/node_modules/@babel/parser/lib/index.js:11081:23)
    at TypeScriptParserMixin.parseUpdate (/Users/roshanajith/Documents/Products/DarpanAI/mobile/node_modules/@babel/parser/lib/index.js:11066:21)
    at TypeScriptParserMixin.parseMaybeUnary (/Users/roshanajith/Documents/Products/DarpanAI/mobile/node_modules/@babel/parser/lib/index.js:11046:23)
    at TypeScriptParserMixin.parseMaybeUnary (/Users/roshanajith/Documents/Products/DarpanAI/mobile/node_modules/@babel/parser/lib/index.js:9837:18)
    at TypeScriptParserMixin.parseMaybeUnaryOrPrivate (/Users/roshanajith/Documents/Products/DarpanAI/mobile/node_modules/@babel/parser/lib/index.js:10899:61)
    at TypeScriptParserMixin.parseExprOps (/Users/roshanajith/Documents/Products/DarpanAI/mobile/node_modules/@babel/parser/lib/index.js:10904:23)
    at TypeScriptParserMixin.parseMaybeConditional (/Users/roshanajith/Documents/Products/DarpanAI/mobile/node_modules/@babel/parser/lib/index.js:10881:23)
    at TypeScriptParserMixin.parseMaybeAssign (/Users/roshanajith/Documents/Products/DarpanAI/mobile/node_modules/@babel/parser/lib/index.js:10831:21)
    at TypeScriptParserMixin.parseMaybeAssign (/Users/roshanajith/Documents/Products/DarpanAI/mobile/node_modules/@babel/parser/lib/index.js:9786:20)
    at /Users/roshanajith/Documents/Products/DarpanAI/mobile/node_modules/@babel/parser/lib/index.js:10800:39
    at TypeScriptParserMixin.allowInAnd (/Users/roshanajith/Documents/Products/DarpanAI/mobile/node_modules/@babel/parser/lib/index.js:12426:12)
    at TypeScriptParserMixin.parseMaybeAssignAllowIn (/Users/roshanajith/Documents/Products/DarpanAI/mobile/node_modules/@babel/parser/lib/index.js:10800:17)
    at TypeScriptParserMixin.parseMaybeAssignAllowInOrVoidPattern (/Users/roshanajith/Documents/Products/DarpanAI/mobile/node_modules/@babel/parser/lib/index.js:12493:17)
    at TypeScriptParserMixin.parseExprListItem (/Users/roshanajith/Documents/Products/DarpanAI/mobile/node_modules/@babel/parser/lib/index.js:12175:18)
    at TypeScriptParserMixin.parseCallExpressionArguments (/Users/roshanajith/Documents/Products/DarpanAI/mobile/node_modules/@babel/parser/lib/index.js:11252:22)
    at TypeScriptParserMixin.parseCoverCallAndAsyncArrowHead (/Users/roshanajith/Documents/Products/DarpanAI/mobile/node_modules/@babel/parser/lib/index.js:11186:29)
    at TypeScriptParserMixin.parseSubscript (/Users/roshanajith/Documents/Products/DarpanAI/mobile/node_modules/@babel/parser/lib/index.js:11120:19)
    at TypeScriptParserMixin.parseSubscript (/Users/roshanajith/Documents/Products/DarpanAI/mobile/node_modules/@babel/parser/lib/index.js:9272:18)
    at TypeScriptParserMixin.parseSubscripts (/Users/roshanajith/Documents/Products/DarpanAI/mobile/node_modules/@babel/parser/lib/index.js:11094:19)
    at TypeScriptParserMixin.parseExprSubscripts (/Users/roshanajith/Documents/Products/DarpanAI/mobile/node_modules/@babel/parser/lib/index.js:11085:17)
    at TypeScriptParserMixin.parseUpdate (/Users/roshanajith/Documents/Products/DarpanAI/mobile/node_modules/@babel/parser/lib/index.js:11066:21)
    at TypeScriptParserMixin.parseMaybeUnary (/Users/roshanajith/Documents/Products/DarpanAI/mobile/node_modules/@babel/parser/lib/index.js:11046:23)
iOS Bundling failed 11ms index.js (1 module)
 ERROR  SyntaxError: /Users/roshanajith/Documents/Products/DarpanAI/mobile/src/services/healthKitCore.ts: Unexpected token (120:13)

  118 |                 heightM: heightM ? Number(heightM.toFixed(2)) : null,
  119 |               });
> 120 |             });
      |              ^
  121 |           });
  122 |         });
  123 |       });
    at constructor (/Users/roshanajith/Documents/Products/DarpanAI/mobile/node_modules/@babel/parser/lib/index.js:365:19)
    at TypeScriptParserMixin.raise (/Users/roshanajith/Documents/Products/DarpanAI/mobile/node_modules/@babel/parser/lib/index.js:6599:19)
    at TypeScriptParserMixin.unexpected (/Users/roshanajith/Documents/Products/DarpanAI/mobile/node_modules/@babel/parser/lib/index.js:6619:16)
    at TypeScriptParserMixin.parseExprAtom (/Users/roshanajith/Documents/Products/DarpanAI/mobile/node_modules/@babel/parser/lib/index.js:11442:22)
    at TypeScriptParserMixin.parseExprSubscripts (/Users/roshanajith/Documents/Products/DarpanAI/mobile/node_modules/@babel/parser/lib/index.js:11081:23)
    at TypeScriptParserMixin.parseUpdate (/Users/roshanajith/Documents/Products/DarpanAI/mobile/node_modules/@babel/parser/lib/index.js:11066:21)
    at TypeScriptParserMixin.parseMaybeUnary (/Users/roshanajith/Documents/Products/DarpanAI/mobile/node_modules/@babel/parser/lib/index.js:11046:23)
    at TypeScriptParserMixin.parseMaybeUnary (/Users/roshanajith/Documents/Products/DarpanAI/mobile/node_modules/@babel/parser/lib/index.js:9837:18)
    at TypeScriptParserMixin.parseMaybeUnaryOrPrivate (/Users/roshanajith/Documents/Products/DarpanAI/mobile/node_modules/@babel/parser/lib/index.js:10899:61)
    at TypeScriptParserMixin.parseExprOps (/Users/roshanajith/Documents/Products/DarpanAI/mobile/node_modules/@babel/parser/lib/index.js:10904:23)
    at TypeScriptParserMixin.parseMaybeConditional (/Users/roshanajith/Documents/Products/DarpanAI/mobile/node_modules/@babel/parser/lib/index.js:10881:23)
    at TypeScriptParserMixin.parseMaybeAssign (/Users/roshanajith/Documents/Products/DarpanAI/mobile/node_modules/@babel/parser/lib/index.js:10831:21)
    at TypeScriptParserMixin.parseMaybeAssign (/Users/roshanajith/Documents/Products/DarpanAI/mobile/node_modules/@babel/parser/lib/index.js:9786:20)
    at TypeScriptParserMixin.parseExpressionBase (/Users/roshanajith/Documents/Products/DarpanAI/mobile/node_modules/@babel/parser/lib/index.js:10784:23)
    at /Users/roshanajith/Documents/Products/DarpanAI/mobile/node_modules/@babel/parser/lib/index.js:10780:39
    at TypeScriptParserMixin.allowInAnd (/Users/roshanajith/Documents/Products/DarpanAI/mobile/node_modules/@babel/parser/lib/index.js:12421:16)
    at TypeScriptParserMixin.parseExpression (/Users/roshanajith/Documents/Products/DarpanAI/mobile/node_modules/@babel/parser/lib/index.js:10780:17)
    at TypeScriptParserMixin.parseStatementContent (/Users/roshanajith/Documents/Products/DarpanAI/mobile/node_modules/@babel/parser/lib/index.js:12895:23)
    at TypeScriptParserMixin.parseStatementContent (/Users/roshanajith/Documents/Products/DarpanAI/mobile/node_modules/@babel/parser/lib/index.js:9508:18)
    at TypeScriptParserMixin.parseStatementLike (/Users/roshanajith/Documents/Products/DarpanAI/mobile/node_modules/@babel/parser/lib/index.js:12767:17)
    at TypeScriptParserMixin.parseStatementListItem (/Users/roshanajith/Documents/Products/DarpanAI/mobile/node_modules/@babel/parser/lib/index.js:12747:17)
    at TypeScriptParserMixin.parseBlockOrModuleBlockBody (/Users/roshanajith/Documents/Products/DarpanAI/mobile/node_modules/@babel/parser/lib/index.js:13316:61)
    at TypeScriptParserMixin.parseBlockBody (/Users/roshanajith/Documents/Products/DarpanAI/mobile/node_modules/@babel/parser/lib/index.js:13309:10)
    at TypeScriptParserMixin.parseBlock (/Users/roshanajith/Documents/Products/DarpanAI/mobile/node_modules/@babel/parser/lib/index.js:13297:10)
    at TypeScriptParserMixin.parseFunctionBody (/Users/roshanajith/Documents/Products/DarpanAI/mobile/node_modules/@babel/parser/lib/index.js:12100:24)
    at TypeScriptParserMixin.parseArrowExpression (/Users/roshanajith/Documents/Products/DarpanAI/mobile/node_modules/@babel/parser/lib/index.js:12075:10)
    at TypeScriptParserMixin.parseParenAndDistinguishExpression (/Users/roshanajith/Documents/Products/DarpanAI/mobile/node_modules/@babel/parser/lib/index.js:11687:12)
    at TypeScriptParserMixin.parseExprAtom (/Users/roshanajith/Documents/Products/DarpanAI/mobile/node_modules/@babel/parser/lib/index.js:11331:23)
    at TypeScriptParserMixin.parseExprSubscripts (/Users/roshanajith/Documents/Products/DarpanAI/mobile/node_modules/@babel/parser/lib/index.js:11081:23)
    at TypeScriptParserMixin.parseUpdate (/Users/roshanajith/Documents/Products/DarpanAI/mobile/node_modules/@babel/parser/lib/index.js:11066:21)
    at TypeScriptParserMixin.parseMaybeUnary (/Users/roshanajith/Documents/Products/DarpanAI/mobile/node_modules/@babel/parser/lib/index.js:11046:23)
    at TypeScriptParserMixin.parseMaybeUnary (/Users/roshanajith/Documents/Products/DarpanAI/mobile/node_modules/@babel/parser/lib/index.js:9837:18)
    at TypeScriptParserMixin.parseMaybeUnaryOrPrivate (/Users/roshanajith/Documents/Products/DarpanAI/mobile/node_modules/@babel/parser/lib/index.js:10899:61)
    at TypeScriptParserMixin.parseExprOps (/Users/roshanajith/Documents/Products/DarpanAI/mobile/node_modules/@babel/parser/lib/index.js:10904:23)
    at TypeScriptParserMixin.parseMaybeConditional (/Users/roshanajith/Documents/Products/DarpanAI/mobile/node_modules/@babel/parser/lib/index.js:10881:23)
    at TypeScriptParserMixin.parseMaybeAssign (/Users/roshanajith/Documents/Products/DarpanAI/mobile/node_modules/@babel/parser/lib/index.js:10831:21)
    at TypeScriptParserMixin.parseMaybeAssign (/Users/roshanajith/Documents/Products/DarpanAI/mobile/node_modules/@babel/parser/lib/index.js:9786:20)
    at /Users/roshanajith/Documents/Products/DarpanAI/mobile/node_modules/@babel/parser/lib/index.js:10800:39
    at TypeScriptParserMixin.allowInAnd (/Users/roshanajith/Documents/Products/DarpanAI/mobile/node_modules/@babel/parser/lib/index.js:12426:12)
    at TypeScriptParserMixin.parseMaybeAssignAllowIn (/Users/roshanajith/Documents/Products/DarpanAI/mobile/node_modules/@babel/parser/lib/index.js:10800:17)
    at TypeScriptParserMixin.parseMaybeAssignAllowInOrVoidPattern (/Users/roshanajith/Documents/Products/DarpanAI/mobile/node_modules/@babel/parser/lib/index.js:12493:17)
    at TypeScriptParserMixin.parseExprListItem (/Users/roshanajith/Documents/Products/DarpanAI/mobile/node_modules/@babel/parser/lib/index.js:12175:18)
    at TypeScriptParserMixin.parseCallExpressionArguments (/Users/roshanajith/Documents/Products/DarpanAI/mobile/node_modules/@babel/parser/lib/index.js:11252:22)
    at TypeScriptParserMixin.parseCoverCallAndAsyncArrowHead (/Users/roshanajith/Documents/Products/DarpanAI/mobile/node_modules/@babel/parser/lib/index.js:11186:29)
    at TypeScriptParserMixin.parseSubscript (/Users/roshanajith/Documents/Products/DarpanAI/mobile/node_modules/@babel/parser/lib/index.js:11120:19)
    at TypeScriptParserMixin.parseSubscript (/Users/roshanajith/Documents/Products/DarpanAI/mobile/node_modules/@babel/parser/lib/index.js:9272:18)
    at TypeScriptParserMixin.parseSubscripts (/Users/roshanajith/Documents/Products/DarpanAI/mobile/node_modules/@babel/parser/lib/index.js:11094:19)
    at TypeScriptParserMixin.parseExprSubscripts (/Users/roshanajith/Documents/Products/DarpanAI/mobile/node_modules/@babel/parser/lib/index.js:11085:17)
    at TypeScriptParserMixin.parseUpdate (/Users/roshanajith/Documents/Products/DarpanAI/mobile/node_modules/@babel/parser/lib/index.js:11066:21)
    at TypeScriptParserMixin.parseMaybeUnary (/Users/roshanajith/Documents/Products/DarpanAI/mobile/node_modules/@babel/parser/lib/index.js:11046:23)
iOS Bundling failed 8ms index.js (1 module)
 ERROR  SyntaxError: /Users/roshanajith/Documents/Products/DarpanAI/mobile/src/services/healthKitCore.ts: Unexpected token (120:13)

  118 |                 heightM: heightM ? Number(heightM.toFixed(2)) : null,
  119 |               });
> 120 |             });
      |              ^
  121 |           });
  122 |         });
  123 |       });
    at constructor (/Users/roshanajith/Documents/Products/DarpanAI/mobile/node_modules/@babel/parser/lib/index.js:365:19)
    at TypeScriptParserMixin.raise (/Users/roshanajith/Documents/Products/DarpanAI/mobile/node_modules/@babel/parser/lib/index.js:6599:19)
    at TypeScriptParserMixin.unexpected (/Users/roshanajith/Documents/Products/DarpanAI/mobile/node_modules/@babel/parser/lib/index.js:6619:16)
    at TypeScriptParserMixin.parseExprAtom (/Users/roshanajith/Documents/Products/DarpanAI/mobile/node_modules/@babel/parser/lib/index.js:11442:22)
    at TypeScriptParserMixin.parseExprSubscripts (/Users/roshanajith/Documents/Products/DarpanAI/mobile/node_modules/@babel/parser/lib/index.js:11081:23)
    at TypeScriptParserMixin.parseUpdate (/Users/roshanajith/Documents/Products/DarpanAI/mobile/node_modules/@babel/parser/lib/index.js:11066:21)
    at TypeScriptParserMixin.parseMaybeUnary (/Users/roshanajith/Documents/Products/DarpanAI/mobile/node_modules/@babel/parser/lib/index.js:11046:23)
    at TypeScriptParserMixin.parseMaybeUnary (/Users/roshanajith/Documents/Products/DarpanAI/mobile/node_modules/@babel/parser/lib/index.js:9837:18)
    at TypeScriptParserMixin.parseMaybeUnaryOrPrivate (/Users/roshanajith/Documents/Products/DarpanAI/mobile/node_modules/@babel/parser/lib/index.js:10899:61)
    at TypeScriptParserMixin.parseExprOps (/Users/roshanajith/Documents/Products/DarpanAI/mobile/node_modules/@babel/parser/lib/index.js:10904:23)
    at TypeScriptParserMixin.parseMaybeConditional (/Users/roshanajith/Documents/Products/DarpanAI/mobile/node_modules/@babel/parser/lib/index.js:10881:23)
    at TypeScriptParserMixin.parseMaybeAssign (/Users/roshanajith/Documents/Products/DarpanAI/mobile/node_modules/@babel/parser/lib/index.js:10831:21)
    at TypeScriptParserMixin.parseMaybeAssign (/Users/roshanajith/Documents/Products/DarpanAI/mobile/node_modules/@babel/parser/lib/index.js:9786:20)
    at TypeScriptParserMixin.parseExpressionBase (/Users/roshanajith/Documents/Products/DarpanAI/mobile/node_modules/@babel/parser/lib/index.js:10784:23)
    at /Users/roshanajith/Documents/Products/DarpanAI/mobile/node_modules/@babel/parser/lib/index.js:10780:39
    at TypeScriptParserMixin.allowInAnd (/Users/roshanajith/Documents/Products/DarpanAI/mobile/node_modules/@babel/parser/lib/index.js:12421:16)
    at TypeScriptParserMixin.parseExpression (/Users/roshanajith/Documents/Products/DarpanAI/mobile/node_modules/@babel/parser/lib/index.js:10780:17)
    at TypeScriptParserMixin.parseStatementContent (/Users/roshanajith/Documents/Products/DarpanAI/mobile/node_modules/@babel/parser/lib/index.js:12895:23)
    at TypeScriptParserMixin.parseStatementContent (/Users/roshanajith/Documents/Products/DarpanAI/mobile/node_modules/@babel/parser/lib/index.js:9508:18)
    at TypeScriptParserMixin.parseStatementLike (/Users/roshanajith/Documents/Products/DarpanAI/mobile/node_modules/@babel/parser/lib/index.js:12767:17)
    at TypeScriptParserMixin.parseStatementListItem (/Users/roshanajith/Documents/Products/DarpanAI/mobile/node_modules/@babel/parser/lib/index.js:12747:17)
    at TypeScriptParserMixin.parseBlockOrModuleBlockBody (/Users/roshanajith/Documents/Products/DarpanAI/mobile/node_modules/@babel/parser/lib/index.js:13316:61)
    at TypeScriptParserMixin.parseBlockBody (/Users/roshanajith/Documents/Products/DarpanAI/mobile/node_modules/@babel/parser/lib/index.js:13309:10)
    at TypeScriptParserMixin.parseBlock (/Users/roshanajith/Documents/Products/DarpanAI/mobile/node_modules/@babel/parser/lib/index.js:13297:10)
    at TypeScriptParserMixin.parseFunctionBody (/Users/roshanajith/Documents/Products/DarpanAI/mobile/node_modules/@babel/parser/lib/index.js:12100:24)
    at TypeScriptParserMixin.parseArrowExpression (/Users/roshanajith/Documents/Products/DarpanAI/mobile/node_modules/@babel/parser/lib/index.js:12075:10)
    at TypeScriptParserMixin.parseParenAndDistinguishExpression (/Users/roshanajith/Documents/Products/DarpanAI/mobile/node_modules/@babel/parser/lib/index.js:11687:12)
    at TypeScriptParserMixin.parseExprAtom (/Users/roshanajith/Documents/Products/DarpanAI/mobile/node_modules/@babel/parser/lib/index.js:11331:23)
    at TypeScriptParserMixin.parseExprSubscripts (/Users/roshanajith/Documents/Products/DarpanAI/mobile/node_modules/@babel/parser/lib/index.js:11081:23)
    at TypeScriptParserMixin.parseUpdate (/Users/roshanajith/Documents/Products/DarpanAI/mobile/node_modules/@babel/parser/lib/index.js:11066:21)
    at TypeScriptParserMixin.parseMaybeUnary (/Users/roshanajith/Documents/Products/DarpanAI/mobile/node_modules/@babel/parser/lib/index.js:11046:23)
    at TypeScriptParserMixin.parseMaybeUnary (/Users/roshanajith/Documents/Products/DarpanAI/mobile/node_modules/@babel/parser/lib/index.js:9837:18)
    at TypeScriptParserMixin.parseMaybeUnaryOrPrivate (/Users/roshanajith/Documents/Products/DarpanAI/mobile/node_modules/@babel/parser/lib/index.js:10899:61)
    at TypeScriptParserMixin.parseExprOps (/Users/roshanajith/Documents/Products/DarpanAI/mobile/node_modules/@babel/parser/lib/index.js:10904:23)
    at TypeScriptParserMixin.parseMaybeConditional (/Users/roshanajith/Documents/Products/DarpanAI/mobile/node_modules/@babel/parser/lib/index.js:10881:23)
    at TypeScriptParserMixin.parseMaybeAssign (/Users/roshanajith/Documents/Products/DarpanAI/mobile/node_modules/@babel/parser/lib/index.js:10831:21)
    at TypeScriptParserMixin.parseMaybeAssign (/Users/roshanajith/Documents/Products/DarpanAI/mobile/node_modules/@babel/parser/lib/index.js:9786:20)
    at /Users/roshanajith/Documents/Products/DarpanAI/mobile/node_modules/@babel/parser/lib/index.js:10800:39
    at TypeScriptParserMixin.allowInAnd (/Users/roshanajith/Documents/Products/DarpanAI/mobile/node_modules/@babel/parser/lib/index.js:12426:12)
    at TypeScriptParserMixin.parseMaybeAssignAllowIn (/Users/roshanajith/Documents/Products/DarpanAI/mobile/node_modules/@babel/parser/lib/index.js:10800:17)
    at TypeScriptParserMixin.parseMaybeAssignAllowInOrVoidPattern (/Users/roshanajith/Documents/Products/DarpanAI/mobile/node_modules/@babel/parser/lib/index.js:12493:17)
    at TypeScriptParserMixin.parseExprListItem (/Users/roshanajith/Documents/Products/DarpanAI/mobile/node_modules/@babel/parser/lib/index.js:12175:18)
    at TypeScriptParserMixin.parseCallExpressionArguments (/Users/roshanajith/Documents/Products/DarpanAI/mobile/node_modules/@babel/parser/lib/index.js:11252:22)
    at TypeScriptParserMixin.parseCoverCallAndAsyncArrowHead (/Users/roshanajith/Documents/Products/DarpanAI/mobile/node_modules/@babel/parser/lib/index.js:11186:29)
    at TypeScriptParserMixin.parseSubscript (/Users/roshanajith/Documents/Products/DarpanAI/mobile/node_modules/@babel/parser/lib/index.js:11120:19)
    at TypeScriptParserMixin.parseSubscript (/Users/roshanajith/Documents/Products/DarpanAI/mobile/node_modules/@babel/parser/lib/index.js:9272:18)
    at TypeScriptParserMixin.parseSubscripts (/Users/roshanajith/Documents/Products/DarpanAI/mobile/node_modules/@babel/parser/lib/index.js:11094:19)
    at TypeScriptParserMixin.parseExprSubscripts (/Users/roshanajith/Documents/Products/DarpanAI/mobile/node_modules/@babel/parser/lib/index.js:11085:17)
    at TypeScriptParserMixin.parseUpdate (/Users/roshanajith/Documents/Products/DarpanAI/mobile/node_modules/@babel/parser/lib/index.js:11066:21)
    at TypeScriptParserMixin.parseMaybeUnary (/Users/roshanajith/Documents/Products/DarpanAI/mobile/node_modules/@babel/parser/lib/index.js:11046:23)
iOS ./index.js ░░░░░░░░░░░░░░░░  0.0% (0/1)
iOS Bundling failed 29ms index.js (1 module)
 ERROR  SyntaxError: /Users/roshanajith/Documents/Products/DarpanAI/mobile/src/services/healthKitCore.ts: Unexpected token (120:13)

  118 |                 heightM: heightM ? Number(heightM.toFixed(2)) : null,
  119 |               });
> 120 |             });
      |              ^
  121 |           });
  122 |         });
  123 |       });
    at constructor (/Users/roshanajith/Documents/Products/DarpanAI/mobile/node_modules/@babel/parser/lib/index.js:365:19)
    at TypeScriptParserMixin.raise (/Users/roshanajith/Documents/Products/DarpanAI/mobile/node_modules/@babel/parser/lib/index.js:6599:19)
    at TypeScriptParserMixin.unexpected (/Users/roshanajith/Documents/Products/DarpanAI/mobile/node_modules/@babel/parser/lib/index.js:6619:16)
    at TypeScriptParserMixin.parseExprAtom (/Users/roshanajith/Documents/Products/DarpanAI/mobile/node_modules/@babel/parser/lib/index.js:11442:22)
    at TypeScriptParserMixin.parseExprSubscripts (/Users/roshanajith/Documents/Products/DarpanAI/mobile/node_modules/@babel/parser/lib/index.js:11081:23)
    at TypeScriptParserMixin.parseUpdate (/Users/roshanajith/Documents/Products/DarpanAI/mobile/node_modules/@babel/parser/lib/index.js:11066:21)
    at TypeScriptParserMixin.parseMaybeUnary (/Users/roshanajith/Documents/Products/DarpanAI/mobile/node_modules/@babel/parser/lib/index.js:11046:23)
    at TypeScriptParserMixin.parseMaybeUnary (/Users/roshanajith/Documents/Products/DarpanAI/mobile/node_modules/@babel/parser/lib/index.js:9837:18)
    at TypeScriptParserMixin.parseMaybeUnaryOrPrivate (/Users/roshanajith/Documents/Products/DarpanAI/mobile/node_modules/@babel/parser/lib/index.js:10899:61)
    at TypeScriptParserMixin.parseExprOps (/Users/roshanajith/Documents/Products/DarpanAI/mobile/node_modules/@babel/parser/lib/index.js:10904:23)
    at TypeScriptParserMixin.parseMaybeConditional (/Users/roshanajith/Documents/Products/DarpanAI/mobile/node_modules/@babel/parser/lib/index.js:10881:23)
    at TypeScriptParserMixin.parseMaybeAssign (/Users/roshanajith/Documents/Products/DarpanAI/mobile/node_modules/@babel/parser/lib/index.js:10831:21)
    at TypeScriptParserMixin.parseMaybeAssign (/Users/roshanajith/Documents/Products/DarpanAI/mobile/node_modules/@babel/parser/lib/index.js:9786:20)
    at TypeScriptParserMixin.parseExpressionBase (/Users/roshanajith/Documents/Products/DarpanAI/mobile/node_modules/@babel/parser/lib/index.js:10784:23)
    at /Users/roshanajith/Documents/Products/DarpanAI/mobile/node_modules/@babel/parser/lib/index.js:10780:39
    at TypeScriptParserMixin.allowInAnd (/Users/roshanajith/Documents/Products/DarpanAI/mobile/node_modules/@babel/parser/lib/index.js:12421:16)
    at TypeScriptParserMixin.parseExpression (/Users/roshanajith/Documents/Products/DarpanAI/mobile/node_modules/@babel/parser/lib/index.js:10780:17)
    at TypeScriptParserMixin.parseStatementContent (/Users/roshanajith/Documents/Products/DarpanAI/mobile/node_modules/@babel/parser/lib/index.js:12895:23)
    at TypeScriptParserMixin.parseStatementContent (/Users/roshanajith/Documents/Products/DarpanAI/mobile/node_modules/@babel/parser/lib/index.js:9508:18)
    at TypeScriptParserMixin.parseStatementLike (/Users/roshanajith/Documents/Products/DarpanAI/mobile/node_modules/@babel/parser/lib/index.js:12767:17)
    at TypeScriptParserMixin.parseStatementListItem (/Users/roshanajith/Documents/Products/DarpanAI/mobile/node_modules/@babel/parser/lib/index.js:12747:17)
    at TypeScriptParserMixin.parseBlockOrModuleBlockBody (/Users/roshanajith/Documents/Products/DarpanAI/mobile/node_modules/@babel/parser/lib/index.js:13316:61)
    at TypeScriptParserMixin.parseBlockBody (/Users/roshanajith/Documents/Products/DarpanAI/mobile/node_modules/@babel/parser/lib/index.js:13309:10)
    at TypeScriptParserMixin.parseBlock (/Users/roshanajith/Documents/Products/DarpanAI/mobile/node_modules/@babel/parser/lib/index.js:13297:10)
    at TypeScriptParserMixin.parseFunctionBody (/Users/roshanajith/Documents/Products/DarpanAI/mobile/node_modules/@babel/parser/lib/index.js:12100:24)
    at TypeScriptParserMixin.parseArrowExpression (/Users/roshanajith/Documents/Products/DarpanAI/mobile/node_modules/@babel/parser/lib/index.js:12075:10)
    at TypeScriptParserMixin.parseParenAndDistinguishExpression (/Users/roshanajith/Documents/Products/DarpanAI/mobile/node_modules/@babel/parser/lib/index.js:11687:12)
    at TypeScriptParserMixin.parseExprAtom (/Users/roshanajith/Documents/Products/DarpanAI/mobile/node_modules/@babel/parser/lib/index.js:11331:23)
    at TypeScriptParserMixin.parseExprSubscripts (/Users/roshanajith/Documents/Products/DarpanAI/mobile/node_modules/@babel/parser/lib/index.js:11081:23)
    at TypeScriptParserMixin.parseUpdate (/Users/roshanajith/Documents/Products/DarpanAI/mobile/node_modules/@babel/parser/lib/index.js:11066:21)
    at TypeScriptParserMixin.parseMaybeUnary (/Users/roshanajith/Documents/Products/DarpanAI/mobile/node_modules/@babel/parser/lib/index.js:11046:23)
    at TypeScriptParserMixin.parseMaybeUnary (/Users/roshanajith/Documents/Products/DarpanAI/mobile/node_modules/@babel/parser/lib/index.js:9837:18)
    at TypeScriptParserMixin.parseMaybeUnaryOrPrivate (/Users/roshanajith/Documents/Products/DarpanAI/mobile/node_modules/@babel/parser/lib/index.js:10899:61)
    at TypeScriptParserMixin.parseExprOps (/Users/roshanajith/Documents/Products/DarpanAI/mobile/node_modules/@babel/parser/lib/index.js:10904:23)
    at TypeScriptParserMixin.parseMaybeConditional (/Users/roshanajith/Documents/Products/DarpanAI/mobile/node_modules/@babel/parser/lib/index.js:10881:23)
    at TypeScriptParserMixin.parseMaybeAssign (/Users/roshanajith/Documents/Products/DarpanAI/mobile/node_modules/@babel/parser/lib/index.js:10831:21)
    at TypeScriptParserMixin.parseMaybeAssign (/Users/roshanajith/Documents/Products/DarpanAI/mobile/node_modules/@babel/parser/lib/index.js:9786:20)
    at /Users/roshanajith/Documents/Products/DarpanAI/mobile/node_modules/@babel/parser/lib/index.js:10800:39
    at TypeScriptParserMixin.allowInAnd (/Users/roshanajith/Documents/Products/DarpanAI/mobile/node_modules/@babel/parser/lib/index.js:12426:12)
    at TypeScriptParserMixin.parseMaybeAssignAllowIn (/Users/roshanajith/Documents/Products/DarpanAI/mobile/node_modules/@babel/parser/lib/index.js:10800:17)
    at TypeScriptParserMixin.parseMaybeAssignAllowInOrVoidPattern (/Users/roshanajith/Documents/Products/DarpanAI/mobile/node_modules/@babel/parser/lib/index.js:12493:17)
    at TypeScriptParserMixin.parseExprListItem (/Users/roshanajith/Documents/Products/DarpanAI/mobile/node_modules/@babel/parser/lib/index.js:12175:18)
    at TypeScriptParserMixin.parseCallExpressionArguments (/Users/roshanajith/Documents/Products/DarpanAI/mobile/node_modules/@babel/parser/lib/index.js:11252:22)
    at TypeScriptParserMixin.parseCoverCallAndAsyncArrowHead (/Users/roshanajith/Documents/Products/DarpanAI/mobile/node_modules/@babel/parser/lib/index.js:11186:29)
    at TypeScriptParserMixin.parseSubscript (/Users/roshanajith/Documents/Products/DarpanAI/mobile/node_modules/@babel/parser/lib/index.js:11120:19)
    at TypeScriptParserMixin.parseSubscript (/Users/roshanajith/Documents/Products/DarpanAI/mobile/node_modules/@babel/parser/lib/index.js:9272:18)
    at TypeScriptParserMixin.parseSubscripts (/Users/roshanajith/Documents/Products/DarpanAI/mobile/node_modules/@babel/parser/lib/index.js:11094:19)
    at TypeScriptParserMixin.parseExprSubscripts (/Users/roshanajith/Documents/Products/DarpanAI/mobile/node_modules/@babel/parser/lib/index.js:11085:17)
    at TypeScriptParserMixin.parseUpdate (/Users/roshanajith/Documents/Products/DarpanAI/mobile/node_modules/@babel/parser/lib/index.js:11066:21)
    at TypeScriptParserMixin.parseMaybeUnary (/Users/roshanajith/Documents/Products/DarpanAI/mobile/node_modules/@babel/parser/lib/index.js:11046:23)
